#VRML V2.0 utf8
# 3D model generated by easyeda2kicad.py (https://github.com/uPesy/easyeda2kicad.py)

Shape{
    appearance Appearance {
        material  Material 	{
            diffuseColor 0.7529411764705882 0.7529411764705882 0.7529411764705882
            specularColor 0.3764705882352941 0.3764705882352941 0.3764705882352941
            ambientIntensity 0.7529
            transparency 0.0
            shininess 0.5
        }
    }
    geometry IndexedFaceSet {
        ccw TRUE
        solid FALSE
        coord DEF co Coordinate {
            point [
                1.378 0.4724 0.2835, 1.378 0.4921 0.2835, 1.378 0.4724 0.0197, 1.378 0.4921 0.0197, 1.4764 0.4921 0.0197, 1.4764 0.4921 0.1772, 1.6142 0.4921 0.1772, 1.6142 0.4921 0.2835, 1.6142 0.4724 0.1772, 1.6142 0.4724 0.2835, 1.4764 0.4724 0.1772, 1.4764 0.4724 0.0197, 1.378 -0.4921 0.2835, 1.378 -0.4724 0.2835, 1.378 -0.4921 0.0197, 1.378 -0.4724 0.0197, 1.6142 -0.4921 0.1772, 1.6142 -0.4921 0.2835, 1.4764 -0.4921 0.1772, 1.4764 -0.4921 0.0197, 1.4764 -0.4724 0.0197, 1.4764 -0.4724 0.1772, 1.6142 -0.4724 0.1772, 1.6142 -0.4724 0.2835, 1.6339 -0.4724 0.2835, 1.6339 -0.4724 0.1772, 1.6339 -0.1772 0.1772, 1.6339 -0.1174 0.2193, 1.6339 -0.1181 0.2244, 1.6339 -0.1181 0.2835, 1.6339 -0.0984 0.2047, 1.6339 -0.1035 0.2054, 1.6339 -0.1378 0.0472, 1.6339 0.4724 0.1772, 1.6339 0.4724 0.2835, 1.6339 0.1772 0.1772, 1.6339 0.1181 0.2835, 1.6339 0.1181 0.2244, 1.6339 -0.1772 0.0866, 1.6339 0.1174 0.2193, 1.6339 0.1155 0.2146, 1.6339 0.1772 0.0866, 1.6339 -0.0814 0.2146, 1.6339 -0.0845 0.2105, 1.6339 0.0794 0.2193, 1.6339 -0.0886 0.2074, 1.6339 0.0814 0.2146, 1.6339 0.1378 0.0472, 1.6339 -0.0933 0.2054, 1.6339 0.0787 0.2244, 1.6339 -0.0787 0.2244, 1.6339 -0.0794 0.2193, 1.6339 -0.1083 0.2074, 1.6339 -0.1123 0.2105, 1.6339 -0.1155 0.2146, 1.6339 0.0984 0.2047, 1.6339 0.0933 0.2054, 1.6339 0.0886 0.2074, 1.6339 0.0845 0.2105, 1.6339 0.1123 0.2105, 1.6339 0.1083 0.2074, 1.6339 0.1035 0.2054, 1.6142 0.1772 0.1772, 1.6142 0.1174 0.2193, 1.6142 0.1181 0.2244, 1.6142 0.1181 0.2835, 1.6142 -0.1772 0.1772, 1.6142 -0.1181 0.2835, 1.6142 -0.1181 0.2244, 1.6142 -0.1035 0.2054, 1.6142 -0.1378 0.0472, 1.6142 -0.1083 0.2074, 1.6142 -0.1772 0.0866, 1.6142 -0.0886 0.2074, 1.6142 0.1378 0.0472, 1.6142 -0.0933 0.2054, 1.6142 -0.0984 0.2047, 1.6142 0.0794 0.2193, 1.6142 -0.0845 0.2105, 1.6142 0.1772 0.0866, 1.6142 0.1123 0.2105, 1.6142 0.1155 0.2146, 1.6142 -0.1174 0.2193, 1.6142 -0.1155 0.2146, 1.6142 -0.1123 0.2105, 1.6142 -0.0787 0.2244, 1.6142 0.0787 0.2244, 1.6142 -0.0794 0.2193, 1.6142 -0.0814 0.2146, 1.6142 0.0814 0.2146, 1.6142 0.0845 0.2105, 1.6142 0.0886 0.2074, 1.6142 0.0933 0.2054, 1.6142 0.0984 0.2047, 1.6142 0.1035 0.2054, 1.6142 0.1083 0.2074, 1.6193 -0.4915 0.2835, 1.624 -0.4895 0.2835, 1.6281 -0.4864 0.2835, 1.6312 -0.4823 0.2835, 1.6332 -0.4775 0.2835, 1.6193 -0.4915 0.1772, 1.624 -0.4895 0.1772, 1.6281 -0.4864 0.1772, 1.6312 -0.4823 0.1772, 1.6332 -0.4775 0.1772, 1.6193 0.4915 0.1772, 1.624 0.4895 0.1772, 1.6281 0.4864 0.1772, 1.6312 0.4823 0.1772, 1.6332 0.4775 0.1772, 1.6193 0.4915 0.2835, 1.624 0.4895 0.2835, 1.6281 0.4864 0.2835, 1.6312 0.4823 0.2835, 1.6332 0.4775 0.2835, 1.378 -0.4724 0.0, 1.378 -0.4775 0.0007, 1.378 -0.4823 0.0026, 1.378 -0.4864 0.0058, 1.378 -0.4895 0.0098, 1.378 -0.4915 0.0146, 1.4764 -0.4724 0.0, 1.4764 -0.4775 0.0007, 1.4764 -0.4823 0.0026, 1.4764 -0.4864 0.0058, 1.4764 -0.4895 0.0098, 1.4764 -0.4915 0.0146, 1.378 -0.3543 0.0, 1.378 -0.3543 0.0197, 1.4764 -0.3543 0.0, 1.4764 -0.3543 0.0197, 1.4764 0.4724 0.0, 1.4764 0.4775 0.0007, 1.4764 0.4823 0.0026, 1.4764 0.4864 0.0058, 1.4764 0.4895 0.0098, 1.4764 0.4915 0.0146, 1.378 0.4724 0.0, 1.378 0.4775 0.0007, 1.378 0.4823 0.0026, 1.378 0.4864 0.0058, 1.378 0.4895 0.0098, 1.378 0.4915 0.0146, 1.378 0.3543 0.0, 1.378 0.3543 0.0197, 1.4764 0.3543 0.0, 1.4764 0.3543 0.0197, -1.378 0.4921 0.2835, -1.378 0.4724 0.2835, -1.378 0.4921 0.0197, -1.378 0.4724 0.0197, -1.6142 0.4921 0.1772, -1.6142 0.4921 0.2835, -1.4764 0.4921 0.1772, -1.4764 0.4921 0.0197, -1.4764 0.4724 0.0197, -1.4764 0.4724 0.1772, -1.6142 0.4724 0.1772, -1.6142 0.4724 0.2835, -1.378 -0.4724 0.2835, -1.378 -0.4921 0.2835, -1.378 -0.4724 0.0197, -1.378 -0.4921 0.0197, -1.4764 -0.4921 0.0197, -1.4764 -0.4921 0.1772, -1.6142 -0.4921 0.1772, -1.6142 -0.4921 0.2835, -1.6142 -0.4724 0.1772, -1.6142 -0.4724 0.2835, -1.4764 -0.4724 0.1772, -1.4764 -0.4724 0.0197, -1.6339 0.4724 0.2835, -1.6339 0.4724 0.1772, -1.6339 0.1772 0.1772, -1.6339 0.1174 0.2193, -1.6339 0.1181 0.2244, -1.6339 0.1181 0.2835, -1.6339 -0.4724 0.1772, -1.6339 -0.4724 0.2835, -1.6339 -0.1772 0.1772, -1.6339 -0.1181 0.2835, -1.6339 -0.1181 0.2244, -1.6339 -0.1174 0.2193, -1.6339 -0.1155 0.2146, -1.6339 -0.1772 0.0866, -1.6339 -0.0787 0.2244, -1.6339 0.0787 0.2244, -1.6339 -0.0794 0.2193, -1.6339 0.0794 0.2193, -1.6339 -0.0845 0.2105, -1.6339 -0.0814 0.2146, -1.6339 0.0845 0.2105, -1.6339 0.0814 0.2146, -1.6339 0.1772 0.0866, -1.6339 0.1123 0.2105, -1.6339 0.1155 0.2146, -1.6339 0.0933 0.2054, -1.6339 0.0984 0.2047, -1.6339 0.1378 0.0472, -1.6339 0.1035 0.2054, -1.6339 0.1083 0.2074, -1.6339 -0.1123 0.2105, -1.6339 -0.1083 0.2074, -1.6339 -0.1378 0.0472, -1.6339 -0.1035 0.2054, -1.6339 -0.0984 0.2047, -1.6339 -0.0933 0.2054, -1.6339 -0.0886 0.2074, -1.6339 0.0886 0.2074, -1.6142 -0.1772 0.1772, -1.6142 -0.1174 0.2193, -1.6142 -0.1181 0.2244, -1.6142 -0.1181 0.2835, -1.6142 0.1772 0.1772, -1.6142 0.1181 0.2835, -1.6142 0.1181 0.2244, -1.6142 -0.1772 0.0866, -1.6142 -0.1123 0.2105, -1.6142 -0.1155 0.2146, -1.6142 0.1174 0.2193, -1.6142 0.1155 0.2146, -1.6142 0.1772 0.0866, -1.6142 0.0787 0.2244, -1.6142 -0.0787 0.2244, -1.6142 0.0794 0.2193, -1.6142 -0.0794 0.2193, -1.6142 0.0814 0.2146, -1.6142 0.0845 0.2105, -1.6142 0.1035 0.2054, -1.6142 0.1378 0.0472, -1.6142 0.1083 0.2074, -1.6142 0.1123 0.2105, -1.6142 0.0984 0.2047, -1.6142 0.0933 0.2054, -1.6142 -0.1378 0.0472, -1.6142 0.0886 0.2074, -1.6142 -0.0933 0.2054, -1.6142 -0.0984 0.2047, -1.6142 -0.1035 0.2054, -1.6142 -0.1083 0.2074, -1.6142 -0.0814 0.2146, -1.6142 -0.0845 0.2105, -1.6142 -0.0886 0.2074, -1.6332 -0.4775 0.2835, -1.6312 -0.4823 0.2835, -1.6281 -0.4864 0.2835, -1.624 -0.4895 0.2835, -1.6193 -0.4915 0.2835, -1.6332 -0.4775 0.1772, -1.6312 -0.4823 0.1772, -1.6281 -0.4864 0.1772, -1.624 -0.4895 0.1772, -1.6193 -0.4915 0.1772, -1.6332 0.4775 0.1772, -1.6312 0.4823 0.1772, -1.6281 0.4864 0.1772, -1.624 0.4895 0.1772, -1.6193 0.4915 0.1772, -1.6332 0.4775 0.2835, -1.6312 0.4823 0.2835, -1.6281 0.4864 0.2835, -1.624 0.4895 0.2835, -1.6193 0.4915 0.2835, -1.378 -0.4915 0.0146, -1.378 -0.4895 0.0098, -1.378 -0.4864 0.0058, -1.378 -0.4823 0.0026, -1.378 -0.4775 0.0007, -1.378 -0.4724 0.0, -1.4764 -0.4915 0.0146, -1.4764 -0.4895 0.0098, -1.4764 -0.4864 0.0058, -1.4764 -0.4823 0.0026, -1.4764 -0.4775 0.0007, -1.4764 -0.4724 0.0, -1.378 -0.3543 0.0, -1.378 -0.3543 0.0197, -1.4764 -0.3543 0.0, -1.4764 -0.3543 0.0197, -1.4764 0.4915 0.0146, -1.4764 0.4895 0.0098, -1.4764 0.4864 0.0058, -1.4764 0.4823 0.0026, -1.4764 0.4775 0.0007, -1.4764 0.4724 0.0, -1.378 0.4915 0.0146, -1.378 0.4895 0.0098, -1.378 0.4864 0.0058, -1.378 0.4823 0.0026, -1.378 0.4775 0.0007, -1.378 0.4724 0.0, -1.378 0.3543 0.0, -1.378 0.3543 0.0197, -1.4764 0.3543 0.0, -1.4764 0.3543 0.0197
            ]
        }
        coordIndex [
            0,1,2,-1,2,1,3,-1,4,3,5,-1,5,3,1,-1,5,1,6,-1,6,1,7,-1,8,9,10,-1,10,9,0,-1,10,0,11,-1,11,0,2,-1,5,10,4,-1,4,10,11,-1,12,13,14,-1,14,13,15,-1,16,17,18,-1,18,17,12,-1,18,12,19,-1,19,12,14,-1,20,15,21,-1,21,15,13,-1,21,13,22,-1,22,13,23,-1,6,8,5,-1,5,8,10,-1,24,25,26,-1,27,28,26,-1,26,28,29,-1,26,29,24,-1,30,31,32,-1,33,34,35,-1,35,34,36,-1,35,36,37,-1,32,31,38,-1,37,39,35,-1,35,39,40,-1,35,40,41,-1,42,43,44,-1,44,43,45,-1,44,45,46,-1,47,45,32,-1,32,45,48,-1,32,48,30,-1,49,50,44,-1,44,50,51,-1,44,51,42,-1,31,52,38,-1,38,52,53,-1,38,53,26,-1,26,53,54,-1,26,54,27,-1,55,56,47,-1,47,56,57,-1,47,57,45,-1,45,57,58,-1,45,58,46,-1,40,59,41,-1,41,59,60,-1,41,60,47,-1,47,60,61,-1,47,61,55,-1,9,8,62,-1,63,64,62,-1,62,64,65,-1,62,65,9,-1,22,23,66,-1,66,23,67,-1,66,67,68,-1,69,70,71,-1,71,70,72,-1,73,74,75,-1,75,74,70,-1,75,70,76,-1,76,70,69,-1,77,73,78,-1,79,80,62,-1,62,80,81,-1,62,81,63,-1,68,82,66,-1,66,82,83,-1,66,83,72,-1,72,83,84,-1,72,84,71,-1,85,86,87,-1,87,86,77,-1,87,77,88,-1,88,77,78,-1,77,89,73,-1,73,89,90,-1,73,90,74,-1,74,90,91,-1,74,91,92,-1,92,93,74,-1,74,93,94,-1,74,94,79,-1,79,94,95,-1,79,95,80,-1,35,62,33,-1,33,62,8,-1,65,36,9,-1,9,36,34,-1,29,67,24,-1,24,67,23,-1,66,26,22,-1,22,26,25,-1,47,32,74,-1,74,32,70,-1,79,62,41,-1,41,62,35,-1,37,36,64,-1,64,36,65,-1,50,49,85,-1,85,49,86,-1,29,28,67,-1,67,28,68,-1,38,26,72,-1,72,26,66,-1,86,49,77,-1,77,49,44,-1,77,44,89,-1,89,44,46,-1,89,46,90,-1,90,46,58,-1,90,58,91,-1,91,58,57,-1,91,57,92,-1,92,57,56,-1,92,56,93,-1,93,56,55,-1,93,55,94,-1,94,55,61,-1,94,61,95,-1,95,61,60,-1,95,60,80,-1,80,60,59,-1,80,59,81,-1,81,59,40,-1,81,40,63,-1,63,40,39,-1,63,39,64,-1,64,39,37,-1,68,28,82,-1,82,28,27,-1,82,27,83,-1,83,27,54,-1,83,54,84,-1,84,54,53,-1,84,53,71,-1,71,53,52,-1,71,52,69,-1,69,52,31,-1,69,31,76,-1,76,31,30,-1,76,30,75,-1,75,30,48,-1,75,48,73,-1,73,48,45,-1,73,45,78,-1,78,45,43,-1,78,43,88,-1,88,43,42,-1,88,42,87,-1,87,42,51,-1,87,51,85,-1,85,51,50,-1,74,79,47,-1,47,79,41,-1,72,70,38,-1,38,70,32,-1,17,96,23,-1,23,96,97,-1,23,97,98,-1,98,99,23,-1,23,99,100,-1,23,100,24,-1,17,16,101,-1,17,101,96,-1,96,101,102,-1,96,102,97,-1,97,102,103,-1,97,103,98,-1,98,103,104,-1,98,104,99,-1,99,104,105,-1,99,105,100,-1,100,105,25,-1,100,25,24,-1,25,105,22,-1,22,105,104,-1,22,104,103,-1,103,102,22,-1,22,102,101,-1,22,101,16,-1,12,17,13,-1,13,17,23,-1,21,22,18,-1,18,22,16,-1,6,106,8,-1,8,106,107,-1,8,107,108,-1,108,109,8,-1,8,109,110,-1,8,110,33,-1,6,7,111,-1,6,111,106,-1,106,111,112,-1,106,112,107,-1,107,112,113,-1,107,113,108,-1,108,113,114,-1,108,114,109,-1,109,114,115,-1,109,115,110,-1,110,115,34,-1,110,34,33,-1,34,115,9,-1,9,115,114,-1,9,114,113,-1,113,112,9,-1,9,112,111,-1,9,111,7,-1,7,1,9,-1,9,1,0,-1,21,18,20,-1,20,18,19,-1,116,117,15,-1,15,117,118,-1,15,118,119,-1,119,120,15,-1,15,120,121,-1,15,121,14,-1,116,122,123,-1,116,123,117,-1,117,123,124,-1,117,124,118,-1,118,124,125,-1,118,125,119,-1,119,125,126,-1,119,126,120,-1,120,126,127,-1,120,127,121,-1,121,127,19,-1,121,19,14,-1,19,127,20,-1,20,127,126,-1,20,126,125,-1,125,124,20,-1,20,124,123,-1,20,123,122,-1,128,116,129,-1,129,116,15,-1,130,128,131,-1,131,128,129,-1,122,130,20,-1,20,130,131,-1,130,122,128,-1,128,122,116,-1,20,131,15,-1,15,131,129,-1,132,133,11,-1,11,133,134,-1,11,134,135,-1,135,136,11,-1,11,136,137,-1,11,137,4,-1,132,138,139,-1,132,139,133,-1,133,139,140,-1,133,140,134,-1,134,140,141,-1,134,141,135,-1,135,141,142,-1,135,142,136,-1,136,142,143,-1,136,143,137,-1,137,143,3,-1,137,3,4,-1,3,143,2,-1,2,143,142,-1,2,142,141,-1,141,140,2,-1,2,140,139,-1,2,139,138,-1,138,144,2,-1,2,144,145,-1,146,132,147,-1,147,132,11,-1,144,146,145,-1,145,146,147,-1,132,146,138,-1,138,146,144,-1,147,11,145,-1,145,11,2,-1,148,149,150,-1,150,149,151,-1,152,153,154,-1,154,153,148,-1,154,148,155,-1,155,148,150,-1,156,151,157,-1,157,151,149,-1,157,149,158,-1,158,149,159,-1,157,154,156,-1,156,154,155,-1,160,161,162,-1,162,161,163,-1,164,163,165,-1,165,163,161,-1,165,161,166,-1,166,161,167,-1,168,169,170,-1,170,169,160,-1,170,160,171,-1,171,160,162,-1,158,152,157,-1,157,152,154,-1,172,173,174,-1,175,176,174,-1,174,176,177,-1,174,177,172,-1,178,179,180,-1,180,179,181,-1,180,181,182,-1,182,183,180,-1,180,183,184,-1,180,184,185,-1,186,187,188,-1,188,187,189,-1,190,191,192,-1,192,191,188,-1,192,188,193,-1,193,188,189,-1,194,195,174,-1,174,195,196,-1,174,196,175,-1,197,198,199,-1,199,198,200,-1,199,200,194,-1,194,200,201,-1,194,201,195,-1,184,202,185,-1,185,202,203,-1,185,203,204,-1,204,203,205,-1,205,206,204,-1,204,206,207,-1,204,207,208,-1,197,199,209,-1,209,199,204,-1,209,204,192,-1,192,204,208,-1,192,208,190,-1,169,168,210,-1,211,212,210,-1,210,212,213,-1,210,213,169,-1,158,159,214,-1,214,159,215,-1,214,215,216,-1,217,218,210,-1,210,218,219,-1,210,219,211,-1,216,220,214,-1,214,220,221,-1,214,221,222,-1,223,224,225,-1,225,224,226,-1,225,226,227,-1,227,226,228,-1,229,230,231,-1,231,230,222,-1,231,222,232,-1,232,222,221,-1,229,233,230,-1,230,233,234,-1,230,234,235,-1,235,234,236,-1,235,236,228,-1,237,238,235,-1,235,238,239,-1,235,239,217,-1,217,239,240,-1,217,240,218,-1,226,241,228,-1,228,241,242,-1,228,242,235,-1,235,242,243,-1,235,243,237,-1,214,174,158,-1,158,174,173,-1,177,215,172,-1,172,215,159,-1,213,181,169,-1,169,181,179,-1,180,210,178,-1,178,210,168,-1,204,199,235,-1,235,199,230,-1,214,222,174,-1,174,222,194,-1,177,176,215,-1,215,176,216,-1,187,186,223,-1,223,186,224,-1,182,181,212,-1,212,181,213,-1,180,185,210,-1,210,185,217,-1,216,176,220,-1,220,176,175,-1,220,175,221,-1,221,175,196,-1,221,196,232,-1,232,196,195,-1,232,195,231,-1,231,195,201,-1,231,201,229,-1,229,201,200,-1,229,200,233,-1,233,200,198,-1,233,198,234,-1,234,198,197,-1,234,197,236,-1,236,197,209,-1,236,209,228,-1,228,209,192,-1,228,192,227,-1,227,192,193,-1,227,193,225,-1,225,193,189,-1,225,189,223,-1,223,189,187,-1,224,186,226,-1,226,186,188,-1,226,188,241,-1,241,188,191,-1,241,191,242,-1,242,191,190,-1,242,190,243,-1,243,190,208,-1,243,208,237,-1,237,208,207,-1,237,207,238,-1,238,207,206,-1,238,206,239,-1,239,206,205,-1,239,205,240,-1,240,205,203,-1,240,203,218,-1,218,203,202,-1,218,202,219,-1,219,202,184,-1,219,184,211,-1,211,184,183,-1,211,183,212,-1,212,183,182,-1,222,230,194,-1,194,230,199,-1,235,217,204,-1,204,217,185,-1,179,244,169,-1,169,244,245,-1,169,245,246,-1,246,247,169,-1,169,247,248,-1,169,248,167,-1,179,178,249,-1,179,249,244,-1,244,249,250,-1,244,250,245,-1,245,250,251,-1,245,251,246,-1,246,251,252,-1,246,252,247,-1,247,252,253,-1,247,253,248,-1,248,253,166,-1,248,166,167,-1,166,253,168,-1,168,253,252,-1,168,252,251,-1,251,250,168,-1,168,250,249,-1,168,249,178,-1,167,161,169,-1,169,161,160,-1,168,170,166,-1,166,170,165,-1,173,254,158,-1,158,254,255,-1,158,255,256,-1,256,257,158,-1,158,257,258,-1,158,258,152,-1,173,172,259,-1,173,259,254,-1,254,259,260,-1,254,260,255,-1,255,260,261,-1,255,261,256,-1,256,261,262,-1,256,262,257,-1,257,262,263,-1,257,263,258,-1,258,263,153,-1,258,153,152,-1,153,263,159,-1,159,263,262,-1,159,262,261,-1,261,260,159,-1,159,260,259,-1,159,259,172,-1,148,153,149,-1,149,153,159,-1,165,170,164,-1,164,170,171,-1,163,264,162,-1,162,264,265,-1,162,265,266,-1,266,267,162,-1,162,267,268,-1,162,268,269,-1,163,164,270,-1,163,270,264,-1,264,270,271,-1,264,271,265,-1,265,271,272,-1,265,272,266,-1,266,272,273,-1,266,273,267,-1,267,273,274,-1,267,274,268,-1,268,274,275,-1,268,275,269,-1,275,274,171,-1,171,274,273,-1,171,273,272,-1,272,271,171,-1,171,271,270,-1,171,270,164,-1,269,276,162,-1,162,276,277,-1,276,278,277,-1,277,278,279,-1,278,275,279,-1,279,275,171,-1,275,278,269,-1,269,278,276,-1,279,171,277,-1,277,171,162,-1,155,280,156,-1,156,280,281,-1,156,281,282,-1,282,283,156,-1,156,283,284,-1,156,284,285,-1,155,150,286,-1,155,286,280,-1,280,286,287,-1,280,287,281,-1,281,287,288,-1,281,288,282,-1,282,288,289,-1,282,289,283,-1,283,289,290,-1,283,290,284,-1,284,290,291,-1,284,291,285,-1,291,290,151,-1,151,290,289,-1,151,289,288,-1,288,287,151,-1,151,287,286,-1,151,286,150,-1,292,291,293,-1,293,291,151,-1,285,294,156,-1,156,294,295,-1,294,292,295,-1,295,292,293,-1,294,285,292,-1,292,285,291,-1,156,295,151,-1,151,295,293,-1,
        ]
    }
}
Shape{
    appearance Appearance {
        material  Material 	{
            diffuseColor 0.25098039215686274 0.25098039215686274 0.25098039215686274
            specularColor 0.12549019607843137 0.12549019607843137 0.12549019607843137
            ambientIntensity 0.251
            transparency 0.0
            shininess 0.5
        }
    }
    geometry IndexedFaceSet {
        ccw TRUE
        solid FALSE
        coord DEF co Coordinate {
            point [
                -0.9638 -0.4724 0.0799, -0.9638 -0.4724 0.0946, -0.9755 -0.4724 0.0946, 0.2219 -0.4724 0.1426, 0.2219 -0.4724 0.1911, -0.9291 -0.4724 0.1911, 1.3386 -0.4724 0.2382, 1.3386 -0.4724 0.2756, 0.2219 -0.4724 0.2756, 1.3386 -0.4724 0.0276, 1.3386 -0.4724 0.0799, 0.2219 -0.4724 0.0799, -1.0269 -0.4724 0.0947, -1.0279 -0.4724 0.0946, -1.0189 -0.4724 0.0946, -1.0347 -0.4724 0.0947, -1.0358 -0.4724 0.0951, -1.0358 -0.4724 0.0946, -0.9873 -0.4724 0.132, -0.9755 -0.4724 0.132, -0.9755 -0.4724 0.1426, -1.1724 -0.4724 0.195, -1.1667 -0.4724 0.1911, -1.1051 -0.4724 0.1911, -1.1606 -0.4724 0.187, -1.1519 -0.4724 0.177, -1.1224 -0.4724 0.1426, -1.1051 -0.4724 0.1426, -1.1247 -0.4724 0.1484, -1.1301 -0.4724 0.1559, -1.1373 -0.4724 0.1619, -1.1464 -0.4724 0.1662, -1.1451 -0.4724 0.1658, -1.2216 -0.4724 0.1945, -1.2095 -0.4724 0.1991, -1.3386 -0.4724 0.2382, -1.1965 -0.4724 0.2008, -1.1051 -0.4724 0.2382, -1.1856 -0.4724 0.1996, -1.227 -0.4724 0.1911, -1.3386 -0.4724 0.1911, -1.2281 -0.4724 0.1905, -1.2824 -0.4724 0.1586, -1.276 -0.4724 0.1668, -1.2561 -0.4724 0.1781, -1.2457 -0.4724 0.1794, -1.2343 -0.4724 0.1852, -1.2427 -0.4724 0.1792, -1.2397 -0.4724 0.1789, -1.2743 -0.4724 0.1684, -1.2659 -0.4724 0.1743, -1.2692 -0.4724 0.101, -1.2774 -0.4724 0.108, -1.3386 -0.4724 0.0946, -1.2596 -0.4724 0.0963, -1.2834 -0.4724 0.1165, -1.2872 -0.4724 0.1264, -1.3386 -0.4724 0.1426, -1.2884 -0.4724 0.1367, -1.2884 -0.4724 0.1392, -1.2878 -0.4724 0.1426, -1.2866 -0.4724 0.1491, -1.2563 -0.4724 0.0953, -1.2559 -0.4724 0.0946, -1.2536 -0.4724 0.0896, -1.3386 -0.4724 0.0799, -1.2497 -0.4724 0.0848, -1.2445 -0.4724 0.0809, -1.1051 -0.4724 0.0276, -1.2248 -0.4724 0.0782, -1.2312 -0.4724 0.0774, -1.3386 -0.4724 0.0276, -1.2322 -0.4724 0.0774, -1.2385 -0.4724 0.0784, -1.2421 -0.4724 0.0799, -1.2066 -0.4724 0.0946, -1.2066 -0.4724 0.0944, -1.1051 -0.4724 0.0799, -1.2097 -0.4724 0.0886, -1.2137 -0.4724 0.0841, -1.219 -0.4724 0.0805, -1.2203 -0.4724 0.0799, -1.1729 -0.4724 0.1102, -1.1711 -0.4724 0.1109, -1.168 -0.4724 0.1259, -1.2115 -0.4724 0.1214, -1.1762 -0.4724 0.1399, -1.2161 -0.4724 0.1256, -1.2217 -0.4724 0.1286, -1.1745 -0.4724 0.109, -1.1248 -0.4724 0.114, -1.13 -0.4724 0.1067, -1.1051 -0.4724 0.0946, -1.1368 -0.4724 0.1337, -1.138 -0.4724 0.1388, -1.14 -0.4724 0.1426, -1.2712 -0.4724 0.1426, -1.1215 -0.4724 0.1403, -1.1203 -0.4724 0.1317, -1.1215 -0.4724 0.1223, -1.169 -0.4724 0.1111, -1.1688 -0.4724 0.1111, -1.168 -0.4724 0.1109, -1.2696 -0.4724 0.1267, -1.2665 -0.4724 0.1214, -1.2531 -0.4724 0.1186, -1.2618 -0.4724 0.1165, -1.256 -0.4724 0.113, -1.2434 -0.4724 0.1274, -1.2488 -0.4724 0.1236, -1.2718 -0.4724 0.1372, -1.2715 -0.4724 0.1331, -1.2376 -0.4724 0.1296, -1.2312 -0.4724 0.1304, -1.2281 -0.4724 0.1302, -1.1372 -0.4724 0.1006, -1.1452 -0.4724 0.0967, -1.154 -0.4724 0.0948, -1.1772 -0.4724 0.103, -1.1771 -0.4724 0.104, -1.2049 -0.4724 0.1064, -1.1766 -0.4724 0.106, -1.1756 -0.4724 0.1078, -1.1696 -0.4724 0.0948, -1.1711 -0.4724 0.095, -1.1728 -0.4724 0.0957, -1.1745 -0.4724 0.0969, -1.1751 -0.4724 0.0976, -1.1763 -0.4724 0.0992, -1.177 -0.4724 0.101, -1.205 -0.4724 0.1009, -1.2049 -0.4724 0.1038, -1.1416 -0.4724 0.1179, -1.1388 -0.4724 0.1221, -1.1371 -0.4724 0.1269, -1.1366 -0.4724 0.1314, -1.1675 -0.4724 0.1109, -1.1556 -0.4724 0.1109, -1.1526 -0.4724 0.1113, -1.1477 -0.4724 0.1131, -1.1436 -0.4724 0.1159, -1.165 -0.4724 0.1679, -1.171 -0.4724 0.175, -1.2315 -0.4724 0.1596, -1.1716 -0.4724 0.1755, -1.179 -0.4724 0.1807, -1.2275 -0.4724 0.168, -1.2333 -0.4724 0.1606, -1.2392 -0.4724 0.1628, -1.1527 -0.4724 0.1515, -1.1572 -0.4724 0.152, -1.1593 -0.4724 0.152, -1.1609 -0.4724 0.1594, -1.1404 -0.4724 0.1433, -1.1439 -0.4724 0.1471, -1.148 -0.4724 0.1498, -1.2548 -0.4724 0.1619, -1.2607 -0.4724 0.1587, -1.2483 -0.4724 0.1634, -1.2651 -0.4724 0.1548, -1.2688 -0.4724 0.1495, -1.2216 -0.4724 0.175, -1.1872 -0.4724 0.1838, -1.2145 -0.4724 0.1802, -1.1962 -0.4724 0.1849, -1.2059 -0.4724 0.1837, -1.2455 -0.4724 0.1636, -1.271 -0.4724 0.1436, -0.9673 -0.4724 0.0992, -0.9673 -0.4724 0.0949, -0.9638 -0.4724 0.1426, -0.9682 -0.4724 0.132, -0.9682 -0.4724 0.1277, -0.9692 -0.4724 0.1159, -0.9692 -0.4724 0.1116, -0.9755 -0.4724 0.0992, -0.9755 -0.4724 0.1116, -0.9825 -0.4724 0.1116, -0.9825 -0.4724 0.0992, -0.9755 -0.4724 0.1277, -0.9755 -0.4724 0.1159, -0.9825 -0.4724 0.1277, -0.9825 -0.4724 0.1159, -0.9755 -0.4724 0.0949, -0.9873 -0.4724 0.0949, -1.0056 -0.4724 0.1015, -1.005 -0.4724 0.0993, -1.0049 -0.4724 0.0993, -0.9923 -0.4724 0.1214, -1.0103 -0.4724 0.1426, -0.9971 -0.4724 0.1214, -1.0103 -0.4724 0.115, -1.0043 -0.4724 0.1015, -1.0047 -0.4724 0.1002, -1.038 -0.4724 0.1007, -1.0427 -0.4724 0.1426, -1.0427 -0.4724 0.0946, -1.038 -0.4724 0.0959, -1.0362 -0.4724 0.0995, -1.0358 -0.4724 0.0994, -1.0358 -0.4724 0.1093, -1.0366 -0.4724 0.1101, -1.0372 -0.4724 0.111, -1.0378 -0.4724 0.1125, -1.038 -0.4724 0.1143, -1.0378 -0.4724 0.1159, -1.0359 -0.4724 0.1093, -1.0358 -0.4724 0.0799, -1.0308 -0.4724 0.0943, -1.0339 -0.4724 0.0946, -1.0189 -0.4724 0.0799, -1.0214 -0.4724 0.1208, -1.0214 -0.4724 0.1163, -1.035 -0.4724 0.1199, -1.0336 -0.4724 0.1207, -1.0358 -0.4724 0.1426, -1.0203 -0.4724 0.1003, -1.0209 -0.4724 0.0988, -1.0218 -0.4724 0.0976, -1.0372 -0.4724 0.1174, -1.0364 -0.4724 0.1187, -1.0358 -0.4724 0.1191, -1.0311 -0.4724 0.1216, -1.0276 -0.4724 0.122, -1.0189 -0.4724 0.1426, -1.0251 -0.4724 0.1218, -1.0217 -0.4724 0.1065, -1.0208 -0.4724 0.1052, -1.0203 -0.4724 0.1039, -1.0201 -0.4724 0.1021, -1.0231 -0.4724 0.0964, -1.0244 -0.4724 0.0956, -1.0281 -0.4724 0.1182, -1.0295 -0.4724 0.1181, -1.0332 -0.4724 0.1147, -1.0307 -0.4724 0.1178, -1.0318 -0.4724 0.1173, -1.0331 -0.4724 0.1141, -1.0329 -0.4724 0.1133, -1.0326 -0.4724 0.1127, -1.0322 -0.4724 0.1122, -1.0305 -0.4724 0.1112, -1.0251 -0.4724 0.1179, -1.0276 -0.4724 0.1099, -1.0224 -0.4724 0.1169, -1.0258 -0.4724 0.1092, -1.0228 -0.4724 0.1075, -1.0325 -0.4724 0.1166, -1.0329 -0.4724 0.116, -1.0331 -0.4724 0.1154, -1.0333 -0.4724 0.0984, -1.0309 -0.4724 0.1066, -1.0337 -0.4724 0.1078, -1.0303 -0.4724 0.0981, -1.0301 -0.4724 0.0981, -1.0279 -0.4724 0.1053, -1.0278 -0.4724 0.0984, -1.0249 -0.4724 0.1017, -1.0249 -0.4724 0.1023, -1.0266 -0.4724 0.0988, -1.0261 -0.4724 0.0991, -1.0256 -0.4724 0.0995, -1.0252 -0.4724 0.1001, -1.025 -0.4724 0.1008, -1.0251 -0.4724 0.103, -1.0255 -0.4724 0.1036, -1.0261 -0.4724 0.1042, -0.9502 -0.4724 0.1639, -0.9638 -0.4724 0.1639, -0.9464 -0.4724 0.1537, -0.9412 -0.4724 0.1537, -0.9291 -0.4724 0.1426, -0.9553 -0.4724 0.1908, -0.9745 -0.4724 0.1537, -0.9692 -0.4724 0.1537, -0.9657 -0.4724 0.1639, -1.0103 -0.4724 0.1911, -1.0189 -0.4724 0.1911, -1.0146 -0.4724 0.1908, -1.0189 -0.4724 0.1908, -1.0189 -0.4724 0.1747, -1.0156 -0.4724 0.1747, -1.0146 -0.4724 0.1865, -1.0138 -0.4724 0.158, -1.0156 -0.4724 0.1704, -1.0189 -0.4724 0.158, -1.0189 -0.4724 0.1704, -1.0289 -0.4724 0.1704, -1.0289 -0.4724 0.158, -1.0189 -0.4724 0.1865, -1.0289 -0.4724 0.1865, -1.0289 -0.4724 0.1747, -1.0138 -0.4724 0.1537, -1.0189 -0.4724 0.1537, -1.0337 -0.4724 0.1537, -1.0337 -0.4724 0.1908, -1.0358 -0.4724 0.1911, -1.0427 -0.4724 0.1546, -1.0417 -0.4724 0.155, -1.0411 -0.4724 0.1553, -1.0411 -0.4724 0.1599, -1.0604 -0.4724 0.1825, -1.0621 -0.4724 0.1799, -1.0427 -0.4724 0.1592, -1.0633 -0.4724 0.1766, -1.0638 -0.4724 0.1719, -1.0638 -0.4724 0.1715, -1.0448 -0.4724 0.1582, -1.049 -0.4724 0.1574, -1.0454 -0.4724 0.1866, -1.0498 -0.4724 0.1871, -1.0515 -0.4724 0.187, -1.0547 -0.4724 0.1864, -1.0411 -0.4724 0.1849, -1.0416 -0.4724 0.1852, -1.0427 -0.4724 0.1856, -1.0576 -0.4724 0.185, -1.0599 -0.4724 0.183, -1.0633 -0.4724 0.167, -1.0621 -0.4724 0.1639, -1.0602 -0.4724 0.1613, -1.0568 -0.4724 0.1587, -1.0541 -0.4724 0.1578, -1.0507 -0.4724 0.1574, -1.0593 -0.4724 0.1604, -1.0461 -0.4724 0.1911, -1.0448 -0.4724 0.191, -1.0427 -0.4724 0.1911, -1.0427 -0.4724 0.1904, -1.0411 -0.4724 0.1899, -1.0427 -0.4724 0.2382, -1.0496 -0.4724 0.1914, -1.0528 -0.4724 0.1911, -1.0672 -0.4724 0.1911, -1.0547 -0.4724 0.1909, -1.0587 -0.4724 0.1895, -1.0661 -0.4724 0.1826, -1.0635 -0.4724 0.186, -1.0623 -0.4724 0.1871, -1.0672 -0.4724 0.0946, -1.0672 -0.4724 0.1426, -1.0694 -0.4724 0.1426, -1.0672 -0.4724 0.1631, -1.0694 -0.4724 0.1911, -1.0679 -0.4724 0.1785, -1.0672 -0.4724 0.1801, -1.0683 -0.4724 0.1664, -1.0689 -0.4724 0.1716, -1.0688 -0.4724 0.1736, -1.0575 -0.4724 0.154, -1.061 -0.4724 0.1556, -1.0641 -0.4724 0.1582, -1.0649 -0.4724 0.159, -1.067 -0.4724 0.1623, -1.0457 -0.4724 0.1537, -1.0514 -0.4724 0.1531, -1.0534 -0.4724 0.1532, -1.0637 -0.4724 0.1076, -1.063 -0.4724 0.115, -1.0646 -0.4724 0.1062, -1.0652 -0.4724 0.1046, -1.0512 -0.4724 0.0963, -1.0529 -0.4724 0.0953, -1.0489 -0.4724 0.0949, -1.0546 -0.4724 0.0946, -1.0648 -0.4724 0.0983, -1.0653 -0.4724 0.0999, -1.0617 -0.4724 0.0953, -1.0599 -0.4724 0.0946, -1.0598 -0.4724 0.0946, -1.0511 -0.4724 0.1218, -1.0491 -0.4724 0.1212, -1.0476 -0.4724 0.1203, -1.0463 -0.4724 0.1191, -1.0454 -0.4724 0.1176, -1.0622 -0.4724 0.1088, -1.0603 -0.4724 0.1098, -1.06 -0.4724 0.1169, -1.0568 -0.4724 0.1107, -1.0527 -0.4724 0.1181, -1.0543 -0.4724 0.1182, -1.0571 -0.4724 0.1179, -1.0633 -0.4724 0.0964, -1.0638 -0.4724 0.0969, -1.0489 -0.4724 0.099, -1.049 -0.4724 0.099, -1.0498 -0.4724 0.0979, -1.063 -0.4724 0.1195, -1.0618 -0.4724 0.1202, -1.0584 -0.4724 0.1215, -1.0538 -0.4724 0.122, -1.0655 -0.4724 0.102, -1.0655 -0.4724 0.1026, -1.0446 -0.4724 0.1155, -1.0443 -0.4724 0.112, -1.0443 -0.4724 0.0949, -1.0489 -0.4724 0.1118, -1.0491 -0.4724 0.1138, -1.0496 -0.4724 0.1155, -1.0501 -0.4724 0.1164, -1.0508 -0.4724 0.1172, -1.0516 -0.4724 0.1177, -1.0572 -0.4724 0.0943, -1.0672 -0.4724 0.0799, -1.0548 -0.4724 0.0946, -1.0427 -0.4724 0.0799, -1.0103 -0.4724 0.1025, -1.0177 -0.4724 0.1214, -1.0125 -0.4724 0.1214, -1.0075 -0.4724 0.0946, -1.0073 -0.4724 0.095, -1.0103 -0.4724 0.0885, -1.0102 -0.4724 0.0885, -1.0103 -0.4724 0.0946, -1.0093 -0.4724 0.0902, -1.0167 -0.4724 0.087, -1.0167 -0.4724 0.0828, -1.0158 -0.4724 0.0867, -1.0141 -0.4724 0.0864, -1.013 -0.4724 0.0866, -1.0103 -0.4724 0.0833, -1.0119 -0.4724 0.0827, -1.0103 -0.4724 0.0799, -1.0137 -0.4724 0.0825, -1.0148 -0.4724 0.0825, -1.012 -0.4724 0.0869, -1.0111 -0.4724 0.0875, -1.0043 -0.4724 0.0909, -1.0064 -0.4724 0.0868, -0.9755 -0.4724 0.0799, -1.0028 -0.4724 0.0946, -1.0081 -0.4724 0.0848, -1.0084 -0.4724 0.0845, -1.01 -0.4724 0.0834, 1.3386 -0.4724 0.1911, 1.3386 -0.4724 0.1426, 1.3386 -0.4724 0.0946, 0.2219 -0.4724 0.0946, -0.9291 -0.4724 0.0946, -0.9291 -0.4724 0.0799, -0.9228 -0.4724 0.0949, -0.9281 -0.4724 0.0949, -0.914 -0.4724 0.132, -0.9089 -0.4724 0.132, -0.9638 -0.4724 0.1818, -0.9604 -0.4724 0.1908, -0.9638 -0.4724 0.1911, -0.8947 -0.4724 0.0949, -0.9 -0.4724 0.0949, -0.9038 -0.4724 0.1051, -0.9192 -0.4724 0.1051, -0.9448 -0.4724 0.0955, -0.9501 -0.4724 0.0949, -0.9603 -0.4724 0.0949, -0.9312 -0.4724 0.1072, -0.933 -0.4724 0.1034, -0.9357 -0.4724 0.1001, -0.9367 -0.4724 0.0993, -0.9404 -0.4724 0.0969, -0.9603 -0.4724 0.132, -0.9498 -0.4724 0.132, -0.9438 -0.4724 0.1313, -0.9394 -0.4724 0.1296, -0.9357 -0.4724 0.1271, -0.9342 -0.4724 0.1256, -0.932 -0.4724 0.1223, -0.9307 -0.4724 0.1187, -0.9301 -0.4724 0.1139, -0.9303 -0.4724 0.1115, -0.9776 -0.4724 0.166, -0.9794 -0.4724 0.1622, -0.9767 -0.4724 0.1703, -0.9903 -0.4724 0.1901, -0.9755 -0.4724 0.1911, -0.9962 -0.4724 0.1908, -0.9822 -0.4724 0.1589, -0.9832 -0.4724 0.1581, -0.9868 -0.4724 0.1557, -0.9913 -0.4724 0.1543, -0.9966 -0.4724 0.1537, -1.0068 -0.4724 0.1537, -1.0068 -0.4724 0.1908, -0.9858 -0.4724 0.1884, -0.9822 -0.4724 0.1859, -0.9806 -0.4724 0.1844, -0.9784 -0.4724 0.1811, -0.9771 -0.4724 0.1775, -0.9766 -0.4724 0.1727, -1.0358 -0.4724 0.2382, -1.0189 -0.4724 0.2382, -1.0103 -0.4724 0.2382, -0.9755 -0.4724 0.2382, -0.9638 -0.4724 0.2382, -0.9291 -0.4724 0.2382, 0.2219 -0.4724 0.2382, 0.2219 -0.4724 0.0276, -0.9291 -0.4724 0.0276, -0.9638 -0.4724 0.0276, -0.9755 -0.4724 0.0276, -1.0103 -0.4724 0.0276, -1.0189 -0.4724 0.0276, -1.0358 -0.4724 0.0276, -1.0427 -0.4724 0.0276, -1.0672 -0.4724 0.0276, -1.0694 -0.4724 0.0799, -1.0694 -0.4724 0.0276, -1.07 -0.4724 0.0992, -1.07 -0.4724 0.0949, -1.0694 -0.4724 0.0946, -1.0899 -0.4724 0.0949, -1.0708 -0.4724 0.1277, -1.0899 -0.4724 0.132, -1.0708 -0.4724 0.132, -1.0851 -0.4724 0.1116, -1.0851 -0.4724 0.0992, -1.0719 -0.4724 0.1116, -1.0719 -0.4724 0.1159, -1.0851 -0.4724 0.1159, -1.0851 -0.4724 0.1277, -1.0851 -0.4724 0.1908, -1.0851 -0.4724 0.158, -1.0704 -0.4724 0.158, -1.0899 -0.4724 0.1537, -1.0899 -0.4724 0.1908, -1.0704 -0.4724 0.1537, -1.0694 -0.4724 0.2382, -1.0672 -0.4724 0.2382, -1.0499 -0.4724 0.1914, -0.9291 -0.4724 0.2756, -0.9638 -0.4724 0.2756, -0.9755 -0.4724 0.2756, -1.0103 -0.4724 0.2756, -1.0189 -0.4724 0.2756, -1.0358 -0.4724 0.2756, -1.0427 -0.4724 0.2756, -1.0672 -0.4724 0.2756, -1.0694 -0.4724 0.2756, -1.1051 -0.4724 0.2756, -1.3386 -0.4724 0.2756, -1.4567 -0.1969 0.2559, -1.4567 -0.1969 0.2362, -1.4764 -0.1969 0.2756, -1.6142 -0.1969 0.2362, -1.6142 -0.1969 0.2756, -1.6142 0.1969 0.2756, -1.6142 0.1969 0.2362, -1.4764 0.1969 0.2756, -1.4567 0.1969 0.2362, -1.4567 0.1969 0.2559, 1.6142 -0.1969 0.2756, 1.6142 -0.1969 0.2362, 1.4764 -0.1969 0.2756, 1.4567 -0.1969 0.2362, 1.4567 -0.1969 0.2559, 1.4567 0.1969 0.2559, 1.4567 0.1969 0.2362, 1.4764 0.1969 0.2756, 1.6142 0.1969 0.2362, 1.6142 0.1969 0.2756, -1.3583 0.4528 0.1575, -1.3583 0.4528 0.063, -1.4764 0.4528 0.1575, -1.4764 0.4528 0.063, 1.4764 0.4528 0.1575, 1.4764 0.4528 0.063, 1.3583 0.4528 0.1575, 1.3583 0.4528 0.063, 1.3583 -0.4921 0.2756, 1.3386 -0.4921 0.2756, 1.3583 -0.4921 0.0079, 1.3386 -0.4921 0.0079, -1.6929 -0.4921 0.1575, -1.6929 -0.4921 0.0079, -1.4764 -0.4921 0.1575, -1.4764 -0.4921 0.0079, 1.6929 0.4921 0.1575, 1.6929 0.4921 0.0079, 1.4764 0.4921 0.1575, 1.4764 0.4921 0.0079, -1.4764 0.4921 0.1575, -1.4764 0.4921 0.0079, -1.6929 0.4921 0.1575, -1.6929 0.4921 0.0079, 1.6929 -0.4921 0.1575, 1.6929 -0.4921 0.0079, 1.6929 -0.1969 0.1575, 1.6929 -0.1969 0.0079, -1.6929 0.1969 0.1575, -1.6929 0.1969 0.0079, -1.3583 -0.4921 0.2756, -1.3386 -0.4921 0.2756, -1.3583 -0.4134 0.2756, -1.4764 -0.3937 0.2756, -1.6142 -0.4134 0.2756, 1.3583 -0.4134 0.2756, 1.6142 -0.4134 0.2756, 1.4764 -0.3937 0.2756, 1.1417 -0.3937 0.2756, 1.063 -0.374 0.2756, 0.9843 -0.374 0.2756, 1.063 -0.4331 0.2756, 0.9843 -0.4331 0.2756, 0.5906 -0.4331 0.2756, 0.5906 -0.374 0.2756, 0.5118 -0.374 0.2756, 1.1417 -0.4331 0.2756, 0.9055 -0.4331 0.2756, 0.9055 -0.374 0.2756, 0.8268 -0.374 0.2756, 0.8268 -0.4331 0.2756, 0.748 -0.4331 0.2756, 0.1181 -0.4331 0.2756, 0.1181 -0.374 0.2756, 0.0394 -0.374 0.2756, 0.5118 -0.4331 0.2756, 0.4331 -0.4331 0.2756, 0.6693 -0.4331 0.2756, 0.6693 -0.374 0.2756, 0.748 -0.374 0.2756, 0.0394 -0.4331 0.2756, -0.0394 -0.4331 0.2756, -0.1969 -0.4331 0.2756, -0.1969 -0.374 0.2756, -0.2756 -0.374 0.2756, 0.4331 -0.374 0.2756, 0.3543 -0.374 0.2756, 0.3543 -0.4331 0.2756, 0.2756 -0.4331 0.2756, 0.2756 -0.374 0.2756, 0.1969 -0.374 0.2756, 0.1969 -0.4331 0.2756, -0.2756 -0.4331 0.2756, -0.3543 -0.4331 0.2756, -0.0394 -0.374 0.2756, -0.1181 -0.374 0.2756, -0.1181 -0.4331 0.2756, -0.5118 -0.4331 0.2756, -0.5118 -0.374 0.2756, -0.5906 -0.374 0.2756, -0.5906 -0.4331 0.2756, -0.6693 -0.4331 0.2756, -0.4331 -0.4331 0.2756, -0.4331 -0.374 0.2756, -0.3543 -0.374 0.2756, -0.8268 -0.4331 0.2756, -0.8268 -0.374 0.2756, -0.9055 -0.374 0.2756, -0.9055 -0.4331 0.2756, -0.9843 -0.4331 0.2756, -0.748 -0.4331 0.2756, -0.748 -0.374 0.2756, -0.6693 -0.374 0.2756, -0.9843 -0.374 0.2756, -1.063 -0.374 0.2756, -1.063 -0.4331 0.2756, -1.1417 -0.4331 0.2756, -1.1417 -0.3937 0.2756, 1.4764 -0.4921 0.1575, 1.4764 -0.4921 0.0079, -1.3583 -0.4921 0.0079, -1.3386 -0.4921 0.0079, -1.6142 0.4134 0.2756, -1.4764 0.3937 0.2756, -1.3583 0.4134 0.2756, -1.3386 0.4921 0.2756, -1.3583 0.4921 0.2756, -1.3386 0.4724 0.2756, -0.5906 0.4331 0.2756, -0.5906 0.374 0.2756, -0.5118 0.374 0.2756, -0.1181 0.4331 0.2756, -0.1181 0.374 0.2756, -0.0394 0.374 0.2756, -0.0394 0.4331 0.2756, 0.0394 0.4331 0.2756, 1.3386 0.4724 0.2756, -1.063 0.374 0.2756, -0.9843 0.374 0.2756, -1.063 0.4331 0.2756, -0.9843 0.4331 0.2756, 0.1969 0.4331 0.2756, 0.1969 0.374 0.2756, 0.2756 0.374 0.2756, 1.4764 0.3937 0.2756, 0.2756 0.4331 0.2756, 0.3543 0.4331 0.2756, -0.9055 0.374 0.2756, -0.8268 0.374 0.2756, -0.9055 0.4331 0.2756, -0.8268 0.4331 0.2756, -0.748 0.4331 0.2756, -1.1417 0.3937 0.2756, -1.1417 0.4331 0.2756, -0.5118 0.4331 0.2756, -0.4331 0.4331 0.2756, 0.5118 0.4331 0.2756, 0.4331 0.4331 0.2756, 0.4331 0.374 0.2756, 0.3543 0.374 0.2756, 0.748 0.4331 0.2756, 0.8268 0.4331 0.2756, -0.6693 0.4331 0.2756, -0.6693 0.374 0.2756, -0.748 0.374 0.2756, -0.4331 0.374 0.2756, -0.3543 0.374 0.2756, -0.3543 0.4331 0.2756, -0.2756 0.4331 0.2756, 0.6693 0.4331 0.2756, 0.6693 0.374 0.2756, 0.748 0.374 0.2756, 0.0394 0.374 0.2756, 0.1181 0.374 0.2756, 0.1181 0.4331 0.2756, 0.5906 0.4331 0.2756, 0.5906 0.374 0.2756, 0.5118 0.374 0.2756, -0.2756 0.374 0.2756, -0.1969 0.374 0.2756, -0.1969 0.4331 0.2756, 0.9843 0.4331 0.2756, 0.9843 0.374 0.2756, 1.063 0.374 0.2756, 1.063 0.4331 0.2756, 0.9055 0.4331 0.2756, 0.9055 0.374 0.2756, 0.8268 0.374 0.2756, 1.3583 0.4921 0.2756, 1.3386 0.4921 0.2756, 1.3583 0.4134 0.2756, 1.6142 0.4134 0.2756, 1.1417 0.3937 0.2756, 1.1417 0.4331 0.2756, 1.3583 0.4921 0.0079, 1.3386 0.4921 0.0079, -1.063 0.1378 0.0787, -1.0236 0.1378 0.0787, -1.0236 0.2559 0.0787, -0.748 0.1378 0.0787, -0.7087 0.1378 0.0787, -0.7087 0.2559 0.0787, 0.0394 0.1378 0.0787, 0.0787 0.1378 0.0787, 0.0787 0.2559 0.0787, 0.3543 0.1378 0.0787, 0.3937 0.1378 0.0787, 0.3937 0.2559 0.0787, 0.6693 0.1378 0.0787, 0.7087 0.1378 0.0787, 0.7087 0.2559 0.0787, 0.9843 0.1378 0.0787, 1.0236 0.1378 0.0787, 1.0236 0.2559 0.0787, -0.502 0.3937 0.0787, -0.4429 0.3937 0.0787, -0.4331 0.4331 0.0787, -0.8169 0.3937 0.0787, -0.7579 0.3937 0.0787, -0.748 0.4331 0.0787, -1.1319 0.3937 0.0787, -1.0728 0.3937 0.0787, -1.063 0.4331 0.0787, -1.063 -0.374 0.0787, -1.0236 -0.374 0.0787, -1.0236 -0.2559 0.0787, -0.9055 -0.374 0.0787, -0.8661 -0.374 0.0787, -0.8661 -0.2559 0.0787, -0.748 -0.374 0.0787, -0.7087 -0.374 0.0787, -0.7087 -0.2559 0.0787, -0.5906 -0.374 0.0787, -0.5512 -0.374 0.0787, -0.5512 -0.2559 0.0787, -0.4331 -0.374 0.0787, -0.3937 -0.374 0.0787, -0.3937 -0.2559 0.0787, -0.1181 -0.374 0.0787, -0.0787 -0.374 0.0787, -0.0787 -0.2559 0.0787, 0.0394 -0.374 0.0787, 0.0787 -0.374 0.0787, 0.0787 -0.2559 0.0787, 0.1969 -0.374 0.0787, 0.2362 -0.374 0.0787, 0.2362 -0.2559 0.0787, 0.3543 -0.374 0.0787, 0.3937 -0.374 0.0787, 0.3937 -0.2559 0.0787, 0.5118 -0.374 0.0787, 0.5512 -0.374 0.0787, 0.5512 -0.2559 0.0787, 0.6693 -0.374 0.0787, 0.7087 -0.374 0.0787, 0.7087 -0.2559 0.0787, 0.8268 -0.374 0.0787, 0.8661 -0.374 0.0787, 0.8661 -0.2559 0.0787, 0.9154 0.3937 0.0787, 0.9744 0.3937 0.0787, 0.9843 0.4331 0.0787, 0.6004 0.3937 0.0787, 0.6594 0.3937 0.0787, 0.6693 0.4331 0.0787, 0.2854 0.3937 0.0787, 0.3445 0.3937 0.0787, 0.3543 0.4331 0.0787, 0.128 0.3937 0.0787, 0.187 0.3937 0.0787, 0.1969 0.4331 0.0787, 0.1969 0.374 0.0787, 0.1181 0.4331 0.0787, 0.1181 0.374 0.0787, 0.128 0.374 0.0787, 0.2362 0.2559 0.0787, 0.187 0.374 0.0787, 0.3543 0.374 0.0787, 0.2362 0.374 0.0787, 0.2756 0.374 0.0787, 0.2756 0.4331 0.0787, 0.2854 0.374 0.0787, 0.3445 0.374 0.0787, 0.5512 0.374 0.0787, 0.5118 0.374 0.0787, 0.3937 0.374 0.0787, 0.4331 0.374 0.0787, 0.5118 0.4331 0.0787, 0.4331 0.4331 0.0787, 0.4429 0.3937 0.0787, 0.4429 0.374 0.0787, 0.502 0.374 0.0787, 0.502 0.3937 0.0787, 0.6693 0.374 0.0787, 0.5906 0.374 0.0787, 0.5512 0.2559 0.0787, 0.5906 0.4331 0.0787, 0.6004 0.374 0.0787, 0.6594 0.374 0.0787, 0.8661 0.374 0.0787, 0.8268 0.374 0.0787, 0.7087 0.374 0.0787, 0.748 0.374 0.0787, 0.8268 0.4331 0.0787, 0.748 0.4331 0.0787, 0.7579 0.3937 0.0787, 0.7579 0.374 0.0787, 0.8169 0.374 0.0787, 0.8169 0.3937 0.0787, 0.9843 0.374 0.0787, 0.9055 0.374 0.0787, 0.8661 0.2559 0.0787, 0.9055 0.4331 0.0787, 0.9154 0.374 0.0787, 0.9744 0.374 0.0787, 1.4567 0.374 0.0787, 1.1417 0.374 0.0787, 1.0236 0.374 0.0787, 1.063 0.374 0.0787, 1.1417 0.4331 0.0787, 1.063 0.4331 0.0787, 1.0728 0.3937 0.0787, 1.0728 0.374 0.0787, 1.1319 0.374 0.0787, 1.1319 0.3937 0.0787, 1.0728 -0.374 0.0787, 1.1319 -0.374 0.0787, 1.4567 -0.2559 0.0787, 0.9843 -0.374 0.0787, 1.0236 -0.374 0.0787, 1.0236 -0.2559 0.0787, 1.063 -0.374 0.0787, 1.4567 -0.374 0.0787, 1.1417 -0.374 0.0787, 1.1417 -0.4134 0.0787, 1.0728 -0.3937 0.0787, 1.063 -0.4134 0.0787, 1.1319 -0.3937 0.0787, 1.1417 -0.4331 0.0787, 1.063 -0.4331 0.0787, 0.9154 -0.374 0.0787, 0.9055 -0.374 0.0787, 0.9154 -0.3937 0.0787, 0.9055 -0.4134 0.0787, 0.9744 -0.3937 0.0787, 0.9744 -0.374 0.0787, 0.9843 -0.4134 0.0787, 0.9843 -0.4331 0.0787, 0.9055 -0.4331 0.0787, 0.7579 -0.374 0.0787, 0.748 -0.374 0.0787, 0.7579 -0.3937 0.0787, 0.748 -0.4134 0.0787, 0.8169 -0.3937 0.0787, 0.8169 -0.374 0.0787, 0.8268 -0.4134 0.0787, 0.8268 -0.4331 0.0787, 0.748 -0.4331 0.0787, 0.6004 -0.374 0.0787, 0.5906 -0.374 0.0787, 0.6004 -0.3937 0.0787, 0.5906 -0.4134 0.0787, 0.6594 -0.3937 0.0787, 0.6594 -0.374 0.0787, 0.6693 -0.4134 0.0787, 0.6693 -0.4331 0.0787, 0.5906 -0.4331 0.0787, 0.4429 -0.374 0.0787, 0.4331 -0.374 0.0787, 0.4429 -0.3937 0.0787, 0.4331 -0.4134 0.0787, 0.502 -0.3937 0.0787, 0.502 -0.374 0.0787, 0.5118 -0.4134 0.0787, 0.5118 -0.4331 0.0787, 0.4331 -0.4331 0.0787, 0.2854 -0.374 0.0787, 0.2756 -0.374 0.0787, 0.2854 -0.3937 0.0787, 0.2756 -0.4134 0.0787, 0.3445 -0.3937 0.0787, 0.3445 -0.374 0.0787, 0.3543 -0.4134 0.0787, 0.3543 -0.4331 0.0787, 0.2756 -0.4331 0.0787, 0.128 -0.374 0.0787, 0.1181 -0.374 0.0787, 0.128 -0.3937 0.0787, 0.1181 -0.4134 0.0787, 0.187 -0.3937 0.0787, 0.187 -0.374 0.0787, 0.1969 -0.4134 0.0787, 0.1969 -0.4331 0.0787, 0.1181 -0.4331 0.0787, -0.0295 -0.374 0.0787, -0.0394 -0.374 0.0787, -0.0295 -0.3937 0.0787, -0.0394 -0.4134 0.0787, 0.0295 -0.3937 0.0787, 0.0295 -0.374 0.0787, 0.0394 -0.4134 0.0787, 0.0394 -0.4331 0.0787, -0.0394 -0.4331 0.0787, -0.3445 -0.374 0.0787, -0.3543 -0.374 0.0787, -0.3445 -0.3937 0.0787, -0.3543 -0.4134 0.0787, -0.2854 -0.3937 0.0787, -0.2756 -0.374 0.0787, -0.1969 -0.374 0.0787, -0.1969 -0.4331 0.0787, -0.1181 -0.4331 0.0787, -0.1969 -0.4134 0.0787, -0.1181 -0.4134 0.0787, -0.128 -0.3937 0.0787, -0.128 -0.374 0.0787, -0.187 -0.374 0.0787, -0.187 -0.3937 0.0787, -0.2854 -0.374 0.0787, -0.2756 -0.4134 0.0787, -0.2756 -0.4331 0.0787, -0.3543 -0.4331 0.0787, -0.502 -0.374 0.0787, -0.5118 -0.374 0.0787, -0.502 -0.3937 0.0787, -0.5118 -0.4134 0.0787, -0.4429 -0.3937 0.0787, -0.4429 -0.374 0.0787, -0.4331 -0.4134 0.0787, -0.4331 -0.4331 0.0787, -0.5118 -0.4331 0.0787, -0.6594 -0.374 0.0787, -0.6693 -0.374 0.0787, -0.6594 -0.3937 0.0787, -0.6693 -0.4134 0.0787, -0.6004 -0.3937 0.0787, -0.6004 -0.374 0.0787, -0.5906 -0.4134 0.0787, -0.5906 -0.4331 0.0787, -0.6693 -0.4331 0.0787, -0.8169 -0.374 0.0787, -0.8268 -0.374 0.0787, -0.8169 -0.3937 0.0787, -0.8268 -0.4134 0.0787, -0.7579 -0.3937 0.0787, -0.7579 -0.374 0.0787, -0.748 -0.4134 0.0787, -0.748 -0.4331 0.0787, -0.8268 -0.4331 0.0787, -0.9744 -0.374 0.0787, -0.9843 -0.374 0.0787, -0.9744 -0.3937 0.0787, -0.9843 -0.4134 0.0787, -0.9154 -0.3937 0.0787, -0.9154 -0.374 0.0787, -0.9055 -0.4134 0.0787, -0.9055 -0.4331 0.0787, -0.9843 -0.4331 0.0787, -1.1319 -0.3937 0.0787, -1.1417 -0.374 0.0787, -1.1417 -0.4134 0.0787, -1.0728 -0.3937 0.0787, -1.1762 -0.2559 0.0787, -1.1319 -0.374 0.0787, -1.0728 -0.374 0.0787, -1.063 -0.4134 0.0787, -1.063 -0.4331 0.0787, -1.1417 -0.4331 0.0787, -1.1762 -0.374 0.0787, -1.4567 -0.2559 0.0787, -1.4567 -0.374 0.0787, -1.063 0.374 0.0787, -1.1417 0.374 0.0787, -1.1762 0.374 0.0787, -1.1762 0.2559 0.0787, -1.4567 0.374 0.0787, -1.4567 0.2559 0.0787, -1.1417 0.4331 0.0787, -1.1319 0.374 0.0787, -1.0728 0.374 0.0787, -0.8661 0.374 0.0787, -0.9055 0.374 0.0787, -1.0236 0.374 0.0787, -0.9843 0.374 0.0787, -0.9055 0.4331 0.0787, -0.9843 0.4331 0.0787, -0.9744 0.3937 0.0787, -0.9744 0.374 0.0787, -0.9154 0.374 0.0787, -0.9154 0.3937 0.0787, -0.748 0.374 0.0787, -0.8268 0.374 0.0787, -0.8661 0.2559 0.0787, -0.8268 0.4331 0.0787, -0.8169 0.374 0.0787, -0.7579 0.374 0.0787, -0.5512 0.374 0.0787, -0.5906 0.374 0.0787, -0.7087 0.374 0.0787, -0.6693 0.374 0.0787, -0.5906 0.4331 0.0787, -0.6693 0.4331 0.0787, -0.6594 0.3937 0.0787, -0.6594 0.374 0.0787, -0.6004 0.374 0.0787, -0.6004 0.3937 0.0787, -0.4331 0.374 0.0787, -0.5118 0.374 0.0787, -0.5512 0.2559 0.0787, -0.5118 0.4331 0.0787, -0.502 0.374 0.0787, -0.4429 0.374 0.0787, -0.1181 0.374 0.0787, -0.1181 0.4331 0.0787, -0.128 0.3937 0.0787, -0.128 0.374 0.0787, -0.187 0.374 0.0787, -0.3937 0.2559 0.0787, -0.187 0.3937 0.0787, -0.1969 0.4331 0.0787, -0.1969 0.374 0.0787, -0.3937 0.374 0.0787, -0.3543 0.374 0.0787, -0.2756 0.374 0.0787, -0.2756 0.4331 0.0787, -0.3543 0.4331 0.0787, -0.3445 0.3937 0.0787, -0.3445 0.374 0.0787, -0.2854 0.374 0.0787, -0.2854 0.3937 0.0787, 0.0394 0.374 0.0787, -0.0787 0.2559 0.0787, 0.0787 0.374 0.0787, -0.0787 0.374 0.0787, -0.0394 0.374 0.0787, 0.0394 0.4331 0.0787, -0.0394 0.4331 0.0787, -0.0295 0.3937 0.0787, -0.0295 0.374 0.0787, 0.0295 0.374 0.0787, 0.0295 0.3937 0.0787, -0.9744 -0.1063 0.0787, -0.9843 -0.0984 0.0787, -0.9744 -0.126 0.0787, -0.9843 -0.1378 0.0787, -0.9154 -0.126 0.0787, -0.9055 -0.1378 0.0787, -0.9154 -0.1063 0.0787, -0.9055 -0.0984 0.0787, -0.8268 -0.1378 0.0787, -0.8661 -0.1378 0.0787, -0.748 -0.1378 0.0787, -0.7579 -0.126 0.0787, -0.8169 -0.126 0.0787, -0.7579 -0.1063 0.0787, -0.748 -0.0984 0.0787, -0.8169 -0.1063 0.0787, -0.8268 -0.0984 0.0787, -0.7087 -0.1378 0.0787, -0.6693 -0.1378 0.0787, -0.5906 -0.1378 0.0787, -0.6004 -0.126 0.0787, -0.6594 -0.126 0.0787, -0.6004 -0.1063 0.0787, -0.5906 -0.0984 0.0787, -0.6594 -0.1063 0.0787, -0.6693 -0.0984 0.0787, -0.5512 -0.1378 0.0787, -0.5118 -0.1378 0.0787, -0.1969 -0.1378 0.0787, -0.2756 -0.1378 0.0787, -0.1181 -0.1378 0.0787, -0.128 -0.126 0.0787, -0.187 -0.126 0.0787, -0.2854 -0.126 0.0787, -0.2854 -0.1063 0.0787, -0.2756 -0.0984 0.0787, -0.3445 -0.1063 0.0787, -0.3543 -0.0984 0.0787, -0.3445 -0.126 0.0787, -0.3543 -0.1378 0.0787, -0.3937 -0.1378 0.0787, -0.4331 -0.1378 0.0787, -0.502 -0.126 0.0787, -0.5118 -0.0984 0.0787, -0.502 -0.1063 0.0787, -0.4331 -0.0984 0.0787, -0.4429 -0.1063 0.0787, -0.4429 -0.126 0.0787, -0.128 -0.1063 0.0787, -0.1181 -0.0984 0.0787, -0.187 -0.1063 0.0787, -0.1969 -0.0984 0.0787, -0.0787 -0.1378 0.0787, -0.0394 -0.1378 0.0787, 0.0394 -0.1378 0.0787, 0.0295 -0.126 0.0787, -0.0295 -0.126 0.0787, 0.0295 -0.1063 0.0787, 0.0394 -0.0984 0.0787, -0.0295 -0.1063 0.0787, -0.0394 -0.0984 0.0787, 0.0787 -0.1378 0.0787, 0.1181 -0.1378 0.0787, 0.1969 -0.1378 0.0787, 0.187 -0.126 0.0787, 0.128 -0.126 0.0787, 0.187 -0.1063 0.0787, 0.1969 -0.0984 0.0787, 0.128 -0.1063 0.0787, 0.1181 -0.0984 0.0787, 0.2362 -0.1378 0.0787, 0.2756 -0.1378 0.0787, 0.3543 -0.1378 0.0787, 0.3445 -0.126 0.0787, 0.2854 -0.126 0.0787, 0.3445 -0.1063 0.0787, 0.3543 -0.0984 0.0787, 0.2854 -0.1063 0.0787, 0.2756 -0.0984 0.0787, 0.3937 -0.1378 0.0787, 0.4331 -0.1378 0.0787, 0.5118 -0.1378 0.0787, 0.502 -0.126 0.0787, 0.4429 -0.126 0.0787, 0.502 -0.1063 0.0787, 0.5118 -0.0984 0.0787, 0.4429 -0.1063 0.0787, 0.4331 -0.0984 0.0787, 0.5512 -0.1378 0.0787, 0.5906 -0.1378 0.0787, 0.6693 -0.1378 0.0787, 0.6594 -0.126 0.0787, 0.6004 -0.126 0.0787, 0.6594 -0.1063 0.0787, 0.6693 -0.0984 0.0787, 0.6004 -0.1063 0.0787, 0.5906 -0.0984 0.0787, 0.7087 -0.1378 0.0787, 0.748 -0.1378 0.0787, 0.8268 -0.1378 0.0787, 0.8169 -0.126 0.0787, 0.7579 -0.126 0.0787, 0.8169 -0.1063 0.0787, 0.8268 -0.0984 0.0787, 0.7579 -0.1063 0.0787, 0.748 -0.0984 0.0787, 0.8661 -0.1378 0.0787, 0.9055 -0.1378 0.0787, 0.9843 -0.1378 0.0787, 0.9744 -0.126 0.0787, 0.9154 -0.126 0.0787, 0.9744 -0.1063 0.0787, 0.9843 -0.0984 0.0787, 0.9154 -0.1063 0.0787, 0.9055 -0.0984 0.0787, 1.0236 -0.1378 0.0787, 1.063 -0.1378 0.0787, 1.063 0.1378 0.0787, 1.4567 0.2559 0.0787, 1.1417 0.1378 0.0787, 1.1319 0.126 0.0787, 1.1319 0.1063 0.0787, 1.0728 0.126 0.0787, 1.0728 0.1063 0.0787, 1.063 0.0984 0.0787, 1.1417 0.0984 0.0787, 1.2205 0.1378 0.0787, 1.4567 0.0 0.0787, 1.2205 0.0 0.0787, 1.2205 -0.1378 0.0787, 1.1417 -0.1378 0.0787, 1.0728 -0.126 0.0787, 1.063 -0.0984 0.0787, 1.0728 -0.1063 0.0787, 1.1417 -0.0984 0.0787, 1.1319 -0.1063 0.0787, 1.1319 -0.126 0.0787, 0.748 0.1378 0.0787, 0.8268 0.1378 0.0787, 0.8169 0.126 0.0787, 0.8268 0.0984 0.0787, 0.8169 0.1063 0.0787, 0.748 0.0984 0.0787, 0.7579 0.1063 0.0787, 0.7579 0.126 0.0787, 0.8661 0.1378 0.0787, 0.9055 0.1378 0.0787, 0.9744 0.126 0.0787, 0.9843 0.0984 0.0787, 0.9744 0.1063 0.0787, 0.9055 0.0984 0.0787, 0.9154 0.1063 0.0787, 0.9154 0.126 0.0787, 0.4331 0.1378 0.0787, 0.5118 0.1378 0.0787, 0.502 0.126 0.0787, 0.5118 0.0984 0.0787, 0.502 0.1063 0.0787, 0.4331 0.0984 0.0787, 0.4429 0.1063 0.0787, 0.4429 0.126 0.0787, 0.5512 0.1378 0.0787, 0.5906 0.1378 0.0787, 0.6594 0.126 0.0787, 0.6693 0.0984 0.0787, 0.6594 0.1063 0.0787, 0.5906 0.0984 0.0787, 0.6004 0.1063 0.0787, 0.6004 0.126 0.0787, 0.1181 0.1378 0.0787, 0.1969 0.1378 0.0787, 0.187 0.126 0.0787, 0.1969 0.0984 0.0787, 0.187 0.1063 0.0787, 0.1181 0.0984 0.0787, 0.128 0.1063 0.0787, 0.128 0.126 0.0787, 0.2362 0.1378 0.0787, 0.2756 0.1378 0.0787, 0.3445 0.126 0.0787, 0.3543 0.0984 0.0787, 0.3445 0.1063 0.0787, 0.2756 0.0984 0.0787, 0.2854 0.1063 0.0787, 0.2854 0.126 0.0787, -0.2756 0.1378 0.0787, -0.1969 0.1378 0.0787, -0.3543 0.1378 0.0787, -0.3445 0.126 0.0787, -0.2854 0.126 0.0787, -0.3445 0.1063 0.0787, -0.3543 0.0984 0.0787, -0.2854 0.1063 0.0787, -0.2756 0.0984 0.0787, -0.3937 0.1378 0.0787, -0.4331 0.1378 0.0787, -0.1181 0.1378 0.0787, -0.128 0.126 0.0787, -0.1181 0.0984 0.0787, -0.128 0.1063 0.0787, -0.1969 0.0984 0.0787, -0.187 0.1063 0.0787, -0.187 0.126 0.0787, -0.0787 0.1378 0.0787, -0.0394 0.1378 0.0787, 0.0295 0.126 0.0787, 0.0394 0.0984 0.0787, 0.0295 0.1063 0.0787, -0.0394 0.0984 0.0787, -0.0295 0.1063 0.0787, -0.0295 0.126 0.0787, -0.6693 0.1378 0.0787, -0.5906 0.1378 0.0787, -0.6004 0.126 0.0787, -0.5906 0.0984 0.0787, -0.6004 0.1063 0.0787, -0.6693 0.0984 0.0787, -0.6594 0.1063 0.0787, -0.6594 0.126 0.0787, -0.5512 0.1378 0.0787, -0.5118 0.1378 0.0787, -0.4429 0.126 0.0787, -0.4331 0.0984 0.0787, -0.4429 0.1063 0.0787, -0.5118 0.0984 0.0787, -0.502 0.1063 0.0787, -0.502 0.126 0.0787, -0.9843 0.1378 0.0787, -0.9055 0.1378 0.0787, -0.9154 0.126 0.0787, -0.9055 0.0984 0.0787, -0.9154 0.1063 0.0787, -0.9843 0.0984 0.0787, -0.9744 0.1063 0.0787, -0.9744 0.126 0.0787, -0.8661 0.1378 0.0787, -0.8268 0.1378 0.0787, -0.7579 0.126 0.0787, -0.748 0.0984 0.0787, -0.7579 0.1063 0.0787, -0.8268 0.0984 0.0787, -0.8169 0.1063 0.0787, -0.8169 0.126 0.0787, -1.0236 -0.1378 0.0787, -1.063 -0.1378 0.0787, -1.0728 -0.126 0.0787, -1.0728 -0.1063 0.0787, -1.063 -0.0984 0.0787, -1.1319 -0.1063 0.0787, -1.1417 -0.0984 0.0787, -1.1319 -0.126 0.0787, -1.1417 -0.1378 0.0787, -1.1762 -0.1378 0.0787, -1.2205 -0.1378 0.0787, -1.4567 0.0 0.0787, -1.2205 0.0 0.0787, -1.2205 0.1378 0.0787, -1.1762 0.1378 0.0787, -1.1417 0.1378 0.0787, -1.0728 0.126 0.0787, -1.063 0.0984 0.0787, -1.0728 0.1063 0.0787, -1.1417 0.0984 0.0787, -1.1319 0.1063 0.0787, -1.1319 0.126 0.0787, 1.2205 -0.1378 0.2362, 1.1417 -0.1378 0.2362, 0.9843 -0.1378 0.2362, 1.063 -0.1378 0.2362, 0.8268 -0.1378 0.2362, 0.9055 -0.1378 0.2362, 0.6693 -0.1378 0.2362, 0.748 -0.1378 0.2362, 0.5118 -0.1378 0.2362, 0.5906 -0.1378 0.2362, 0.3543 -0.1378 0.2362, 0.4331 -0.1378 0.2362, 0.1969 -0.1378 0.2362, 0.2756 -0.1378 0.2362, 0.0394 -0.1378 0.2362, 0.1181 -0.1378 0.2362, -0.0394 -0.1378 0.2362, -0.0738 -0.1378 0.0787, -0.1181 -0.1378 0.2362, -0.2756 -0.1378 0.2362, -0.1969 -0.1378 0.2362, -0.4331 -0.1378 0.2362, -0.3543 -0.1378 0.2362, -0.5906 -0.1378 0.2362, -0.5118 -0.1378 0.2362, -0.748 -0.1378 0.2362, -0.6693 -0.1378 0.2362, -0.9055 -0.1378 0.2362, -0.8268 -0.1378 0.2362, -1.063 -0.1378 0.2362, -0.9843 -0.1378 0.2362, -1.2205 -0.1378 0.2362, -1.1417 -0.1378 0.2362, 1.1417 -0.0984 0.2362, 1.2205 0.1378 0.2362, 1.1417 0.1378 0.2362, 1.1417 0.0984 0.2362, 1.063 0.1378 0.2362, 0.9843 0.1378 0.2362, 1.063 0.0984 0.2362, 0.9843 0.0984 0.2362, 0.9843 -0.0984 0.2362, 0.9055 -0.0984 0.2362, 1.063 -0.0984 0.2362, 0.9055 0.1378 0.2362, 0.8268 0.1378 0.2362, 0.9055 0.0984 0.2362, 0.8268 0.0984 0.2362, 0.748 0.1378 0.2362, 0.6693 0.1378 0.2362, 0.748 0.0984 0.2362, 0.6693 0.0984 0.2362, 0.748 -0.0984 0.2362, 0.8268 -0.0984 0.2362, 0.5906 0.1378 0.2362, 0.5118 0.1378 0.2362, 0.5906 0.0984 0.2362, 0.5118 0.0984 0.2362, 0.5906 -0.0984 0.2362, 0.6693 -0.0984 0.2362, 0.4331 0.1378 0.2362, 0.3543 0.1378 0.2362, 0.4331 0.0984 0.2362, 0.3543 0.0984 0.2362, 0.4331 -0.0984 0.2362, 0.5118 -0.0984 0.2362, 0.2756 0.1378 0.2362, 0.1969 0.1378 0.2362, 0.2756 0.0984 0.2362, 0.1969 0.0984 0.2362, 0.2756 -0.0984 0.2362, 0.3543 -0.0984 0.2362, 0.1181 0.1378 0.2362, 0.0394 0.1378 0.2362, 0.1181 0.0984 0.2362, 0.0394 0.0984 0.2362, 0.1181 -0.0984 0.2362, 0.1969 -0.0984 0.2362, -0.0394 0.1378 0.2362, -0.1181 0.1378 0.2362, -0.0394 0.0984 0.2362, -0.1181 0.0984 0.2362, -0.0394 -0.0984 0.2362, 0.0394 -0.0984 0.2362, -0.1969 0.1378 0.2362, -0.2756 0.1378 0.2362, -0.1969 0.0984 0.2362, -0.2756 0.0984 0.2362, -0.1969 -0.0984 0.2362, -0.1181 -0.0984 0.2362, -0.3543 0.1378 0.2362, -0.4331 0.1378 0.2362, -0.3543 0.0984 0.2362, -0.4331 0.0984 0.2362, -0.3543 -0.0984 0.2362, -0.2756 -0.0984 0.2362, -0.5118 0.1378 0.2362, -0.5906 0.1378 0.2362, -0.5118 0.0984 0.2362, -0.5906 0.0984 0.2362, -0.5118 -0.0984 0.2362, -0.4331 -0.0984 0.2362, -0.6693 0.1378 0.2362, -0.748 0.1378 0.2362, -0.6693 0.0984 0.2362, -0.748 0.0984 0.2362, -0.6693 -0.0984 0.2362, -0.5906 -0.0984 0.2362, -0.8268 0.1378 0.2362, -0.9055 0.1378 0.2362, -0.8268 0.0984 0.2362, -0.9055 0.0984 0.2362, -0.8268 -0.0984 0.2362, -0.748 -0.0984 0.2362, -1.1417 -0.0984 0.2362, -0.9843 0.1378 0.2362, -1.063 0.1378 0.2362, -0.9843 0.0984 0.2362, -1.063 0.0984 0.2362, -0.9843 -0.0984 0.2362, -0.9055 -0.0984 0.2362, -1.1417 0.1378 0.2362, -1.2205 0.1378 0.2362, -1.1417 0.0984 0.2362, -1.063 -0.0984 0.2362, -0.0738 0.1378 0.0787, 0.502 0.3898 0.0079, 0.502 0.4134 0.0079, 0.6004 0.4134 0.0079, 0.4429 -0.4134 0.0079, 0.3445 -0.4134 0.0079, 0.4429 -0.3898 0.0079, 0.3445 -0.3898 0.0079, -0.2854 0.3898 0.0079, -0.2854 0.4134 0.0079, -0.187 0.4134 0.0079, 0.6004 -0.3898 0.0079, 0.6004 -0.4134 0.0079, 0.502 -0.4134 0.0079, 0.2854 -0.3898 0.0079, -0.502 0.3898 0.0079, -0.187 0.3898 0.0079, -0.128 0.3898 0.0079, 1.3386 -0.4134 0.0079, 0.6594 0.4134 0.0079, 0.7579 0.4134 0.0079, 0.6594 0.3898 0.0079, 0.7579 0.3898 0.0079, -0.4429 0.4134 0.0079, -0.3445 0.4134 0.0079, -0.4429 0.3898 0.0079, -0.3445 0.3898 0.0079, 1.3583 -0.3346 0.0079, 1.1319 -0.4134 0.0079, 1.1319 -0.3898 0.0079, 1.4764 -0.3346 0.0079, 0.128 -0.3898 0.0079, -0.6594 0.3898 0.0079, 0.187 -0.3898 0.0079, -0.6004 0.3898 0.0079, 0.0295 0.3898 0.0079, 0.0295 0.4134 0.0079, 0.128 0.4134 0.0079, 0.8169 0.4134 0.0079, 0.9154 0.4134 0.0079, 0.8169 0.3898 0.0079, 0.9154 0.3898 0.0079, 1.6142 -0.1969 0.0079, 0.2854 -0.4134 0.0079, 0.187 -0.4134 0.0079, -0.502 0.4134 0.0079, -0.6004 0.4134 0.0079, 0.128 0.3898 0.0079, 0.187 0.3898 0.0079, -0.0295 -0.3898 0.0079, -0.8169 0.3898 0.0079, 0.0295 -0.3898 0.0079, -0.7579 0.3898 0.0079, -0.0295 0.3898 0.0079, -0.0295 0.4134 0.0079, -0.128 0.4134 0.0079, 0.9154 -0.3898 0.0079, 0.9154 -0.4134 0.0079, 0.8169 -0.4134 0.0079, 0.128 -0.4134 0.0079, 0.0295 -0.4134 0.0079, -0.6594 0.4134 0.0079, -0.7579 0.4134 0.0079, 0.8169 -0.3898 0.0079, 0.7579 -0.3898 0.0079, 0.6004 0.3898 0.0079, 0.9744 0.3898 0.0079, 1.0728 -0.3898 0.0079, -0.187 -0.3898 0.0079, -0.9744 0.3898 0.0079, -0.128 -0.3898 0.0079, -0.9154 0.3898 0.0079, -0.3445 -0.4134 0.0079, -0.4429 -0.4134 0.0079, -0.3445 -0.3898 0.0079, -0.4429 -0.3898 0.0079, 0.9744 -0.3898 0.0079, 0.9744 -0.4134 0.0079, 1.0728 -0.4134 0.0079, -0.0295 -0.4134 0.0079, -0.128 -0.4134 0.0079, -0.8169 0.4134 0.0079, -0.9154 0.4134 0.0079, -1.3386 0.4134 0.0079, -1.1319 0.4134 0.0079, -1.1319 0.3898 0.0079, 0.187 0.4134 0.0079, 0.2854 0.4134 0.0079, 0.2854 0.3898 0.0079, 0.3445 0.3898 0.0079, 0.502 -0.3898 0.0079, 1.1319 0.3898 0.0079, 1.1319 0.4134 0.0079, 1.3386 0.4134 0.0079, 1.4764 0.3346 0.0079, 1.6142 0.1969 0.0079, 1.3583 0.3346 0.0079, 1.6929 0.1969 0.0079, -0.502 -0.4134 0.0079, -0.6004 -0.4134 0.0079, -0.502 -0.3898 0.0079, -0.6004 -0.3898 0.0079, 0.9744 0.4134 0.0079, 1.0728 0.4134 0.0079, 1.0728 0.3898 0.0079, 0.3445 0.4134 0.0079, 0.4429 0.4134 0.0079, 0.4429 0.3898 0.0079, -1.3583 0.3346 0.0079, -1.3583 0.4921 0.0079, -1.3386 0.4921 0.0079, -0.6594 -0.4134 0.0079, -0.7579 -0.4134 0.0079, -0.6594 -0.3898 0.0079, -0.7579 -0.3898 0.0079, 0.7579 -0.4134 0.0079, 0.6594 -0.4134 0.0079, 0.6594 -0.3898 0.0079, -1.0728 0.4134 0.0079, -0.9744 0.4134 0.0079, -1.0728 0.3898 0.0079, -0.2854 -0.3898 0.0079, -0.2854 -0.4134 0.0079, -0.187 -0.4134 0.0079, -1.4764 0.3346 0.0079, -0.8169 -0.4134 0.0079, -0.9154 -0.4134 0.0079, -0.8169 -0.3898 0.0079, -0.9154 -0.3898 0.0079, -1.6142 0.1969 0.0079, -0.9744 -0.3898 0.0079, -1.1319 -0.3898 0.0079, -1.1319 -0.4134 0.0079, -1.3386 -0.4134 0.0079, -1.4764 -0.3346 0.0079, -1.6142 -0.1969 0.0079, -1.3583 -0.3346 0.0079, -1.6929 -0.1969 0.0079, -0.9744 -0.4134 0.0079, -1.0728 -0.4134 0.0079, -1.0728 -0.3898 0.0079, -0.0738 -0.374 0.0787, -1.1417 -0.374 0.2559, -1.4567 -0.374 0.2559, -0.0738 0.374 0.0787, 1.1417 0.374 0.2559, 1.4567 0.374 0.2559, 1.6929 0.1969 0.1575, -1.6929 -0.1969 0.1575, 1.4567 -0.374 0.2559, 1.1417 -0.374 0.2559, -1.4567 0.374 0.2559, -1.1417 0.374 0.2559, 1.2205 -0.1319 0.0787, -1.2205 -0.1319 0.0787, 1.3386 0.4134 0.0276, -1.3386 0.4134 0.0276, 1.3386 0.4724 0.0276, -1.3386 0.4724 0.0276, -1.1319 0.4134 0.0197, -1.0728 0.4134 0.0197, 0.6004 0.4134 0.0197, -0.502 0.4134 0.0197, 1.1319 0.4134 0.0197, 1.0728 0.4134 0.0197, -0.9744 0.4134 0.0197, 0.9744 0.4134 0.0197, 0.9154 0.4134 0.0197, 0.8169 0.4134 0.0197, 0.7579 0.4134 0.0197, 0.502 0.4134 0.0197, 0.4429 0.4134 0.0197, 0.6594 0.4134 0.0197, -0.6004 0.4134 0.0197, -0.6594 0.4134 0.0197, 0.3445 0.4134 0.0197, 0.2854 0.4134 0.0197, -0.7579 0.4134 0.0197, -0.8169 0.4134 0.0197, 0.187 0.4134 0.0197, 0.128 0.4134 0.0197, -0.9154 0.4134 0.0197, 0.0295 0.4134 0.0197, -0.0295 0.4134 0.0197, -0.128 0.4134 0.0197, -0.187 0.4134 0.0197, -0.2854 0.4134 0.0197, -0.3445 0.4134 0.0197, -0.4429 0.4134 0.0197, -1.3386 -0.4134 0.0276, 1.3386 -0.4134 0.0276, -1.1319 -0.4134 0.0197, -1.0728 -0.4134 0.0197, -0.9744 -0.4134 0.0197, -0.9154 -0.4134 0.0197, -0.8169 -0.4134 0.0197, -0.7579 -0.4134 0.0197, -0.2854 -0.4134 0.0197, -0.6594 -0.4134 0.0197, -0.6004 -0.4134 0.0197, -0.502 -0.4134 0.0197, -0.4429 -0.4134 0.0197, -0.128 -0.4134 0.0197, -0.187 -0.4134 0.0197, -0.3445 -0.4134 0.0197, 0.502 -0.4134 0.0197, 0.6004 -0.4134 0.0197, 0.6594 -0.4134 0.0197, 0.8169 -0.4134 0.0197, -0.0295 -0.4134 0.0197, 0.0295 -0.4134 0.0197, 0.128 -0.4134 0.0197, 0.187 -0.4134 0.0197, 0.9154 -0.4134 0.0197, 0.9744 -0.4134 0.0197, 0.2854 -0.4134 0.0197, 0.3445 -0.4134 0.0197, 0.7579 -0.4134 0.0197, 1.1319 -0.4134 0.0197, 1.0728 -0.4134 0.0197, 0.4429 -0.4134 0.0197
            ]
        }
        coordIndex [
            0,1,2,-1,3,4,5,-1,6,7,8,-1,9,10,11,-1,12,13,14,-1,15,16,17,-1,18,19,20,-1,21,22,23,-1,23,22,24,-1,23,24,25,-1,26,27,28,-1,28,27,23,-1,28,23,29,-1,29,23,30,-1,25,31,23,-1,23,31,32,-1,23,32,30,-1,33,34,35,-1,35,34,36,-1,35,36,37,-1,37,36,38,-1,37,38,21,-1,33,35,39,-1,39,35,40,-1,39,40,41,-1,40,42,43,-1,40,44,41,-1,41,44,45,-1,41,45,46,-1,46,45,47,-1,46,47,48,-1,43,49,40,-1,40,49,50,-1,40,50,44,-1,51,52,53,-1,51,53,54,-1,52,55,53,-1,53,55,56,-1,53,56,57,-1,57,56,58,-1,58,59,57,-1,57,59,60,-1,57,60,40,-1,40,60,61,-1,40,61,42,-1,62,54,63,-1,63,54,53,-1,63,53,64,-1,64,53,65,-1,64,65,66,-1,66,65,67,-1,68,69,70,-1,68,70,71,-1,70,72,71,-1,71,72,73,-1,71,73,65,-1,65,73,74,-1,65,74,67,-1,75,76,77,-1,77,76,78,-1,78,79,77,-1,77,79,80,-1,77,80,81,-1,82,83,84,-1,85,86,87,-1,87,86,88,-1,82,84,89,-1,90,91,92,-1,93,94,86,-1,86,94,95,-1,86,95,96,-1,26,97,27,-1,27,97,98,-1,27,98,92,-1,92,98,99,-1,92,99,90,-1,83,100,84,-1,84,100,101,-1,84,101,102,-1,103,104,105,-1,105,104,106,-1,105,106,107,-1,108,96,109,-1,109,96,110,-1,109,110,105,-1,105,110,111,-1,105,111,103,-1,108,112,96,-1,96,112,113,-1,96,113,86,-1,86,113,114,-1,86,114,88,-1,91,115,92,-1,92,115,116,-1,92,116,117,-1,118,119,120,-1,120,119,121,-1,120,121,84,-1,84,121,122,-1,84,122,89,-1,123,124,75,-1,124,125,75,-1,75,125,126,-1,75,126,127,-1,127,128,75,-1,75,128,129,-1,75,129,130,-1,130,129,118,-1,130,118,131,-1,131,118,120,-1,132,133,84,-1,84,133,134,-1,84,134,86,-1,86,134,135,-1,86,135,93,-1,102,136,84,-1,84,136,137,-1,84,137,138,-1,138,139,84,-1,84,139,140,-1,84,140,132,-1,141,142,143,-1,142,144,143,-1,143,144,145,-1,143,145,146,-1,95,143,96,-1,96,143,147,-1,96,147,148,-1,149,150,95,-1,95,150,151,-1,95,151,143,-1,143,151,152,-1,143,152,141,-1,153,154,95,-1,95,154,155,-1,95,155,149,-1,156,157,158,-1,158,157,159,-1,158,159,160,-1,146,145,161,-1,161,145,162,-1,161,162,163,-1,163,162,164,-1,163,164,165,-1,148,166,96,-1,96,166,158,-1,96,158,167,-1,167,158,160,-1,168,169,1,-1,20,19,170,-1,170,19,171,-1,170,171,172,-1,173,174,168,-1,168,174,175,-1,174,176,175,-1,175,176,177,-1,175,177,178,-1,172,179,180,-1,180,179,181,-1,180,181,182,-1,1,169,2,-1,2,169,183,-1,2,183,184,-1,185,186,187,-1,188,189,190,-1,190,189,191,-1,190,191,192,-1,192,191,185,-1,192,185,193,-1,193,185,187,-1,194,195,196,-1,17,16,196,-1,196,16,197,-1,196,197,194,-1,198,199,200,-1,201,202,194,-1,202,203,194,-1,194,203,204,-1,194,204,195,-1,195,204,205,-1,198,200,194,-1,194,200,206,-1,194,206,201,-1,207,208,209,-1,208,207,13,-1,13,207,210,-1,13,210,14,-1,211,212,14,-1,213,214,215,-1,216,217,14,-1,14,217,218,-1,205,219,195,-1,195,219,220,-1,195,220,215,-1,215,220,221,-1,215,221,213,-1,214,222,215,-1,215,222,223,-1,215,223,224,-1,224,223,225,-1,224,225,211,-1,226,227,212,-1,212,227,228,-1,212,228,14,-1,14,228,229,-1,14,229,216,-1,218,230,14,-1,14,230,231,-1,14,231,12,-1,232,233,234,-1,234,233,235,-1,234,235,236,-1,234,237,232,-1,232,237,238,-1,232,238,239,-1,239,240,232,-1,232,240,241,-1,232,241,242,-1,242,241,243,-1,242,243,244,-1,244,243,245,-1,244,245,212,-1,212,245,246,-1,212,246,226,-1,247,248,236,-1,236,248,249,-1,236,249,234,-1,250,251,199,-1,199,251,252,-1,199,252,200,-1,250,253,251,-1,251,253,254,-1,251,254,255,-1,255,254,256,-1,255,257,258,-1,256,259,255,-1,255,259,260,-1,255,260,261,-1,261,262,255,-1,255,262,263,-1,255,263,257,-1,258,264,255,-1,255,264,265,-1,255,265,266,-1,267,268,269,-1,269,268,170,-1,269,170,270,-1,270,170,271,-1,270,271,272,-1,273,20,274,-1,274,20,170,-1,274,170,275,-1,275,170,268,-1,276,277,278,-1,278,277,279,-1,280,281,282,-1,282,281,283,-1,283,281,284,-1,283,284,285,-1,284,286,285,-1,285,286,287,-1,285,287,288,-1,282,289,280,-1,280,289,290,-1,280,290,291,-1,278,282,276,-1,276,282,283,-1,276,283,189,-1,189,283,292,-1,189,292,224,-1,224,292,293,-1,224,293,215,-1,215,293,294,-1,279,277,295,-1,295,277,296,-1,295,296,294,-1,297,195,298,-1,298,195,215,-1,298,215,299,-1,299,215,300,-1,301,302,303,-1,303,302,304,-1,304,305,303,-1,303,305,306,-1,303,306,307,-1,307,306,308,-1,309,310,303,-1,303,310,311,-1,303,311,312,-1,294,296,215,-1,215,296,313,-1,215,313,300,-1,300,313,314,-1,300,314,303,-1,303,314,315,-1,303,315,309,-1,312,316,303,-1,303,316,317,-1,303,317,301,-1,318,319,320,-1,321,322,306,-1,306,322,323,-1,306,323,308,-1,318,320,306,-1,306,320,324,-1,306,324,321,-1,325,326,327,-1,327,326,328,-1,327,328,296,-1,296,328,329,-1,296,329,313,-1,330,331,325,-1,332,333,334,-1,334,333,335,-1,336,337,333,-1,333,337,338,-1,333,338,335,-1,339,340,341,-1,341,340,342,-1,343,344,333,-1,333,344,345,-1,333,345,336,-1,342,346,341,-1,341,346,347,-1,341,347,343,-1,343,347,348,-1,343,348,344,-1,349,350,340,-1,340,350,351,-1,351,352,340,-1,340,352,353,-1,340,353,342,-1,297,354,195,-1,195,354,355,-1,195,355,340,-1,340,355,356,-1,340,356,349,-1,357,358,359,-1,359,358,360,-1,361,362,363,-1,363,362,364,-1,363,364,196,-1,339,365,366,-1,367,339,368,-1,368,339,369,-1,370,371,195,-1,371,372,195,-1,195,372,373,-1,195,373,374,-1,357,375,358,-1,358,375,376,-1,358,376,377,-1,377,376,378,-1,379,380,378,-1,378,380,381,-1,378,381,377,-1,367,382,339,-1,339,382,383,-1,339,383,365,-1,384,385,363,-1,363,385,386,-1,363,386,361,-1,387,388,340,-1,340,388,389,-1,340,389,195,-1,195,389,390,-1,195,390,370,-1,366,391,339,-1,339,391,392,-1,339,392,340,-1,340,392,360,-1,340,360,387,-1,387,360,358,-1,374,393,195,-1,195,393,394,-1,195,394,196,-1,196,394,395,-1,196,395,363,-1,396,397,378,-1,378,397,398,-1,378,398,399,-1,399,400,378,-1,378,400,401,-1,378,401,379,-1,402,403,404,-1,404,403,405,-1,404,405,364,-1,406,407,14,-1,211,14,224,-1,224,14,407,-1,224,407,189,-1,189,407,408,-1,189,408,191,-1,409,410,406,-1,411,412,413,-1,413,412,414,-1,413,414,409,-1,409,406,413,-1,413,406,14,-1,413,14,415,-1,415,14,210,-1,415,210,416,-1,415,417,413,-1,413,417,418,-1,413,418,419,-1,420,421,422,-1,422,421,423,-1,422,423,210,-1,210,423,424,-1,210,424,416,-1,419,425,413,-1,413,425,426,-1,413,426,411,-1,427,428,429,-1,427,429,430,-1,428,431,429,-1,429,431,432,-1,429,432,422,-1,422,432,433,-1,422,433,420,-1,434,4,435,-1,435,4,3,-1,435,3,436,-1,436,3,437,-1,436,437,10,-1,10,437,11,-1,11,437,438,-1,11,438,439,-1,440,441,438,-1,438,441,271,-1,271,441,442,-1,271,442,443,-1,444,445,446,-1,446,445,272,-1,446,272,5,-1,5,272,271,-1,5,271,3,-1,3,271,443,-1,3,443,437,-1,437,443,447,-1,437,447,438,-1,438,447,448,-1,438,448,440,-1,440,448,449,-1,440,449,450,-1,451,452,438,-1,438,452,1,-1,438,1,439,-1,439,1,0,-1,452,453,1,-1,1,453,170,-1,1,170,168,-1,168,170,172,-1,168,172,173,-1,173,172,180,-1,454,455,438,-1,438,455,456,-1,456,457,438,-1,438,457,458,-1,438,458,451,-1,453,459,170,-1,170,459,460,-1,170,460,271,-1,271,460,461,-1,271,461,462,-1,462,463,271,-1,271,463,464,-1,271,464,465,-1,465,466,271,-1,271,466,467,-1,271,467,438,-1,438,467,468,-1,438,468,454,-1,469,470,20,-1,469,20,471,-1,472,473,474,-1,474,473,276,-1,470,475,20,-1,20,475,476,-1,20,476,477,-1,477,478,20,-1,20,478,189,-1,20,189,18,-1,18,189,188,-1,18,188,184,-1,184,188,430,-1,184,430,2,-1,2,430,429,-1,2,429,0,-1,478,479,189,-1,189,479,480,-1,189,480,276,-1,276,480,481,-1,276,481,474,-1,472,482,473,-1,473,482,483,-1,473,483,484,-1,484,485,473,-1,473,485,486,-1,473,486,487,-1,444,446,273,-1,273,446,473,-1,273,473,20,-1,20,473,487,-1,20,487,471,-1,364,405,196,-1,196,405,207,-1,196,207,17,-1,17,207,209,-1,17,209,15,-1,325,327,330,-1,330,327,296,-1,330,296,488,-1,488,296,277,-1,488,277,489,-1,489,277,276,-1,489,276,490,-1,490,276,473,-1,490,473,491,-1,491,473,446,-1,491,446,492,-1,492,446,5,-1,492,5,493,-1,493,5,4,-1,493,4,494,-1,494,4,434,-1,494,434,6,-1,9,11,495,-1,495,11,439,-1,495,439,496,-1,496,439,0,-1,496,0,497,-1,497,0,429,-1,497,429,498,-1,498,429,422,-1,498,422,499,-1,499,422,210,-1,499,210,500,-1,500,210,207,-1,500,207,501,-1,501,207,405,-1,501,405,502,-1,502,405,403,-1,502,403,503,-1,504,505,503,-1,505,77,68,-1,68,77,81,-1,68,81,69,-1,505,504,77,-1,77,504,92,-1,77,92,75,-1,75,92,117,-1,75,117,123,-1,506,507,508,-1,508,507,509,-1,402,369,403,-1,403,369,339,-1,403,339,508,-1,508,339,341,-1,508,341,506,-1,506,341,510,-1,503,403,504,-1,504,403,508,-1,504,508,92,-1,92,508,509,-1,92,509,27,-1,27,509,511,-1,27,511,341,-1,341,511,512,-1,341,512,510,-1,513,514,515,-1,515,514,506,-1,515,506,516,-1,516,506,510,-1,516,510,517,-1,517,510,518,-1,519,520,521,-1,522,523,23,-1,23,523,519,-1,23,519,343,-1,343,519,521,-1,343,521,341,-1,341,521,524,-1,341,524,27,-1,27,524,522,-1,27,522,23,-1,21,23,37,-1,37,23,343,-1,37,343,525,-1,525,343,333,-1,525,333,526,-1,526,333,332,-1,526,332,330,-1,330,332,527,-1,330,527,331,-1,6,8,494,-1,494,8,528,-1,494,528,493,-1,493,528,529,-1,493,529,492,-1,492,529,530,-1,492,530,491,-1,491,530,531,-1,491,531,490,-1,490,531,532,-1,490,532,489,-1,489,532,533,-1,489,533,488,-1,488,533,534,-1,488,534,330,-1,330,534,535,-1,330,535,526,-1,526,535,536,-1,526,536,525,-1,525,536,537,-1,525,537,37,-1,37,537,538,-1,37,538,35,-1,539,540,541,-1,541,540,542,-1,541,542,543,-1,544,545,546,-1,546,545,547,-1,546,547,548,-1,549,550,551,-1,551,550,552,-1,551,552,553,-1,554,555,556,-1,556,555,557,-1,556,557,558,-1,559,560,561,-1,561,560,562,-1,563,564,565,-1,565,564,566,-1,567,568,569,-1,569,568,570,-1,571,572,573,-1,573,572,574,-1,575,576,577,-1,577,576,578,-1,579,580,581,-1,581,580,582,-1,583,584,585,-1,585,584,586,-1,581,582,587,-1,587,582,588,-1,589,590,591,-1,591,590,538,-1,541,543,592,-1,592,543,593,-1,592,593,591,-1,568,567,7,-1,7,567,594,-1,549,551,595,-1,595,551,596,-1,595,596,594,-1,594,596,597,-1,594,597,7,-1,598,599,600,-1,600,599,601,-1,602,603,604,-1,597,605,7,-1,7,605,600,-1,7,600,538,-1,538,600,601,-1,538,601,606,-1,607,608,606,-1,606,608,609,-1,606,609,538,-1,538,609,610,-1,611,612,613,-1,614,615,538,-1,604,614,602,-1,602,614,538,-1,602,538,616,-1,616,538,610,-1,616,610,617,-1,617,610,618,-1,619,620,538,-1,621,622,623,-1,624,625,615,-1,615,625,626,-1,615,626,538,-1,538,626,627,-1,628,629,627,-1,627,629,630,-1,627,630,538,-1,538,630,611,-1,538,611,619,-1,619,611,613,-1,631,632,538,-1,633,634,620,-1,620,634,635,-1,620,635,538,-1,538,635,621,-1,538,621,631,-1,631,621,623,-1,636,637,638,-1,639,640,538,-1,638,639,636,-1,636,639,538,-1,636,538,641,-1,641,538,632,-1,641,632,642,-1,642,632,643,-1,644,645,646,-1,647,648,538,-1,646,647,644,-1,644,647,538,-1,644,538,649,-1,649,538,640,-1,649,640,650,-1,650,640,651,-1,652,653,648,-1,648,653,654,-1,648,654,538,-1,538,654,655,-1,538,655,591,-1,591,655,656,-1,591,656,592,-1,657,658,583,-1,583,658,584,-1,659,660,589,-1,589,660,590,-1,544,546,661,-1,661,546,662,-1,661,662,663,-1,664,665,666,-1,666,665,663,-1,667,668,669,-1,670,671,672,-1,673,674,675,-1,676,677,678,-1,678,677,679,-1,680,681,682,-1,683,556,558,-1,684,685,675,-1,686,687,688,-1,688,687,689,-1,688,689,675,-1,675,689,690,-1,662,691,663,-1,663,691,692,-1,663,692,666,-1,666,692,678,-1,666,678,675,-1,675,678,679,-1,675,679,688,-1,693,694,675,-1,695,675,696,-1,696,675,685,-1,696,685,697,-1,697,685,698,-1,699,700,675,-1,669,693,667,-1,667,693,675,-1,667,675,701,-1,701,675,690,-1,701,690,702,-1,702,690,703,-1,704,705,694,-1,694,705,706,-1,694,706,675,-1,675,706,707,-1,708,709,710,-1,711,712,674,-1,674,712,713,-1,674,713,675,-1,675,713,680,-1,675,680,684,-1,684,680,682,-1,710,699,708,-1,708,699,675,-1,708,675,714,-1,714,675,695,-1,714,695,715,-1,715,695,716,-1,717,718,707,-1,707,718,719,-1,707,719,675,-1,675,719,670,-1,675,670,673,-1,673,670,672,-1,720,721,722,-1,722,723,720,-1,720,723,675,-1,720,675,724,-1,724,675,700,-1,724,700,725,-1,725,700,726,-1,727,728,729,-1,729,728,675,-1,558,730,683,-1,683,730,729,-1,683,729,731,-1,731,729,675,-1,731,675,732,-1,732,675,723,-1,733,734,727,-1,727,734,728,-1,735,736,737,-1,738,739,740,-1,741,742,743,-1,744,745,746,-1,747,748,749,-1,750,751,752,-1,753,754,755,-1,756,757,758,-1,759,760,761,-1,762,763,764,-1,765,766,767,-1,768,769,770,-1,771,772,773,-1,774,775,776,-1,777,778,779,-1,780,781,782,-1,783,784,785,-1,786,787,788,-1,789,790,791,-1,792,793,794,-1,795,796,797,-1,798,799,800,-1,801,802,803,-1,804,805,806,-1,807,808,809,-1,809,808,810,-1,809,811,807,-1,807,811,812,-1,807,812,813,-1,813,812,814,-1,813,814,815,-1,806,805,816,-1,808,815,810,-1,810,815,814,-1,810,814,817,-1,817,814,818,-1,806,819,804,-1,804,819,818,-1,804,818,820,-1,820,818,814,-1,820,814,821,-1,822,823,746,-1,805,821,816,-1,816,821,814,-1,816,814,824,-1,824,814,746,-1,824,746,825,-1,826,827,828,-1,828,827,825,-1,828,825,829,-1,829,825,746,-1,829,746,830,-1,830,746,823,-1,830,823,831,-1,831,823,826,-1,831,826,828,-1,803,802,832,-1,833,822,834,-1,803,835,801,-1,801,835,833,-1,801,833,836,-1,836,833,834,-1,836,834,837,-1,838,839,749,-1,802,837,832,-1,832,837,834,-1,832,834,840,-1,840,834,749,-1,840,749,841,-1,842,843,844,-1,844,843,841,-1,844,841,845,-1,845,841,749,-1,845,749,846,-1,846,749,839,-1,846,839,847,-1,847,839,842,-1,847,842,844,-1,800,799,848,-1,849,838,850,-1,800,851,798,-1,798,851,849,-1,798,849,852,-1,852,849,850,-1,852,850,853,-1,854,855,752,-1,799,853,848,-1,848,853,850,-1,848,850,856,-1,856,850,752,-1,856,752,857,-1,858,859,860,-1,860,859,857,-1,860,857,861,-1,861,857,752,-1,861,752,862,-1,862,752,855,-1,862,855,863,-1,863,855,858,-1,863,858,860,-1,864,865,866,-1,867,868,869,-1,869,868,870,-1,871,866,872,-1,872,866,865,-1,872,865,873,-1,866,869,864,-1,864,869,870,-1,864,870,874,-1,874,870,875,-1,874,875,876,-1,865,876,873,-1,873,876,875,-1,873,875,877,-1,877,875,878,-1,879,880,881,-1,881,880,882,-1,881,882,883,-1,796,880,797,-1,797,880,879,-1,797,879,869,-1,869,879,884,-1,869,884,867,-1,867,884,883,-1,867,883,885,-1,885,883,882,-1,885,882,886,-1,886,882,887,-1,888,889,890,-1,890,889,891,-1,890,891,892,-1,793,889,794,-1,794,889,888,-1,794,888,797,-1,797,888,893,-1,797,893,795,-1,795,893,892,-1,795,892,894,-1,894,892,891,-1,894,891,895,-1,895,891,896,-1,897,898,899,-1,899,898,900,-1,899,900,901,-1,790,898,791,-1,791,898,897,-1,791,897,794,-1,794,897,902,-1,794,902,792,-1,792,902,901,-1,792,901,903,-1,903,901,900,-1,903,900,904,-1,904,900,905,-1,906,907,908,-1,908,907,909,-1,908,909,910,-1,787,907,788,-1,788,907,906,-1,788,906,791,-1,791,906,911,-1,791,911,789,-1,789,911,910,-1,789,910,912,-1,912,910,909,-1,912,909,913,-1,913,909,914,-1,915,916,917,-1,917,916,918,-1,917,918,919,-1,784,916,785,-1,785,916,915,-1,785,915,788,-1,788,915,920,-1,788,920,786,-1,786,920,919,-1,786,919,921,-1,921,919,918,-1,921,918,922,-1,922,918,923,-1,924,925,926,-1,926,925,927,-1,926,927,928,-1,781,925,782,-1,782,925,924,-1,782,924,785,-1,785,924,929,-1,785,929,783,-1,783,929,928,-1,783,928,930,-1,930,928,927,-1,930,927,931,-1,931,927,932,-1,933,934,935,-1,935,934,936,-1,935,936,937,-1,778,934,779,-1,779,934,933,-1,779,933,782,-1,782,933,938,-1,782,938,780,-1,780,938,937,-1,780,937,939,-1,939,937,936,-1,939,936,940,-1,940,936,941,-1,942,943,944,-1,944,943,945,-1,944,945,946,-1,947,948,779,-1,949,950,951,-1,951,950,952,-1,951,952,953,-1,953,952,777,-1,953,777,954,-1,954,777,779,-1,954,779,955,-1,955,779,948,-1,955,948,956,-1,956,948,951,-1,956,951,953,-1,775,943,776,-1,776,943,942,-1,776,942,779,-1,779,942,957,-1,779,957,947,-1,947,957,946,-1,947,946,958,-1,958,946,945,-1,958,945,959,-1,959,945,960,-1,961,962,963,-1,963,962,964,-1,963,964,965,-1,772,962,773,-1,773,962,961,-1,773,961,776,-1,776,961,966,-1,776,966,774,-1,774,966,965,-1,774,965,967,-1,967,965,964,-1,967,964,968,-1,968,964,969,-1,970,971,972,-1,972,971,973,-1,972,973,974,-1,769,971,770,-1,770,971,970,-1,770,970,773,-1,773,970,975,-1,773,975,771,-1,771,975,974,-1,771,974,976,-1,976,974,973,-1,976,973,977,-1,977,973,978,-1,979,980,981,-1,981,980,982,-1,981,982,983,-1,766,980,767,-1,767,980,979,-1,767,979,770,-1,770,979,984,-1,770,984,768,-1,768,984,983,-1,768,983,985,-1,985,983,982,-1,985,982,986,-1,986,982,987,-1,988,989,990,-1,990,989,991,-1,990,991,992,-1,763,989,764,-1,764,989,988,-1,764,988,767,-1,767,988,993,-1,767,993,765,-1,765,993,992,-1,765,992,994,-1,994,992,991,-1,994,991,995,-1,995,991,996,-1,997,998,999,-1,997,999,1000,-1,1001,1002,764,-1,764,1002,1003,-1,764,1003,762,-1,762,1003,1000,-1,762,1000,1004,-1,1004,1000,999,-1,1004,999,1005,-1,1005,999,1006,-1,997,1002,998,-1,998,1002,1001,-1,998,1001,1007,-1,1007,1001,1008,-1,1007,1008,1009,-1,761,760,1010,-1,1011,1012,1013,-1,1013,1012,1014,-1,1013,1014,1015,-1,761,1016,759,-1,759,1016,1011,-1,759,1011,1017,-1,1017,1011,1013,-1,1017,1013,1018,-1,1019,1020,737,-1,760,1018,1010,-1,1010,1018,1013,-1,1010,1013,1021,-1,1021,1013,737,-1,1021,737,1022,-1,1023,1024,1025,-1,1025,1024,1022,-1,1025,1022,1026,-1,1026,1022,737,-1,1026,737,1027,-1,1027,737,1020,-1,1027,1020,1028,-1,1028,1020,1023,-1,1028,1023,1025,-1,758,757,1029,-1,1030,1019,1031,-1,758,1032,756,-1,756,1032,1030,-1,756,1030,1033,-1,1033,1030,1031,-1,1033,1031,1034,-1,1035,1036,740,-1,757,1034,1029,-1,1029,1034,1031,-1,1029,1031,1037,-1,1037,1031,740,-1,1037,740,1038,-1,1039,1040,1041,-1,1041,1040,1038,-1,1041,1038,1042,-1,1042,1038,740,-1,1042,740,1043,-1,1043,740,1036,-1,1043,1036,1044,-1,1044,1036,1039,-1,1044,1039,1041,-1,755,754,1045,-1,1046,1035,1047,-1,755,1048,753,-1,753,1048,1046,-1,753,1046,1049,-1,1049,1046,1047,-1,1049,1047,1050,-1,1051,1052,1053,-1,1054,1055,1056,-1,1053,1052,1057,-1,1057,1052,1058,-1,1057,1058,1059,-1,754,1050,1045,-1,1045,1050,1047,-1,1045,1047,1060,-1,1060,1047,1056,-1,1060,1056,1061,-1,1062,1056,1059,-1,1059,1056,1055,-1,1059,1055,1057,-1,1063,1064,1065,-1,1065,1064,1061,-1,1065,1061,1066,-1,1066,1061,1056,-1,1066,1056,1067,-1,1067,1056,1062,-1,1067,1062,1068,-1,1068,1062,1063,-1,1068,1063,1065,-1,1069,1070,1071,-1,1071,1070,743,-1,1071,743,812,-1,1053,1054,1051,-1,1051,1054,1056,-1,1051,1056,1072,-1,1072,1056,1070,-1,1072,1070,1073,-1,1074,1075,1076,-1,1076,1075,1073,-1,1076,1073,1077,-1,1077,1073,1070,-1,1077,1070,1078,-1,1078,1070,1069,-1,1078,1069,1079,-1,1079,1069,1074,-1,1079,1074,1076,-1,1080,1081,1082,-1,1082,1081,1083,-1,1082,1083,1084,-1,1084,1083,1085,-1,1084,1085,1086,-1,1086,1085,1087,-1,1086,1087,1080,-1,1080,1087,1081,-1,1088,1089,767,-1,1090,1091,1092,-1,1091,1090,1093,-1,1093,1090,1094,-1,1093,1094,1095,-1,1095,1094,1096,-1,1095,1096,1092,-1,1092,1096,1088,-1,1092,1088,1090,-1,1090,1088,767,-1,1090,767,1097,-1,1097,767,770,-1,1097,770,1098,-1,1099,1100,1101,-1,1100,1099,1102,-1,1102,1099,1103,-1,1102,1103,1104,-1,1104,1103,1105,-1,1104,1105,1101,-1,1101,1105,1098,-1,1101,1098,1099,-1,1099,1098,770,-1,1099,770,1106,-1,1106,770,773,-1,1106,773,1107,-1,1108,1109,776,-1,1110,1111,1112,-1,1113,1109,1114,-1,1114,1109,1115,-1,1114,1115,1116,-1,1116,1115,1117,-1,1116,1117,1118,-1,1118,1117,1119,-1,1113,1118,1109,-1,1109,1118,1119,-1,1109,1119,776,-1,776,1119,1120,-1,776,1120,773,-1,773,1120,1121,-1,773,1121,1107,-1,1107,1121,1122,-1,1107,1122,1123,-1,1123,1122,1124,-1,1123,1124,1125,-1,1125,1124,1126,-1,1125,1126,1121,-1,1121,1126,1127,-1,1121,1127,1122,-1,1111,1110,1128,-1,1128,1110,1129,-1,1128,1129,1130,-1,1130,1129,1131,-1,1130,1131,1112,-1,1112,1131,1108,-1,1112,1108,1110,-1,1110,1108,776,-1,1110,776,1132,-1,1132,776,779,-1,1132,779,1133,-1,1134,1135,1136,-1,1135,1134,1137,-1,1137,1134,1138,-1,1137,1138,1139,-1,1139,1138,1140,-1,1139,1140,1136,-1,1136,1140,1133,-1,1136,1133,1134,-1,1134,1133,779,-1,1134,779,1141,-1,1141,779,782,-1,1141,782,1142,-1,1143,1144,1145,-1,1144,1143,1146,-1,1146,1143,1147,-1,1146,1147,1148,-1,1148,1147,1149,-1,1148,1149,1145,-1,1145,1149,1142,-1,1145,1142,1143,-1,1143,1142,782,-1,1143,782,1150,-1,1150,782,785,-1,1150,785,1151,-1,1152,1153,1154,-1,1153,1152,1155,-1,1155,1152,1156,-1,1155,1156,1157,-1,1157,1156,1158,-1,1157,1158,1154,-1,1154,1158,1151,-1,1154,1151,1152,-1,1152,1151,785,-1,1152,785,1159,-1,1159,785,788,-1,1159,788,1160,-1,1161,1162,1163,-1,1162,1161,1164,-1,1164,1161,1165,-1,1164,1165,1166,-1,1166,1165,1167,-1,1166,1167,1163,-1,1163,1167,1160,-1,1163,1160,1161,-1,1161,1160,788,-1,1161,788,1168,-1,1168,788,791,-1,1168,791,1169,-1,1170,1171,1172,-1,1171,1170,1173,-1,1173,1170,1174,-1,1173,1174,1175,-1,1175,1174,1176,-1,1175,1176,1172,-1,1172,1176,1169,-1,1172,1169,1170,-1,1170,1169,791,-1,1170,791,1177,-1,1177,791,794,-1,1177,794,1178,-1,1179,1180,1181,-1,1180,1179,1182,-1,1182,1179,1183,-1,1182,1183,1184,-1,1184,1183,1185,-1,1184,1185,1181,-1,1181,1185,1178,-1,1181,1178,1179,-1,1179,1178,794,-1,1179,794,1186,-1,1186,794,797,-1,1186,797,1187,-1,1188,1189,1190,-1,1189,1188,1191,-1,1191,1188,1192,-1,1191,1192,1193,-1,1193,1192,1194,-1,1193,1194,1190,-1,1190,1194,1187,-1,1190,1187,1188,-1,1188,1187,797,-1,1188,797,1195,-1,1195,797,869,-1,1195,869,1196,-1,751,1197,752,-1,752,1197,1198,-1,752,1198,854,-1,1199,1200,1201,-1,1202,1197,1203,-1,1203,1197,1204,-1,1203,1204,1201,-1,1201,1204,1205,-1,1201,1205,1199,-1,1202,1200,1197,-1,1197,1200,1199,-1,1197,1199,1198,-1,1198,1199,1206,-1,1198,1206,1207,-1,1207,1206,1208,-1,1207,1208,866,-1,866,1208,1209,-1,866,1209,869,-1,869,1209,1210,-1,869,1210,1196,-1,1196,1210,1211,-1,1196,1211,1212,-1,1212,1211,1213,-1,1212,1213,1214,-1,1214,1213,1215,-1,1214,1215,1210,-1,1210,1215,1216,-1,1210,1216,1211,-1,838,749,850,-1,850,749,748,-1,850,748,1217,-1,1218,1219,1220,-1,1220,1219,1221,-1,1220,1221,1222,-1,1222,1221,1223,-1,1222,1223,1217,-1,1217,1223,1224,-1,1224,1219,1217,-1,1217,1219,1218,-1,1217,1218,850,-1,850,1218,1225,-1,850,1225,752,-1,752,1225,1226,-1,752,1226,750,-1,750,1226,1227,-1,750,1227,1228,-1,1228,1227,1229,-1,1228,1229,1230,-1,1230,1229,1231,-1,1230,1231,1226,-1,1226,1231,1232,-1,1226,1232,1227,-1,822,746,834,-1,834,746,745,-1,834,745,1233,-1,1234,1235,1236,-1,1236,1235,1237,-1,1236,1237,1238,-1,1238,1237,1239,-1,1238,1239,1233,-1,1233,1239,1240,-1,1240,1235,1233,-1,1233,1235,1234,-1,1233,1234,834,-1,834,1234,1241,-1,834,1241,749,-1,749,1241,1242,-1,749,1242,747,-1,747,1242,1243,-1,747,1243,1244,-1,1244,1243,1245,-1,1244,1245,1246,-1,1246,1245,1247,-1,1246,1247,1242,-1,1242,1247,1248,-1,1242,1248,1243,-1,812,743,814,-1,814,743,742,-1,814,742,1249,-1,1250,1251,1252,-1,1252,1251,1253,-1,1252,1253,1254,-1,1254,1253,1255,-1,1254,1255,1249,-1,1249,1255,1256,-1,1256,1251,1249,-1,1249,1251,1250,-1,1249,1250,814,-1,814,1250,1257,-1,814,1257,746,-1,746,1257,1258,-1,746,1258,744,-1,744,1258,1259,-1,744,1259,1260,-1,1260,1259,1261,-1,1260,1261,1262,-1,1262,1261,1263,-1,1262,1263,1258,-1,1258,1263,1264,-1,1258,1264,1259,-1,1265,1266,1070,-1,1267,1268,1269,-1,1268,1267,1270,-1,1270,1267,1271,-1,1270,1271,1272,-1,1272,1271,1273,-1,1272,1273,1269,-1,1269,1273,1265,-1,1269,1265,1267,-1,1267,1265,1070,-1,1267,1070,1274,-1,1274,1070,1056,-1,1274,1056,1275,-1,1276,1277,1278,-1,1278,1277,1279,-1,1278,1279,1280,-1,1280,1279,1281,-1,1280,1281,1266,-1,1266,1281,1282,-1,1282,1277,1266,-1,1266,1277,1276,-1,1266,1276,1070,-1,1070,1276,1283,-1,1070,1283,743,-1,743,1283,1284,-1,743,1284,741,-1,741,1284,1285,-1,741,1285,1286,-1,1286,1285,1287,-1,1286,1287,1288,-1,1288,1287,1289,-1,1288,1289,1284,-1,1284,1289,1290,-1,1284,1290,1285,-1,1035,740,1047,-1,1047,740,739,-1,1047,739,1291,-1,1292,1293,1294,-1,1294,1293,1295,-1,1294,1295,1296,-1,1296,1295,1297,-1,1296,1297,1291,-1,1291,1297,1298,-1,1298,1293,1291,-1,1291,1293,1292,-1,1291,1292,1047,-1,1047,1292,1299,-1,1047,1299,1056,-1,1056,1299,1300,-1,1056,1300,1275,-1,1275,1300,1301,-1,1275,1301,1302,-1,1302,1301,1303,-1,1302,1303,1304,-1,1304,1303,1305,-1,1304,1305,1300,-1,1300,1305,1306,-1,1300,1306,1301,-1,1019,737,1031,-1,1031,737,736,-1,1031,736,1307,-1,1308,1309,1310,-1,1310,1309,1311,-1,1310,1311,1312,-1,1312,1311,1313,-1,1312,1313,1307,-1,1307,1313,1314,-1,1314,1309,1307,-1,1307,1309,1308,-1,1307,1308,1031,-1,1031,1308,1315,-1,1031,1315,740,-1,740,1315,1316,-1,740,1316,738,-1,738,1316,1317,-1,738,1317,1318,-1,1318,1317,1319,-1,1318,1319,1320,-1,1320,1319,1321,-1,1320,1321,1316,-1,1316,1321,1322,-1,1316,1322,1317,-1,1089,1085,767,-1,767,1085,1083,-1,767,1083,764,-1,764,1083,1323,-1,764,1323,1001,-1,1001,1323,1324,-1,1325,1324,1326,-1,1326,1324,1327,-1,1326,1327,1328,-1,1328,1327,1329,-1,1328,1329,1330,-1,1330,1329,1331,-1,1325,1330,1324,-1,1324,1330,1331,-1,1324,1331,1001,-1,1001,1331,1332,-1,1001,1332,1008,-1,1008,1332,1333,-1,1008,1333,1334,-1,1334,1333,1335,-1,1334,1335,1015,-1,1015,1335,1336,-1,1015,1336,1013,-1,1013,1336,1337,-1,1013,1337,737,-1,737,1337,1338,-1,737,1338,735,-1,735,1338,1339,-1,735,1339,1340,-1,1340,1339,1341,-1,1340,1341,1342,-1,1342,1341,1343,-1,1342,1343,1338,-1,1338,1343,1344,-1,1338,1344,1339,-1,1209,1345,1210,-1,1210,1345,1346,-1,1347,1188,1348,-1,1348,1188,1196,-1,1349,1179,1350,-1,1350,1179,1187,-1,1351,1170,1352,-1,1352,1170,1178,-1,1353,1161,1354,-1,1354,1161,1169,-1,1355,1152,1356,-1,1356,1152,1160,-1,1357,1143,1358,-1,1358,1143,1151,-1,1359,1134,1360,-1,1360,1134,1142,-1,1133,1361,1362,-1,1362,1361,1363,-1,1362,1363,1110,-1,1364,1109,1365,-1,1365,1109,1108,-1,1366,1121,1367,-1,1367,1121,1119,-1,1368,1099,1369,-1,1369,1099,1107,-1,1370,1090,1371,-1,1371,1090,1098,-1,1372,1085,1373,-1,1373,1085,1088,-1,1374,1324,1375,-1,1375,1324,1083,-1,1376,1333,1377,-1,1377,1333,1331,-1,1378,1346,1345,-1,1379,1380,1381,-1,1382,1383,1384,-1,1384,1383,1385,-1,1386,1381,1387,-1,1387,1381,1384,-1,1345,1379,1378,-1,1378,1379,1381,-1,1378,1381,1388,-1,1388,1381,1386,-1,1388,1386,1348,-1,1348,1386,1347,-1,1389,1390,1391,-1,1391,1390,1392,-1,1393,1394,1395,-1,1395,1394,1396,-1,1391,1397,1385,-1,1385,1397,1398,-1,1385,1398,1384,-1,1384,1398,1349,-1,1384,1349,1387,-1,1387,1349,1350,-1,1399,1400,1401,-1,1401,1400,1402,-1,1395,1403,1392,-1,1392,1403,1404,-1,1392,1404,1391,-1,1391,1404,1351,-1,1391,1351,1397,-1,1397,1351,1352,-1,1405,1406,1407,-1,1407,1406,1408,-1,1401,1409,1396,-1,1396,1409,1410,-1,1396,1410,1395,-1,1395,1410,1353,-1,1395,1353,1403,-1,1403,1353,1354,-1,1411,1412,1413,-1,1413,1412,1414,-1,1407,1415,1402,-1,1402,1415,1416,-1,1402,1416,1401,-1,1401,1416,1355,-1,1401,1355,1409,-1,1409,1355,1356,-1,1417,1418,1419,-1,1419,1418,1420,-1,1413,1421,1408,-1,1408,1421,1422,-1,1408,1422,1407,-1,1407,1422,1357,-1,1407,1357,1415,-1,1415,1357,1358,-1,1423,1424,1425,-1,1425,1424,1426,-1,1419,1427,1414,-1,1414,1427,1428,-1,1414,1428,1413,-1,1413,1428,1359,-1,1413,1359,1421,-1,1421,1359,1360,-1,1429,1430,1431,-1,1431,1430,1432,-1,1425,1433,1420,-1,1420,1433,1434,-1,1420,1434,1419,-1,1419,1434,1363,-1,1419,1363,1427,-1,1427,1363,1361,-1,1435,1436,1437,-1,1437,1436,1438,-1,1431,1439,1426,-1,1426,1439,1440,-1,1426,1440,1425,-1,1425,1440,1364,-1,1425,1364,1433,-1,1433,1364,1365,-1,1441,1442,1443,-1,1443,1442,1444,-1,1437,1445,1432,-1,1432,1445,1446,-1,1432,1446,1431,-1,1431,1446,1366,-1,1431,1366,1439,-1,1439,1366,1367,-1,1447,1448,1449,-1,1449,1448,1450,-1,1443,1451,1438,-1,1438,1451,1452,-1,1438,1452,1437,-1,1437,1452,1368,-1,1437,1368,1445,-1,1445,1368,1369,-1,1453,1454,1455,-1,1455,1454,1456,-1,1449,1457,1444,-1,1444,1457,1458,-1,1444,1458,1443,-1,1443,1458,1370,-1,1443,1370,1451,-1,1451,1370,1371,-1,1376,1377,1459,-1,1460,1461,1462,-1,1462,1461,1463,-1,1455,1464,1450,-1,1450,1464,1465,-1,1450,1465,1449,-1,1449,1465,1372,-1,1449,1372,1457,-1,1457,1372,1373,-1,1466,1467,1468,-1,1468,1467,1376,-1,1375,1464,1374,-1,1374,1464,1455,-1,1374,1455,1469,-1,1469,1455,1456,-1,1469,1456,1459,-1,1459,1456,1462,-1,1459,1462,1376,-1,1376,1462,1463,-1,1376,1463,1468,-1,1226,1218,1389,-1,1389,1218,1390,-1,1217,747,1393,-1,1393,747,1394,-1,1242,1234,1399,-1,1399,1234,1400,-1,1233,744,1405,-1,1405,744,1406,-1,1258,1250,1411,-1,1411,1250,1412,-1,1249,741,1417,-1,1417,741,1418,-1,1276,1424,1470,-1,1470,1424,1423,-1,1470,1423,1284,-1,1266,1265,1429,-1,1429,1265,1430,-1,1267,1275,1435,-1,1435,1275,1436,-1,1300,1292,1441,-1,1441,1292,1442,-1,1291,738,1447,-1,1447,738,1448,-1,1316,1308,1453,-1,1453,1308,1454,-1,1307,735,1460,-1,1460,735,1461,-1,1338,1336,1466,-1,1466,1336,1467,-1,1383,1382,750,-1,750,1382,1197,-1,1471,1472,1473,-1,1474,1475,1476,-1,1476,1475,1477,-1,1478,1479,1480,-1,1481,1482,1483,-1,1477,1484,1485,-1,1486,1487,1476,-1,569,570,1488,-1,1489,1490,1491,-1,1491,1490,1492,-1,1493,1494,1495,-1,1495,1494,1496,-1,1480,1486,1478,-1,1478,1486,1476,-1,1478,1476,1496,-1,1496,1476,1477,-1,1496,1477,1495,-1,1495,1477,1485,-1,569,1488,1497,-1,1497,1488,1498,-1,1497,1498,1499,-1,584,658,1500,-1,1501,1502,1503,-1,1503,1502,1504,-1,1505,1506,1507,-1,1508,1509,1510,-1,1510,1509,1511,-1,1512,586,584,-1,1513,1514,1484,-1,1484,1514,1503,-1,1484,1503,1485,-1,1485,1503,1504,-1,1485,1504,1515,-1,1515,1504,1516,-1,1517,1518,1476,-1,1519,1520,1521,-1,1521,1520,1522,-1,1507,1517,1505,-1,1505,1517,1476,-1,1505,1476,1523,-1,1523,1476,1487,-1,1523,1487,1524,-1,1524,1487,1525,-1,1526,1527,1528,-1,1529,1530,1501,-1,1501,1530,1521,-1,1501,1521,1502,-1,1502,1521,1522,-1,1502,1522,1531,-1,1531,1522,1532,-1,1533,1534,1535,-1,1536,1512,1511,-1,1511,1512,584,-1,1511,584,1510,-1,1510,584,1500,-1,1510,1500,1492,-1,1492,1500,1497,-1,1492,1497,1491,-1,1491,1497,1499,-1,1491,1499,1535,-1,1535,1499,1537,-1,1538,1539,1540,-1,1540,1539,1541,-1,1542,1543,1544,-1,1544,1543,1545,-1,1528,1533,1526,-1,1526,1533,1535,-1,1526,1535,1546,-1,1546,1535,1537,-1,1546,1537,1547,-1,1547,1537,1548,-1,1549,1550,1519,-1,1519,1550,1540,-1,1519,1540,1520,-1,1520,1540,1541,-1,1520,1541,1551,-1,1551,1541,1552,-1,1553,1554,1555,-1,1556,1557,1518,-1,1518,1557,1558,-1,1518,1558,1476,-1,1476,1558,1559,-1,1560,1476,1535,-1,1561,1562,1563,-1,1564,1565,1566,-1,1566,1565,1512,-1,1564,578,1565,-1,1565,578,576,-1,1565,576,1567,-1,1568,1569,1570,-1,1570,1569,1571,-1,1572,1573,1536,-1,1536,1573,1574,-1,1536,1574,1512,-1,1512,1574,1561,-1,1512,1561,1566,-1,1566,1561,1563,-1,1566,1563,733,-1,733,1563,734,-1,1575,1576,1559,-1,1559,1576,1577,-1,1559,1577,1476,-1,1476,1577,1471,-1,1476,1471,1535,-1,1535,1471,1473,-1,1578,1579,1553,-1,1553,1579,1580,-1,1581,1582,1583,-1,1583,1582,1584,-1,1585,1586,1534,-1,1534,1586,1587,-1,1534,1587,1535,-1,1535,1587,1481,-1,1535,1481,1560,-1,1560,1481,1483,-1,1588,1589,1590,-1,1590,1589,1539,-1,1590,1539,1591,-1,1591,1539,1538,-1,1591,1538,1592,-1,1592,1538,1593,-1,582,580,1594,-1,1591,1544,1590,-1,1590,1544,1545,-1,1590,1545,1555,-1,1555,1545,1570,-1,1555,1570,1553,-1,1553,1570,1571,-1,1553,1571,1578,-1,1595,1596,1597,-1,1597,1596,1598,-1,1599,588,582,-1,1600,1599,1598,-1,1598,1599,582,-1,1598,582,1597,-1,1597,582,1594,-1,1597,1594,1584,-1,1584,1594,1578,-1,1584,1578,1583,-1,1583,1578,1571,-1,1601,1602,1603,-1,1604,1605,1606,-1,1606,1605,1599,-1,1604,574,1605,-1,1605,574,572,-1,1605,572,1607,-1,1608,1609,1600,-1,1600,1609,1610,-1,1600,1610,1599,-1,1599,1610,1601,-1,1599,1601,1606,-1,1606,1601,1603,-1,1606,1603,659,-1,659,1603,660,-1,925,780,612,-1,612,780,613,-1,629,628,783,-1,783,628,916,-1,948,947,622,-1,622,947,623,-1,777,634,1611,-1,1611,634,633,-1,1611,633,934,-1,889,792,618,-1,618,792,617,-1,608,607,795,-1,795,607,880,-1,625,624,786,-1,786,624,907,-1,604,603,789,-1,789,603,898,-1,989,762,652,-1,652,762,653,-1,1612,998,1613,-1,1613,998,1009,-1,962,771,637,-1,637,771,638,-1,642,643,774,-1,774,643,943,-1,646,645,765,-1,765,645,980,-1,650,651,768,-1,768,651,971,-1,1069,812,711,-1,711,812,712,-1,810,818,681,-1,681,818,682,-1,1062,1059,717,-1,717,1059,718,-1,1073,672,1614,-1,1614,672,671,-1,1614,671,1051,-1,832,841,709,-1,709,841,710,-1,839,849,726,-1,726,849,725,-1,816,825,698,-1,698,825,697,-1,715,716,833,-1,833,716,823,-1,1010,1022,676,-1,676,1022,677,-1,1036,1046,668,-1,668,1046,669,-1,705,704,1061,-1,1061,704,1045,-1,1020,1030,686,-1,686,1030,687,-1,702,703,1038,-1,1038,703,1029,-1,848,857,721,-1,721,857,722,-1,599,598,867,-1,867,598,870,-1,1615,855,1616,-1,1616,855,854,-1,1617,1567,575,-1,575,1567,576,-1,665,664,1579,-1,1579,664,1580,-1,1618,1607,571,-1,571,1607,572,-1,554,1616,555,-1,555,1616,854,-1,555,854,552,-1,552,854,871,-1,552,871,553,-1,553,871,1619,-1,1619,871,1620,-1,1620,871,872,-1,539,1613,540,-1,540,1613,1009,-1,540,1009,547,-1,547,1009,1014,-1,547,1014,548,-1,548,1014,1621,-1,1621,1014,1622,-1,1622,1014,1011,-1,1206,1379,1623,-1,1623,1379,1345,-1,1623,1345,1209,-1,1380,1379,1199,-1,1199,1379,1206,-1,1333,1376,1624,-1,1624,1376,1467,-1,1624,1467,1336,-1,731,732,1615,-1,1615,732,858,-1,1615,858,855,-1,723,722,859,-1,859,722,857,-1,859,858,723,-1,723,858,732,-1,878,870,600,-1,600,870,598,-1,1620,872,597,-1,597,872,877,-1,597,877,605,-1,877,878,605,-1,605,878,600,-1,800,848,720,-1,720,848,721,-1,724,725,851,-1,851,725,849,-1,851,800,724,-1,724,800,720,-1,758,1029,690,-1,690,1029,703,-1,689,687,1032,-1,1032,687,1030,-1,1032,758,689,-1,689,758,690,-1,1023,1020,688,-1,688,1020,686,-1,679,677,1024,-1,1024,677,1022,-1,1024,1023,679,-1,679,1023,688,-1,755,1045,694,-1,694,1045,704,-1,693,669,1048,-1,1048,669,1046,-1,1048,755,693,-1,693,755,694,-1,1039,1036,667,-1,667,1036,668,-1,701,702,1040,-1,1040,702,1038,-1,1040,1039,701,-1,701,1039,667,-1,761,1010,678,-1,678,1010,676,-1,1622,1011,691,-1,691,1011,1016,-1,691,1016,692,-1,1016,761,692,-1,692,761,678,-1,826,823,695,-1,695,823,716,-1,696,697,827,-1,827,697,825,-1,827,826,696,-1,696,826,695,-1,806,816,685,-1,685,816,698,-1,684,682,819,-1,819,682,818,-1,819,806,684,-1,684,806,685,-1,842,839,700,-1,700,839,726,-1,699,710,843,-1,843,710,841,-1,843,842,699,-1,699,842,700,-1,803,832,708,-1,708,832,709,-1,714,715,835,-1,835,715,833,-1,835,803,714,-1,714,803,708,-1,1052,1051,670,-1,670,1051,671,-1,719,718,1058,-1,1058,718,1059,-1,1058,1052,719,-1,719,1052,670,-1,1063,1062,707,-1,707,1062,717,-1,706,705,1064,-1,1064,705,1061,-1,1064,1063,706,-1,706,1063,707,-1,809,810,680,-1,680,810,681,-1,713,712,811,-1,811,712,812,-1,811,809,713,-1,713,809,680,-1,1074,1069,674,-1,674,1069,711,-1,673,672,1075,-1,1075,672,1073,-1,1075,1074,673,-1,673,1074,674,-1,978,971,640,-1,640,971,651,-1,639,638,977,-1,977,638,771,-1,977,978,639,-1,639,978,640,-1,987,980,644,-1,644,980,645,-1,649,650,986,-1,986,650,768,-1,986,987,649,-1,649,987,644,-1,960,943,632,-1,632,943,643,-1,631,623,959,-1,959,623,947,-1,959,960,631,-1,631,960,632,-1,969,962,636,-1,636,962,637,-1,641,642,968,-1,968,642,774,-1,968,969,641,-1,641,969,636,-1,998,1612,1006,-1,1006,1612,656,-1,1006,656,655,-1,654,653,1005,-1,1005,653,762,-1,1005,1006,654,-1,654,1006,655,-1,996,989,648,-1,648,989,652,-1,647,646,995,-1,995,646,765,-1,995,996,647,-1,647,996,648,-1,905,898,602,-1,602,898,603,-1,616,617,904,-1,904,617,792,-1,904,905,616,-1,616,905,602,-1,914,907,615,-1,615,907,624,-1,614,604,913,-1,913,604,789,-1,913,914,614,-1,614,914,615,-1,887,880,606,-1,606,880,607,-1,601,599,886,-1,886,599,867,-1,886,887,601,-1,601,887,606,-1,896,889,610,-1,610,889,618,-1,609,608,895,-1,895,608,795,-1,895,896,609,-1,609,896,610,-1,941,934,620,-1,620,934,633,-1,619,613,940,-1,940,613,780,-1,940,941,619,-1,619,941,620,-1,949,948,621,-1,621,948,622,-1,635,634,950,-1,950,634,777,-1,950,949,635,-1,635,949,621,-1,923,916,627,-1,627,916,628,-1,626,625,922,-1,922,625,786,-1,922,923,626,-1,626,923,627,-1,932,925,611,-1,611,925,612,-1,630,629,931,-1,931,629,783,-1,931,932,630,-1,630,932,611,-1,1625,1626,1627,-1,1627,1626,1628,-1,1626,1553,1628,-1,1628,1553,1580,-1,1628,1580,666,-1,666,1580,664,-1,675,728,1627,-1,1627,728,734,-1,1627,734,1625,-1,1625,734,1563,-1,1554,1553,1629,-1,1629,1553,1626,-1,1629,1626,1630,-1,1630,1626,1625,-1,1631,1473,1472,-1,1632,1515,1516,-1,1563,1562,1625,-1,1625,1562,1633,-1,1625,1633,1634,-1,1635,1589,1588,-1,1573,1572,1634,-1,1634,1572,1636,-1,1634,1636,1625,-1,1625,1636,1637,-1,1509,1508,1637,-1,1637,1508,1638,-1,1637,1638,1625,-1,1625,1638,1639,-1,1625,1640,1641,-1,1490,1489,1639,-1,1639,1489,1642,-1,1639,1642,1625,-1,1625,1642,1631,-1,1625,1631,1640,-1,1640,1631,1472,-1,1625,1643,1644,-1,1576,1575,1641,-1,1641,1575,1645,-1,1641,1645,1625,-1,1625,1645,1646,-1,1531,1532,1644,-1,1644,1532,1647,-1,1644,1647,1625,-1,1625,1647,1648,-1,1557,1556,1646,-1,1646,1556,1649,-1,1646,1649,1625,-1,1625,1649,1650,-1,1588,1630,1635,-1,1635,1630,1625,-1,1635,1625,1651,-1,1651,1625,1648,-1,1651,1648,1552,-1,1552,1648,1551,-1,1507,1506,1650,-1,1650,1506,1652,-1,1650,1652,1625,-1,1625,1652,1653,-1,1524,1525,1653,-1,1653,1525,1654,-1,1653,1654,1625,-1,1625,1654,1655,-1,1480,1479,1655,-1,1655,1479,1656,-1,1655,1656,1625,-1,1625,1656,1657,-1,1516,1643,1632,-1,1632,1643,1625,-1,1632,1625,1658,-1,1658,1625,1657,-1,1658,1657,1493,-1,1493,1657,1494,-1,1659,1660,71,-1,71,1660,9,-1,538,590,71,-1,71,590,660,-1,71,660,1659,-1,1659,660,1603,-1,1660,1488,9,-1,9,1488,570,-1,9,570,7,-1,7,570,568,-1,1603,1602,1659,-1,1659,1602,1661,-1,1659,1661,1662,-1,1609,1608,1662,-1,1662,1608,1663,-1,1662,1663,1659,-1,1659,1663,1664,-1,1596,1595,1664,-1,1664,1595,1665,-1,1664,1665,1659,-1,1659,1665,1666,-1,1667,1592,1593,-1,1582,1581,1666,-1,1666,1581,1668,-1,1666,1668,1659,-1,1659,1668,1669,-1,1569,1568,1669,-1,1669,1568,1670,-1,1669,1670,1659,-1,1659,1670,1671,-1,1672,1660,1673,-1,1673,1660,1659,-1,1593,1673,1667,-1,1667,1673,1659,-1,1667,1659,1674,-1,1674,1659,1671,-1,1674,1671,1542,-1,1542,1671,1543,-1,1675,1483,1482,-1,1676,1677,1660,-1,1678,1528,1527,-1,1550,1549,1672,-1,1672,1549,1679,-1,1672,1679,1660,-1,1660,1679,1680,-1,1530,1529,1680,-1,1680,1529,1681,-1,1680,1681,1660,-1,1660,1681,1682,-1,1683,1684,1660,-1,1514,1513,1682,-1,1682,1513,1685,-1,1682,1685,1660,-1,1660,1685,1686,-1,1586,1585,1677,-1,1677,1585,1687,-1,1677,1687,1660,-1,1660,1687,1678,-1,1660,1678,1683,-1,1683,1678,1527,-1,1498,1488,1688,-1,1688,1488,1660,-1,1688,1660,1689,-1,1689,1660,1684,-1,1689,1684,1548,-1,1548,1684,1547,-1,1475,1474,1686,-1,1686,1474,1690,-1,1686,1690,1660,-1,1660,1690,1675,-1,1660,1675,1676,-1,1676,1675,1482,-1,
        ]
    }
}
Shape{
    appearance Appearance {
        material  Material 	{
            diffuseColor 0.9686274509803922 0.8784313725490196 0.6
            specularColor 0.6784313725490196 0.615686274509804 0.4196078431372549
            ambientIntensity 0.8737
            transparency 0.0
            shininess 0.5
        }
    }
    geometry IndexedFaceSet {
        ccw TRUE
        solid FALSE
        coord DEF co Coordinate {
            point [
                1.1319 0.4921 0.0, 1.1319 0.4134 0.0, 1.0728 0.4921 0.0, 1.0728 0.4134 0.0, 1.1319 0.4921 0.0197, 1.0728 0.4921 0.0197, 1.1319 0.4134 0.0197, 1.1319 0.4134 0.0079, 1.1319 0.3898 0.0079, 1.1319 0.397 0.0036, 1.1319 0.405 0.0009, 1.0728 0.4134 0.0197, 1.0728 0.4134 0.0079, 1.0728 0.405 0.0009, 1.0728 0.397 0.0036, 1.0728 0.3898 0.0079, 1.1319 0.4112 0.2786, 1.1319 0.4112 0.2628, 1.0728 0.4112 0.2786, 1.0728 0.4112 0.2628, 1.1319 0.3915 0.2786, 1.0728 0.3915 0.2786, 1.1319 0.3915 0.2628, 1.0728 0.3915 0.2628, 1.1319 0.3905 0.2539, 1.0728 0.3905 0.2539, 1.1319 0.3875 0.2454, 1.0728 0.3875 0.2454, 1.1319 0.3826 0.2378, 1.0728 0.3826 0.2378, 1.1319 0.3761 0.2316, 1.0728 0.3761 0.2316, 1.1319 0.3684 0.2269, 1.0728 0.3684 0.2269, 1.1319 0.3669 0.2262, 1.0728 0.3669 0.2262, 1.0728 0.3629 0.2239, 1.1319 0.3629 0.2239, 1.0728 0.3597 0.2206, 1.1319 0.3597 0.2206, 1.0728 0.3572 0.2167, 1.1319 0.3572 0.2167, 1.0728 0.3557 0.2124, 1.1319 0.3557 0.2124, 1.0728 0.3553 0.2078, 1.1319 0.3553 0.2078, 1.0728 0.356 0.2033, 1.1319 0.356 0.2033, 1.0728 0.3576 0.199, 1.1319 0.3576 0.199, 1.1319 0.3694 0.1771, 1.0728 0.3694 0.1771, 1.1319 0.3728 0.1681, 1.0728 0.3728 0.1681, 1.1319 0.374 0.1586, 1.0728 0.374 0.1586, 1.1319 0.374 0.0787, 1.0728 0.374 0.0787, 1.0728 0.3937 0.1586, 1.1319 0.3937 0.1586, 1.0728 0.3937 0.0787, 1.1319 0.3937 0.0787, 1.0728 0.3919 0.1729, 1.1319 0.3919 0.1729, 1.0728 0.3867 0.1864, 1.1319 0.3867 0.1864, 1.1319 0.375 0.2083, 1.0728 0.375 0.2083, 1.1319 0.3766 0.209, 1.0728 0.3766 0.209, 1.0728 0.3881 0.216, 1.1319 0.3881 0.216, 1.0728 0.3978 0.2253, 1.1319 0.3978 0.2253, 1.0728 0.4051 0.2367, 1.1319 0.4051 0.2367, 1.0728 0.4097 0.2494, 1.1319 0.4097 0.2494
            ]
        }
        coordIndex [
            0,1,2,-1,2,1,3,-1,4,0,5,-1,5,0,2,-1,4,6,0,-1,0,6,7,-1,7,8,9,-1,9,10,7,-1,7,10,1,-1,7,1,0,-1,11,5,12,-1,12,5,2,-1,12,2,3,-1,3,13,12,-1,12,13,14,-1,12,14,15,-1,6,4,11,-1,11,4,5,-1,8,15,14,-1,8,14,9,-1,9,14,13,-1,9,13,10,-1,10,13,3,-1,10,3,1,-1,16,17,18,-1,18,17,19,-1,20,16,21,-1,21,16,18,-1,22,20,23,-1,23,20,21,-1,22,23,24,-1,24,23,25,-1,24,25,26,-1,26,25,27,-1,26,27,28,-1,28,27,29,-1,28,29,30,-1,30,29,31,-1,30,31,32,-1,32,31,33,-1,34,32,35,-1,35,32,33,-1,34,35,36,-1,34,36,37,-1,37,36,38,-1,37,38,39,-1,39,38,40,-1,39,40,41,-1,41,40,42,-1,41,42,43,-1,43,42,44,-1,43,44,45,-1,45,44,46,-1,45,46,47,-1,47,46,48,-1,47,48,49,-1,50,49,51,-1,51,49,48,-1,50,51,52,-1,52,51,53,-1,52,53,54,-1,54,53,55,-1,56,54,57,-1,57,54,55,-1,58,59,60,-1,60,59,61,-1,59,58,62,-1,59,62,63,-1,63,62,64,-1,63,64,65,-1,66,65,67,-1,67,65,64,-1,68,66,69,-1,69,66,67,-1,68,69,70,-1,68,70,71,-1,71,70,72,-1,71,72,73,-1,73,72,74,-1,73,74,75,-1,75,74,76,-1,75,76,77,-1,77,76,19,-1,77,19,17,-1,41,43,66,-1,56,61,54,-1,54,61,59,-1,54,59,52,-1,52,59,63,-1,52,63,50,-1,50,63,65,-1,50,65,49,-1,49,65,66,-1,16,20,17,-1,17,20,22,-1,17,22,77,-1,77,22,24,-1,77,24,75,-1,75,24,26,-1,75,26,73,-1,73,26,28,-1,73,28,71,-1,71,28,30,-1,71,30,68,-1,68,30,32,-1,43,45,66,-1,66,45,47,-1,66,47,49,-1,32,34,68,-1,68,34,37,-1,68,37,66,-1,66,37,39,-1,66,39,41,-1,21,18,23,-1,23,18,19,-1,23,19,25,-1,25,19,76,-1,25,76,27,-1,27,76,74,-1,27,74,29,-1,29,74,72,-1,29,72,31,-1,31,72,70,-1,31,70,33,-1,33,70,69,-1,60,57,58,-1,58,57,55,-1,58,55,62,-1,62,55,53,-1,62,53,64,-1,64,53,51,-1,64,51,67,-1,67,51,48,-1,67,48,46,-1,46,44,67,-1,67,44,42,-1,67,42,40,-1,40,38,67,-1,67,38,36,-1,67,36,69,-1,69,36,35,-1,69,35,33,-1,
        ]
    }
}
Shape{
    appearance Appearance {
        material  Material 	{
            diffuseColor 0.25098039215686274 0.25098039215686274 0.25098039215686274
            specularColor 0.12549019607843137 0.12549019607843137 0.12549019607843137
            ambientIntensity 0.251
            transparency 0.0
            shininess 0.5
        }
    }
    geometry IndexedFaceSet {
        ccw TRUE
        solid FALSE
        coord DEF co Coordinate {
            point [
                1.063 0.0984 0.0787, 1.063 0.1378 0.0787, 1.063 0.0984 0.2362, 1.063 0.1378 0.2362, 1.1417 0.0984 0.2362, 1.1417 0.1378 0.2362, 1.1417 0.0984 0.0787, 1.1417 0.1378 0.0787, -1.1417 0.0984 0.0787, -1.1417 0.1378 0.0787, -1.1417 0.0984 0.2362, -1.1417 0.1378 0.2362, -1.063 0.0984 0.2362, -1.063 0.1378 0.2362, -1.063 0.0984 0.0787, -1.063 0.1378 0.0787, -0.9843 0.0984 0.0787, -0.9843 0.1378 0.0787, -0.9843 0.0984 0.2362, -0.9843 0.1378 0.2362, -0.9055 0.0984 0.2362, -0.9055 0.1378 0.2362, -0.9055 0.0984 0.0787, -0.9055 0.1378 0.0787, -0.8268 0.0984 0.0787, -0.8268 0.1378 0.0787, -0.8268 0.0984 0.2362, -0.8268 0.1378 0.2362, -0.748 0.0984 0.2362, -0.748 0.1378 0.2362, -0.748 0.0984 0.0787, -0.748 0.1378 0.0787, -0.6693 0.0984 0.0787, -0.6693 0.1378 0.0787, -0.6693 0.0984 0.2362, -0.6693 0.1378 0.2362, -0.5906 0.0984 0.2362, -0.5906 0.1378 0.2362, -0.5906 0.0984 0.0787, -0.5906 0.1378 0.0787, -0.5118 0.0984 0.0787, -0.5118 0.1378 0.0787, -0.5118 0.0984 0.2362, -0.5118 0.1378 0.2362, -0.4331 0.0984 0.2362, -0.4331 0.1378 0.2362, -0.4331 0.0984 0.0787, -0.4331 0.1378 0.0787, -0.3543 0.0984 0.0787, -0.3543 0.1378 0.0787, -0.3543 0.0984 0.2362, -0.3543 0.1378 0.2362, -0.2756 0.0984 0.2362, -0.2756 0.1378 0.2362, -0.2756 0.0984 0.0787, -0.2756 0.1378 0.0787, -0.1969 0.0984 0.0787, -0.1969 0.1378 0.0787, -0.1969 0.0984 0.2362, -0.1969 0.1378 0.2362, -0.1181 0.0984 0.2362, -0.1181 0.1378 0.2362, -0.1181 0.0984 0.0787, -0.1181 0.1378 0.0787, -0.0394 0.0984 0.0787, -0.0394 0.1378 0.0787, -0.0394 0.0984 0.2362, -0.0394 0.1378 0.2362, 0.0394 0.0984 0.2362, 0.0394 0.1378 0.2362, 0.0394 0.0984 0.0787, 0.0394 0.1378 0.0787, 0.1181 0.0984 0.0787, 0.1181 0.1378 0.0787, 0.1181 0.0984 0.2362, 0.1181 0.1378 0.2362, 0.1969 0.0984 0.2362, 0.1969 0.1378 0.2362, 0.1969 0.0984 0.0787, 0.1969 0.1378 0.0787, 0.2756 0.0984 0.0787, 0.2756 0.1378 0.0787, 0.2756 0.0984 0.2362, 0.2756 0.1378 0.2362, 0.3543 0.0984 0.2362, 0.3543 0.1378 0.2362, 0.3543 0.0984 0.0787, 0.3543 0.1378 0.0787, 0.4331 0.0984 0.0787, 0.4331 0.1378 0.0787, 0.4331 0.0984 0.2362, 0.4331 0.1378 0.2362, 0.5118 0.0984 0.2362, 0.5118 0.1378 0.2362, 0.5118 0.0984 0.0787, 0.5118 0.1378 0.0787, 0.5906 0.0984 0.0787, 0.5906 0.1378 0.0787, 0.5906 0.0984 0.2362, 0.5906 0.1378 0.2362, 0.6693 0.0984 0.2362, 0.6693 0.1378 0.2362, 0.6693 0.0984 0.0787, 0.6693 0.1378 0.0787, 0.748 0.0984 0.0787, 0.748 0.1378 0.0787, 0.748 0.0984 0.2362, 0.748 0.1378 0.2362, 0.8268 0.0984 0.2362, 0.8268 0.1378 0.2362, 0.8268 0.0984 0.0787, 0.8268 0.1378 0.0787, 0.9055 0.0984 0.0787, 0.9055 0.1378 0.0787, 0.9055 0.0984 0.2362, 0.9055 0.1378 0.2362, 0.9843 0.0984 0.2362, 0.9843 0.1378 0.2362, 0.9843 0.0984 0.0787, 0.9843 0.1378 0.0787
            ]
        }
        coordIndex [
            0,1,2,-1,2,1,3,-1,4,5,6,-1,6,5,7,-1,2,4,0,-1,0,4,6,-1,8,9,10,-1,10,9,11,-1,12,13,14,-1,14,13,15,-1,10,12,8,-1,8,12,14,-1,16,17,18,-1,18,17,19,-1,20,21,22,-1,22,21,23,-1,18,20,16,-1,16,20,22,-1,24,25,26,-1,26,25,27,-1,28,29,30,-1,30,29,31,-1,26,28,24,-1,24,28,30,-1,32,33,34,-1,34,33,35,-1,36,37,38,-1,38,37,39,-1,34,36,32,-1,32,36,38,-1,40,41,42,-1,42,41,43,-1,44,45,46,-1,46,45,47,-1,42,44,40,-1,40,44,46,-1,48,49,50,-1,50,49,51,-1,52,53,54,-1,54,53,55,-1,50,52,48,-1,48,52,54,-1,56,57,58,-1,58,57,59,-1,60,61,62,-1,62,61,63,-1,58,60,56,-1,56,60,62,-1,64,65,66,-1,66,65,67,-1,68,69,70,-1,70,69,71,-1,66,68,64,-1,64,68,70,-1,72,73,74,-1,74,73,75,-1,76,77,78,-1,78,77,79,-1,74,76,72,-1,72,76,78,-1,80,81,82,-1,82,81,83,-1,84,85,86,-1,86,85,87,-1,82,84,80,-1,80,84,86,-1,88,89,90,-1,90,89,91,-1,92,93,94,-1,94,93,95,-1,90,92,88,-1,88,92,94,-1,96,97,98,-1,98,97,99,-1,100,101,102,-1,102,101,103,-1,98,100,96,-1,96,100,102,-1,104,105,106,-1,106,105,107,-1,108,109,110,-1,110,109,111,-1,106,108,104,-1,104,108,110,-1,112,113,114,-1,114,113,115,-1,116,117,118,-1,118,117,119,-1,114,116,112,-1,112,116,118,-1,
        ]
    }
}
Shape{
    appearance Appearance {
        material  Material 	{
            diffuseColor 0.9686274509803922 0.8784313725490196 0.6
            specularColor 0.6784313725490196 0.615686274509804 0.4196078431372549
            ambientIntensity 0.8737
            transparency 0.0
            shininess 0.5
        }
    }
    geometry IndexedFaceSet {
        ccw TRUE
        solid FALSE
        coord DEF co Coordinate {
            point [
                1.1319 0.1063 0.0787, 1.1319 0.1063 0.1969, 1.0728 0.1063 0.0787, 1.0728 0.1063 0.1969, 1.1319 0.126 0.1969, 1.1319 0.126 0.0787, 1.0728 0.126 0.1969, 1.0728 0.126 0.0787
            ]
        }
        coordIndex [
            0,1,2,-1,2,1,3,-1,4,5,6,-1,6,5,7,-1,1,4,3,-1,3,4,6,-1,5,4,0,-1,0,4,1,-1,6,7,3,-1,3,7,2,-1,
        ]
    }
}
Shape{
    appearance Appearance {
        material  Material 	{
            diffuseColor 0.25098039215686274 0.25098039215686274 0.25098039215686274
            specularColor 0.12549019607843137 0.12549019607843137 0.12549019607843137
            ambientIntensity 0.251
            transparency 0.0
            shininess 0.5
        }
    }
    geometry IndexedFaceSet {
        ccw TRUE
        solid FALSE
        coord DEF co Coordinate {
            point [
                -1.063 -0.1378 0.0787, -1.063 -0.1378 0.2362, -1.063 -0.1319 0.0787, -1.063 -0.0984 0.2362, -1.063 -0.0984 0.0787, -1.1417 -0.0984 0.0787, -1.1417 -0.0984 0.2362, -1.1417 -0.1319 0.0787, -1.1417 -0.1378 0.2362, -1.1417 -0.1378 0.0787, -0.9055 -0.1378 0.0787, -0.9055 -0.1378 0.2362, -0.9055 -0.1319 0.0787, -0.9055 -0.0984 0.2362, -0.9055 -0.0984 0.0787, -0.9843 -0.0984 0.0787, -0.9843 -0.0984 0.2362, -0.9843 -0.1319 0.0787, -0.9843 -0.1378 0.2362, -0.9843 -0.1378 0.0787, -0.748 -0.1378 0.0787, -0.748 -0.1378 0.2362, -0.748 -0.1319 0.0787, -0.748 -0.0984 0.2362, -0.748 -0.0984 0.0787, -0.8268 -0.0984 0.0787, -0.8268 -0.0984 0.2362, -0.8268 -0.1319 0.0787, -0.8268 -0.1378 0.2362, -0.8268 -0.1378 0.0787, -0.5906 -0.1378 0.0787, -0.5906 -0.1378 0.2362, -0.5906 -0.1319 0.0787, -0.5906 -0.0984 0.2362, -0.5906 -0.0984 0.0787, -0.6693 -0.0984 0.0787, -0.6693 -0.0984 0.2362, -0.6693 -0.1319 0.0787, -0.6693 -0.1378 0.2362, -0.6693 -0.1378 0.0787, -0.4331 -0.1378 0.0787, -0.4331 -0.1378 0.2362, -0.4331 -0.1319 0.0787, -0.4331 -0.0984 0.2362, -0.4331 -0.0984 0.0787, -0.5118 -0.0984 0.0787, -0.5118 -0.0984 0.2362, -0.5118 -0.1319 0.0787, -0.5118 -0.1378 0.2362, -0.5118 -0.1378 0.0787, -0.2756 -0.1378 0.0787, -0.2756 -0.1378 0.2362, -0.2756 -0.1319 0.0787, -0.2756 -0.0984 0.2362, -0.2756 -0.0984 0.0787, -0.3543 -0.0984 0.0787, -0.3543 -0.0984 0.2362, -0.3543 -0.1319 0.0787, -0.3543 -0.1378 0.2362, -0.3543 -0.1378 0.0787, -0.1181 -0.1378 0.0787, -0.1181 -0.1378 0.2362, -0.1181 -0.1319 0.0787, -0.1181 -0.0984 0.2362, -0.1181 -0.0984 0.0787, -0.1969 -0.0984 0.0787, -0.1969 -0.0984 0.2362, -0.1969 -0.1319 0.0787, -0.1969 -0.1378 0.2362, -0.1969 -0.1378 0.0787, 0.0394 -0.1378 0.0787, 0.0394 -0.1378 0.2362, 0.0394 -0.1319 0.0787, 0.0394 -0.0984 0.2362, 0.0394 -0.0984 0.0787, -0.0394 -0.0984 0.0787, -0.0394 -0.0984 0.2362, -0.0394 -0.1319 0.0787, -0.0394 -0.1378 0.2362, -0.0394 -0.1378 0.0787, 0.1969 -0.1378 0.0787, 0.1969 -0.1378 0.2362, 0.1969 -0.1319 0.0787, 0.1969 -0.0984 0.2362, 0.1969 -0.0984 0.0787, 0.1181 -0.0984 0.0787, 0.1181 -0.0984 0.2362, 0.1181 -0.1319 0.0787, 0.1181 -0.1378 0.2362, 0.1181 -0.1378 0.0787, 0.3543 -0.1378 0.0787, 0.3543 -0.1378 0.2362, 0.3543 -0.1319 0.0787, 0.3543 -0.0984 0.2362, 0.3543 -0.0984 0.0787, 0.2756 -0.0984 0.0787, 0.2756 -0.0984 0.2362, 0.2756 -0.1319 0.0787, 0.2756 -0.1378 0.2362, 0.2756 -0.1378 0.0787, 0.5118 -0.1378 0.0787, 0.5118 -0.1378 0.2362, 0.5118 -0.1319 0.0787, 0.5118 -0.0984 0.2362, 0.5118 -0.0984 0.0787, 0.4331 -0.0984 0.0787, 0.4331 -0.0984 0.2362, 0.4331 -0.1319 0.0787, 0.4331 -0.1378 0.2362, 0.4331 -0.1378 0.0787, 0.6693 -0.1378 0.0787, 0.6693 -0.1378 0.2362, 0.6693 -0.1319 0.0787, 0.6693 -0.0984 0.2362, 0.6693 -0.0984 0.0787, 0.5906 -0.0984 0.0787, 0.5906 -0.0984 0.2362, 0.5906 -0.1319 0.0787, 0.5906 -0.1378 0.2362, 0.5906 -0.1378 0.0787, 0.8268 -0.1378 0.0787, 0.8268 -0.1378 0.2362, 0.8268 -0.1319 0.0787, 0.8268 -0.0984 0.2362, 0.8268 -0.0984 0.0787, 0.748 -0.0984 0.0787, 0.748 -0.0984 0.2362, 0.748 -0.1319 0.0787, 0.748 -0.1378 0.2362, 0.748 -0.1378 0.0787, 0.9843 -0.1378 0.0787, 0.9843 -0.1378 0.2362, 0.9843 -0.1319 0.0787, 0.9843 -0.0984 0.2362, 0.9843 -0.0984 0.0787, 0.9055 -0.0984 0.0787, 0.9055 -0.0984 0.2362, 0.9055 -0.1319 0.0787, 0.9055 -0.1378 0.2362, 0.9055 -0.1378 0.0787, 1.1417 -0.1378 0.0787, 1.1417 -0.1378 0.2362, 1.1417 -0.1319 0.0787, 1.1417 -0.0984 0.2362, 1.1417 -0.0984 0.0787, 1.063 -0.0984 0.0787, 1.063 -0.0984 0.2362, 1.063 -0.1319 0.0787, 1.063 -0.1378 0.2362, 1.063 -0.1378 0.0787
            ]
        }
        coordIndex [
            0,1,2,-1,2,1,3,-1,2,3,4,-1,5,6,7,-1,7,6,8,-1,7,8,9,-1,6,5,3,-1,3,5,4,-1,10,11,12,-1,12,11,13,-1,12,13,14,-1,15,16,17,-1,17,16,18,-1,17,18,19,-1,16,15,13,-1,13,15,14,-1,20,21,22,-1,22,21,23,-1,22,23,24,-1,25,26,27,-1,27,26,28,-1,27,28,29,-1,26,25,23,-1,23,25,24,-1,30,31,32,-1,32,31,33,-1,32,33,34,-1,35,36,37,-1,37,36,38,-1,37,38,39,-1,36,35,33,-1,33,35,34,-1,40,41,42,-1,42,41,43,-1,42,43,44,-1,45,46,47,-1,47,46,48,-1,47,48,49,-1,46,45,43,-1,43,45,44,-1,50,51,52,-1,52,51,53,-1,52,53,54,-1,55,56,57,-1,57,56,58,-1,57,58,59,-1,56,55,53,-1,53,55,54,-1,60,61,62,-1,62,61,63,-1,62,63,64,-1,65,66,67,-1,67,66,68,-1,67,68,69,-1,66,65,63,-1,63,65,64,-1,70,71,72,-1,72,71,73,-1,72,73,74,-1,75,76,77,-1,77,76,78,-1,77,78,79,-1,76,75,73,-1,73,75,74,-1,80,81,82,-1,82,81,83,-1,82,83,84,-1,85,86,87,-1,87,86,88,-1,87,88,89,-1,86,85,83,-1,83,85,84,-1,90,91,92,-1,92,91,93,-1,92,93,94,-1,95,96,97,-1,97,96,98,-1,97,98,99,-1,96,95,93,-1,93,95,94,-1,100,101,102,-1,102,101,103,-1,102,103,104,-1,105,106,107,-1,107,106,108,-1,107,108,109,-1,106,105,103,-1,103,105,104,-1,110,111,112,-1,112,111,113,-1,112,113,114,-1,115,116,117,-1,117,116,118,-1,117,118,119,-1,116,115,113,-1,113,115,114,-1,120,121,122,-1,122,121,123,-1,122,123,124,-1,125,126,127,-1,127,126,128,-1,127,128,129,-1,126,125,123,-1,123,125,124,-1,130,131,132,-1,132,131,133,-1,132,133,134,-1,135,136,137,-1,137,136,138,-1,137,138,139,-1,136,135,133,-1,133,135,134,-1,140,141,142,-1,142,141,143,-1,142,143,144,-1,145,146,147,-1,147,146,148,-1,147,148,149,-1,146,145,143,-1,143,145,144,-1,
        ]
    }
}
Shape{
    appearance Appearance {
        material  Material 	{
            diffuseColor 0.9686274509803922 0.8784313725490196 0.6
            specularColor 0.6784313725490196 0.615686274509804 0.4196078431372549
            ambientIntensity 0.8737
            transparency 0.0
            shininess 0.5
        }
    }
    geometry IndexedFaceSet {
        ccw TRUE
        solid FALSE
        coord DEF co Coordinate {
            point [
                1.1319 -0.4921 0.0, 1.1319 -0.4921 0.0197, 1.0728 -0.4921 0.0, 1.0728 -0.4921 0.0197, 1.1319 -0.4134 0.0, 1.0728 -0.4134 0.0, 1.1319 -0.4134 0.0197, 1.1319 -0.4134 0.0079, 1.1319 -0.405 0.0009, 1.1319 -0.397 0.0036, 1.1319 -0.3898 0.0079, 1.0728 -0.4134 0.0197, 1.0728 -0.4134 0.0079, 1.0728 -0.3898 0.0079, 1.0728 -0.397 0.0036, 1.0728 -0.405 0.0009, 1.1319 -0.4112 0.2628, 1.1319 -0.4112 0.2786, 1.0728 -0.4112 0.2628, 1.0728 -0.4112 0.2786, 1.0728 -0.4097 0.2494, 1.1319 -0.4097 0.2494, 1.0728 -0.4051 0.2367, 1.1319 -0.4051 0.2367, 1.0728 -0.3978 0.2253, 1.1319 -0.3978 0.2253, 1.0728 -0.3881 0.216, 1.1319 -0.3881 0.216, 1.0728 -0.3766 0.209, 1.1319 -0.3766 0.209, 1.1319 -0.375 0.2083, 1.0728 -0.375 0.2083, 1.1319 -0.3867 0.1864, 1.0728 -0.3867 0.1864, 1.0728 -0.3919 0.1729, 1.1319 -0.3919 0.1729, 1.0728 -0.3937 0.1586, 1.1319 -0.3937 0.1586, 1.1319 -0.3937 0.0787, 1.0728 -0.3937 0.0787, 1.0728 -0.374 0.1586, 1.1319 -0.374 0.1586, 1.0728 -0.374 0.0787, 1.1319 -0.374 0.0787, 1.1319 -0.3728 0.1681, 1.0728 -0.3728 0.1681, 1.1319 -0.3694 0.1771, 1.0728 -0.3694 0.1771, 1.1319 -0.3576 0.199, 1.0728 -0.3576 0.199, 1.0728 -0.356 0.2033, 1.1319 -0.356 0.2033, 1.0728 -0.3553 0.2078, 1.1319 -0.3553 0.2078, 1.0728 -0.3557 0.2124, 1.1319 -0.3557 0.2124, 1.0728 -0.3572 0.2167, 1.1319 -0.3572 0.2167, 1.0728 -0.3597 0.2206, 1.1319 -0.3597 0.2206, 1.0728 -0.3629 0.2239, 1.1319 -0.3629 0.2239, 1.0728 -0.3669 0.2262, 1.1319 -0.3669 0.2262, 1.1319 -0.3684 0.2269, 1.0728 -0.3684 0.2269, 1.1319 -0.3761 0.2316, 1.0728 -0.3761 0.2316, 1.1319 -0.3826 0.2378, 1.0728 -0.3826 0.2378, 1.1319 -0.3875 0.2454, 1.0728 -0.3875 0.2454, 1.1319 -0.3905 0.2539, 1.0728 -0.3905 0.2539, 1.1319 -0.3915 0.2628, 1.0728 -0.3915 0.2628, 1.1319 -0.3915 0.2786, 1.0728 -0.3915 0.2786, 1.1319 -0.1063 0.1969, 1.1319 -0.1063 0.0787, 1.0728 -0.1063 0.1969, 1.0728 -0.1063 0.0787, 1.1319 -0.126 0.1969, 1.0728 -0.126 0.1969, 1.1319 -0.126 0.0787, 1.0728 -0.126 0.0787, 0.9744 -0.4921 0.0, 0.9744 -0.4921 0.0197, 0.9154 -0.4921 0.0, 0.9154 -0.4921 0.0197, 0.9744 -0.4134 0.0, 0.9154 -0.4134 0.0, 0.9744 -0.4134 0.0197, 0.9744 -0.4134 0.0079, 0.9744 -0.405 0.0009, 0.9744 -0.397 0.0036, 0.9744 -0.3898 0.0079, 0.9154 -0.4134 0.0197, 0.9154 -0.4134 0.0079, 0.9154 -0.3898 0.0079, 0.9154 -0.397 0.0036, 0.9154 -0.405 0.0009, 0.9744 -0.4112 0.2628, 0.9744 -0.4112 0.2786, 0.9154 -0.4112 0.2628, 0.9154 -0.4112 0.2786, 0.9154 -0.4097 0.2494, 0.9744 -0.4097 0.2494, 0.9154 -0.4051 0.2367, 0.9744 -0.4051 0.2367, 0.9154 -0.3978 0.2253, 0.9744 -0.3978 0.2253, 0.9154 -0.3881 0.216, 0.9744 -0.3881 0.216, 0.9154 -0.3766 0.209, 0.9744 -0.3766 0.209, 0.9744 -0.375 0.2083, 0.9154 -0.375 0.2083, 0.9744 -0.3867 0.1864, 0.9154 -0.3867 0.1864, 0.9154 -0.3919 0.1729, 0.9744 -0.3919 0.1729, 0.9154 -0.3937 0.1586, 0.9744 -0.3937 0.1586, 0.9744 -0.3937 0.0787, 0.9154 -0.3937 0.0787, 0.9154 -0.374 0.1586, 0.9744 -0.374 0.1586, 0.9154 -0.374 0.0787, 0.9744 -0.374 0.0787, 0.9744 -0.3728 0.1681, 0.9154 -0.3728 0.1681, 0.9744 -0.3694 0.1771, 0.9154 -0.3694 0.1771, 0.9744 -0.3576 0.199, 0.9154 -0.3576 0.199, 0.9154 -0.356 0.2033, 0.9744 -0.356 0.2033, 0.9154 -0.3553 0.2078, 0.9744 -0.3553 0.2078, 0.9154 -0.3557 0.2124, 0.9744 -0.3557 0.2124, 0.9154 -0.3572 0.2167, 0.9744 -0.3572 0.2167, 0.9154 -0.3597 0.2206, 0.9744 -0.3597 0.2206, 0.9154 -0.3629 0.2239, 0.9744 -0.3629 0.2239, 0.9154 -0.3669 0.2262, 0.9744 -0.3669 0.2262, 0.9744 -0.3684 0.2269, 0.9154 -0.3684 0.2269, 0.9744 -0.3761 0.2316, 0.9154 -0.3761 0.2316, 0.9744 -0.3826 0.2378, 0.9154 -0.3826 0.2378, 0.9744 -0.3875 0.2454, 0.9154 -0.3875 0.2454, 0.9744 -0.3905 0.2539, 0.9154 -0.3905 0.2539, 0.9744 -0.3915 0.2628, 0.9154 -0.3915 0.2628, 0.9744 -0.3915 0.2786, 0.9154 -0.3915 0.2786, 0.9744 -0.1063 0.1969, 0.9744 -0.1063 0.0787, 0.9154 -0.1063 0.1969, 0.9154 -0.1063 0.0787, 0.9744 -0.126 0.1969, 0.9154 -0.126 0.1969, 0.9744 -0.126 0.0787, 0.9154 -0.126 0.0787, 0.8169 -0.4921 0.0, 0.8169 -0.4921 0.0197, 0.7579 -0.4921 0.0, 0.7579 -0.4921 0.0197, 0.8169 -0.4134 0.0, 0.7579 -0.4134 0.0, 0.8169 -0.4134 0.0197, 0.8169 -0.4134 0.0079, 0.8169 -0.405 0.0009, 0.8169 -0.397 0.0036, 0.8169 -0.3898 0.0079, 0.7579 -0.4134 0.0197, 0.7579 -0.4134 0.0079, 0.7579 -0.3898 0.0079, 0.7579 -0.397 0.0036, 0.7579 -0.405 0.0009, 0.8169 -0.4112 0.2628, 0.8169 -0.4112 0.2786, 0.7579 -0.4112 0.2628, 0.7579 -0.4112 0.2786, 0.7579 -0.4097 0.2494, 0.8169 -0.4097 0.2494, 0.7579 -0.4051 0.2367, 0.8169 -0.4051 0.2367, 0.7579 -0.3978 0.2253, 0.8169 -0.3978 0.2253, 0.7579 -0.3881 0.216, 0.8169 -0.3881 0.216, 0.7579 -0.3766 0.209, 0.8169 -0.3766 0.209, 0.8169 -0.375 0.2083, 0.7579 -0.375 0.2083, 0.8169 -0.3867 0.1864, 0.7579 -0.3867 0.1864, 0.7579 -0.3919 0.1729, 0.8169 -0.3919 0.1729, 0.7579 -0.3937 0.1586, 0.8169 -0.3937 0.1586, 0.8169 -0.3937 0.0787, 0.7579 -0.3937 0.0787, 0.7579 -0.374 0.1586, 0.8169 -0.374 0.1586, 0.7579 -0.374 0.0787, 0.8169 -0.374 0.0787, 0.8169 -0.3728 0.1681, 0.7579 -0.3728 0.1681, 0.8169 -0.3694 0.1771, 0.7579 -0.3694 0.1771, 0.8169 -0.3576 0.199, 0.7579 -0.3576 0.199, 0.7579 -0.356 0.2033, 0.8169 -0.356 0.2033, 0.7579 -0.3553 0.2078, 0.8169 -0.3553 0.2078, 0.7579 -0.3557 0.2124, 0.8169 -0.3557 0.2124, 0.7579 -0.3572 0.2167, 0.8169 -0.3572 0.2167, 0.7579 -0.3597 0.2206, 0.8169 -0.3597 0.2206, 0.7579 -0.3629 0.2239, 0.8169 -0.3629 0.2239, 0.7579 -0.3669 0.2262, 0.8169 -0.3669 0.2262, 0.8169 -0.3684 0.2269, 0.7579 -0.3684 0.2269, 0.8169 -0.3761 0.2316, 0.7579 -0.3761 0.2316, 0.8169 -0.3826 0.2378, 0.7579 -0.3826 0.2378, 0.8169 -0.3875 0.2454, 0.7579 -0.3875 0.2454, 0.8169 -0.3905 0.2539, 0.7579 -0.3905 0.2539, 0.8169 -0.3915 0.2628, 0.7579 -0.3915 0.2628, 0.8169 -0.3915 0.2786, 0.7579 -0.3915 0.2786, 0.8169 -0.1063 0.1969, 0.8169 -0.1063 0.0787, 0.7579 -0.1063 0.1969, 0.7579 -0.1063 0.0787, 0.8169 -0.126 0.1969, 0.7579 -0.126 0.1969, 0.8169 -0.126 0.0787, 0.7579 -0.126 0.0787, 0.6594 -0.4921 0.0, 0.6594 -0.4921 0.0197, 0.6004 -0.4921 0.0, 0.6004 -0.4921 0.0197, 0.6594 -0.4134 0.0, 0.6004 -0.4134 0.0, 0.6594 -0.4134 0.0197, 0.6594 -0.4134 0.0079, 0.6594 -0.405 0.0009, 0.6594 -0.397 0.0036, 0.6594 -0.3898 0.0079, 0.6004 -0.4134 0.0197, 0.6004 -0.4134 0.0079, 0.6004 -0.3898 0.0079, 0.6004 -0.397 0.0036, 0.6004 -0.405 0.0009, 0.6594 -0.4112 0.2628, 0.6594 -0.4112 0.2786, 0.6004 -0.4112 0.2628, 0.6004 -0.4112 0.2786, 0.6004 -0.4097 0.2494, 0.6594 -0.4097 0.2494, 0.6004 -0.4051 0.2367, 0.6594 -0.4051 0.2367, 0.6004 -0.3978 0.2253, 0.6594 -0.3978 0.2253, 0.6004 -0.3881 0.216, 0.6594 -0.3881 0.216, 0.6004 -0.3766 0.209, 0.6594 -0.3766 0.209, 0.6594 -0.375 0.2083, 0.6004 -0.375 0.2083, 0.6594 -0.3867 0.1864, 0.6004 -0.3867 0.1864, 0.6004 -0.3919 0.1729, 0.6594 -0.3919 0.1729, 0.6004 -0.3937 0.1586, 0.6594 -0.3937 0.1586, 0.6594 -0.3937 0.0787, 0.6004 -0.3937 0.0787, 0.6004 -0.374 0.1586, 0.6594 -0.374 0.1586, 0.6004 -0.374 0.0787, 0.6594 -0.374 0.0787, 0.6594 -0.3728 0.1681, 0.6004 -0.3728 0.1681, 0.6594 -0.3694 0.1771, 0.6004 -0.3694 0.1771, 0.6594 -0.3576 0.199, 0.6004 -0.3576 0.199, 0.6004 -0.356 0.2033, 0.6594 -0.356 0.2033, 0.6004 -0.3553 0.2078, 0.6594 -0.3553 0.2078, 0.6004 -0.3557 0.2124, 0.6594 -0.3557 0.2124, 0.6004 -0.3572 0.2167, 0.6594 -0.3572 0.2167, 0.6004 -0.3597 0.2206, 0.6594 -0.3597 0.2206, 0.6004 -0.3629 0.2239, 0.6594 -0.3629 0.2239, 0.6004 -0.3669 0.2262, 0.6594 -0.3669 0.2262, 0.6594 -0.3684 0.2269, 0.6004 -0.3684 0.2269, 0.6594 -0.3761 0.2316, 0.6004 -0.3761 0.2316, 0.6594 -0.3826 0.2378, 0.6004 -0.3826 0.2378, 0.6594 -0.3875 0.2454, 0.6004 -0.3875 0.2454, 0.6594 -0.3905 0.2539, 0.6004 -0.3905 0.2539, 0.6594 -0.3915 0.2628, 0.6004 -0.3915 0.2628, 0.6594 -0.3915 0.2786, 0.6004 -0.3915 0.2786, 0.6594 -0.1063 0.1969, 0.6594 -0.1063 0.0787, 0.6004 -0.1063 0.1969, 0.6004 -0.1063 0.0787, 0.6594 -0.126 0.1969, 0.6004 -0.126 0.1969, 0.6594 -0.126 0.0787, 0.6004 -0.126 0.0787, 0.502 -0.4921 0.0, 0.502 -0.4921 0.0197, 0.4429 -0.4921 0.0, 0.4429 -0.4921 0.0197, 0.502 -0.4134 0.0, 0.4429 -0.4134 0.0, 0.502 -0.4134 0.0197, 0.502 -0.4134 0.0079, 0.502 -0.405 0.0009, 0.502 -0.397 0.0036, 0.502 -0.3898 0.0079, 0.4429 -0.4134 0.0197, 0.4429 -0.4134 0.0079, 0.4429 -0.3898 0.0079, 0.4429 -0.397 0.0036, 0.4429 -0.405 0.0009, 0.502 -0.4112 0.2628, 0.502 -0.4112 0.2786, 0.4429 -0.4112 0.2628, 0.4429 -0.4112 0.2786, 0.4429 -0.4097 0.2494, 0.502 -0.4097 0.2494, 0.4429 -0.4051 0.2367, 0.502 -0.4051 0.2367, 0.4429 -0.3978 0.2253, 0.502 -0.3978 0.2253, 0.4429 -0.3881 0.216, 0.502 -0.3881 0.216, 0.4429 -0.3766 0.209, 0.502 -0.3766 0.209, 0.502 -0.375 0.2083, 0.4429 -0.375 0.2083, 0.502 -0.3867 0.1864, 0.4429 -0.3867 0.1864, 0.4429 -0.3919 0.1729, 0.502 -0.3919 0.1729, 0.4429 -0.3937 0.1586, 0.502 -0.3937 0.1586, 0.502 -0.3937 0.0787, 0.4429 -0.3937 0.0787, 0.4429 -0.374 0.1586, 0.502 -0.374 0.1586, 0.4429 -0.374 0.0787, 0.502 -0.374 0.0787, 0.502 -0.3728 0.1681, 0.4429 -0.3728 0.1681, 0.502 -0.3694 0.1771, 0.4429 -0.3694 0.1771, 0.502 -0.3576 0.199, 0.4429 -0.3576 0.199, 0.4429 -0.356 0.2033, 0.502 -0.356 0.2033, 0.4429 -0.3553 0.2078, 0.502 -0.3553 0.2078, 0.4429 -0.3557 0.2124, 0.502 -0.3557 0.2124, 0.4429 -0.3572 0.2167, 0.502 -0.3572 0.2167, 0.4429 -0.3597 0.2206, 0.502 -0.3597 0.2206, 0.4429 -0.3629 0.2239, 0.502 -0.3629 0.2239, 0.4429 -0.3669 0.2262, 0.502 -0.3669 0.2262, 0.502 -0.3684 0.2269, 0.4429 -0.3684 0.2269, 0.502 -0.3761 0.2316, 0.4429 -0.3761 0.2316, 0.502 -0.3826 0.2378, 0.4429 -0.3826 0.2378, 0.502 -0.3875 0.2454, 0.4429 -0.3875 0.2454, 0.502 -0.3905 0.2539, 0.4429 -0.3905 0.2539, 0.502 -0.3915 0.2628, 0.4429 -0.3915 0.2628, 0.502 -0.3915 0.2786, 0.4429 -0.3915 0.2786, 0.502 -0.1063 0.1969, 0.502 -0.1063 0.0787, 0.4429 -0.1063 0.1969, 0.4429 -0.1063 0.0787, 0.502 -0.126 0.1969, 0.4429 -0.126 0.1969, 0.502 -0.126 0.0787, 0.4429 -0.126 0.0787, 0.3445 -0.4921 0.0, 0.3445 -0.4921 0.0197, 0.2854 -0.4921 0.0, 0.2854 -0.4921 0.0197, 0.3445 -0.4134 0.0, 0.2854 -0.4134 0.0, 0.3445 -0.4134 0.0197, 0.3445 -0.4134 0.0079, 0.3445 -0.405 0.0009, 0.3445 -0.397 0.0036, 0.3445 -0.3898 0.0079, 0.2854 -0.4134 0.0197, 0.2854 -0.4134 0.0079, 0.2854 -0.3898 0.0079, 0.2854 -0.397 0.0036, 0.2854 -0.405 0.0009, 0.3445 -0.4112 0.2628, 0.3445 -0.4112 0.2786, 0.2854 -0.4112 0.2628, 0.2854 -0.4112 0.2786, 0.2854 -0.4097 0.2494, 0.3445 -0.4097 0.2494, 0.2854 -0.4051 0.2367, 0.3445 -0.4051 0.2367, 0.2854 -0.3978 0.2253, 0.3445 -0.3978 0.2253, 0.2854 -0.3881 0.216, 0.3445 -0.3881 0.216, 0.2854 -0.3766 0.209, 0.3445 -0.3766 0.209, 0.3445 -0.375 0.2083, 0.2854 -0.375 0.2083, 0.3445 -0.3867 0.1864, 0.2854 -0.3867 0.1864, 0.2854 -0.3919 0.1729, 0.3445 -0.3919 0.1729, 0.2854 -0.3937 0.1586, 0.3445 -0.3937 0.1586, 0.3445 -0.3937 0.0787, 0.2854 -0.3937 0.0787, 0.2854 -0.374 0.1586, 0.3445 -0.374 0.1586, 0.2854 -0.374 0.0787, 0.3445 -0.374 0.0787, 0.3445 -0.3728 0.1681, 0.2854 -0.3728 0.1681, 0.3445 -0.3694 0.1771, 0.2854 -0.3694 0.1771, 0.3445 -0.3576 0.199, 0.2854 -0.3576 0.199, 0.2854 -0.356 0.2033, 0.3445 -0.356 0.2033, 0.2854 -0.3553 0.2078, 0.3445 -0.3553 0.2078, 0.2854 -0.3557 0.2124, 0.3445 -0.3557 0.2124, 0.2854 -0.3572 0.2167, 0.3445 -0.3572 0.2167, 0.2854 -0.3597 0.2206, 0.3445 -0.3597 0.2206, 0.2854 -0.3629 0.2239, 0.3445 -0.3629 0.2239, 0.2854 -0.3669 0.2262, 0.3445 -0.3669 0.2262, 0.3445 -0.3684 0.2269, 0.2854 -0.3684 0.2269, 0.3445 -0.3761 0.2316, 0.2854 -0.3761 0.2316, 0.3445 -0.3826 0.2378, 0.2854 -0.3826 0.2378, 0.3445 -0.3875 0.2454, 0.2854 -0.3875 0.2454, 0.3445 -0.3905 0.2539, 0.2854 -0.3905 0.2539, 0.3445 -0.3915 0.2628, 0.2854 -0.3915 0.2628, 0.3445 -0.3915 0.2786, 0.2854 -0.3915 0.2786, 0.3445 -0.1063 0.1969, 0.3445 -0.1063 0.0787, 0.2854 -0.1063 0.1969, 0.2854 -0.1063 0.0787, 0.3445 -0.126 0.1969, 0.2854 -0.126 0.1969, 0.3445 -0.126 0.0787, 0.2854 -0.126 0.0787, 0.187 -0.4921 0.0, 0.187 -0.4921 0.0197, 0.128 -0.4921 0.0, 0.128 -0.4921 0.0197, 0.187 -0.4134 0.0, 0.128 -0.4134 0.0, 0.187 -0.4134 0.0197, 0.187 -0.4134 0.0079, 0.187 -0.405 0.0009, 0.187 -0.397 0.0036, 0.187 -0.3898 0.0079, 0.128 -0.4134 0.0197, 0.128 -0.4134 0.0079, 0.128 -0.3898 0.0079, 0.128 -0.397 0.0036, 0.128 -0.405 0.0009, 0.187 -0.4112 0.2628, 0.187 -0.4112 0.2786, 0.128 -0.4112 0.2628, 0.128 -0.4112 0.2786, 0.128 -0.4097 0.2494, 0.187 -0.4097 0.2494, 0.128 -0.4051 0.2367, 0.187 -0.4051 0.2367, 0.128 -0.3978 0.2253, 0.187 -0.3978 0.2253, 0.128 -0.3881 0.216, 0.187 -0.3881 0.216, 0.128 -0.3766 0.209, 0.187 -0.3766 0.209, 0.187 -0.375 0.2083, 0.128 -0.375 0.2083, 0.187 -0.3867 0.1864, 0.128 -0.3867 0.1864, 0.128 -0.3919 0.1729, 0.187 -0.3919 0.1729, 0.128 -0.3937 0.1586, 0.187 -0.3937 0.1586, 0.187 -0.3937 0.0787, 0.128 -0.3937 0.0787, 0.128 -0.374 0.1586, 0.187 -0.374 0.1586, 0.128 -0.374 0.0787, 0.187 -0.374 0.0787, 0.187 -0.3728 0.1681, 0.128 -0.3728 0.1681, 0.187 -0.3694 0.1771, 0.128 -0.3694 0.1771, 0.187 -0.3576 0.199, 0.128 -0.3576 0.199, 0.128 -0.356 0.2033, 0.187 -0.356 0.2033, 0.128 -0.3553 0.2078, 0.187 -0.3553 0.2078, 0.128 -0.3557 0.2124, 0.187 -0.3557 0.2124, 0.128 -0.3572 0.2167, 0.187 -0.3572 0.2167, 0.128 -0.3597 0.2206, 0.187 -0.3597 0.2206, 0.128 -0.3629 0.2239, 0.187 -0.3629 0.2239, 0.128 -0.3669 0.2262, 0.187 -0.3669 0.2262, 0.187 -0.3684 0.2269, 0.128 -0.3684 0.2269, 0.187 -0.3761 0.2316, 0.128 -0.3761 0.2316, 0.187 -0.3826 0.2378, 0.128 -0.3826 0.2378, 0.187 -0.3875 0.2454, 0.128 -0.3875 0.2454, 0.187 -0.3905 0.2539, 0.128 -0.3905 0.2539, 0.187 -0.3915 0.2628, 0.128 -0.3915 0.2628, 0.187 -0.3915 0.2786, 0.128 -0.3915 0.2786, 0.187 -0.1063 0.1969, 0.187 -0.1063 0.0787, 0.128 -0.1063 0.1969, 0.128 -0.1063 0.0787, 0.187 -0.126 0.1969, 0.128 -0.126 0.1969, 0.187 -0.126 0.0787, 0.128 -0.126 0.0787, 0.0295 -0.4921 0.0, 0.0295 -0.4921 0.0197, -0.0295 -0.4921 0.0, -0.0295 -0.4921 0.0197, 0.0295 -0.4134 0.0, -0.0295 -0.4134 0.0, 0.0295 -0.4134 0.0197, 0.0295 -0.4134 0.0079, 0.0295 -0.405 0.0009, 0.0295 -0.397 0.0036, 0.0295 -0.3898 0.0079, -0.0295 -0.4134 0.0197, -0.0295 -0.4134 0.0079, -0.0295 -0.3898 0.0079, -0.0295 -0.397 0.0036, -0.0295 -0.405 0.0009, 0.0295 -0.4112 0.2628, 0.0295 -0.4112 0.2786, -0.0295 -0.4112 0.2628, -0.0295 -0.4112 0.2786, -0.0295 -0.4097 0.2494, 0.0295 -0.4097 0.2494, -0.0295 -0.4051 0.2367, 0.0295 -0.4051 0.2367, -0.0295 -0.3978 0.2253, 0.0295 -0.3978 0.2253, -0.0295 -0.3881 0.216, 0.0295 -0.3881 0.216, -0.0295 -0.3766 0.209, 0.0295 -0.3766 0.209, 0.0295 -0.375 0.2083, -0.0295 -0.375 0.2083, 0.0295 -0.3867 0.1864, -0.0295 -0.3867 0.1864, -0.0295 -0.3919 0.1729, 0.0295 -0.3919 0.1729, -0.0295 -0.3937 0.1586, 0.0295 -0.3937 0.1586, 0.0295 -0.3937 0.0787, -0.0295 -0.3937 0.0787, -0.0295 -0.374 0.1586, 0.0295 -0.374 0.1586, -0.0295 -0.374 0.0787, 0.0295 -0.374 0.0787, 0.0295 -0.3728 0.1681, -0.0295 -0.3728 0.1681, 0.0295 -0.3694 0.1771, -0.0295 -0.3694 0.1771, 0.0295 -0.3576 0.199, -0.0295 -0.3576 0.199, -0.0295 -0.356 0.2033, 0.0295 -0.356 0.2033, -0.0295 -0.3553 0.2078, 0.0295 -0.3553 0.2078, -0.0295 -0.3557 0.2124, 0.0295 -0.3557 0.2124, -0.0295 -0.3572 0.2167, 0.0295 -0.3572 0.2167, -0.0295 -0.3597 0.2206, 0.0295 -0.3597 0.2206, -0.0295 -0.3629 0.2239, 0.0295 -0.3629 0.2239, -0.0295 -0.3669 0.2262, 0.0295 -0.3669 0.2262, 0.0295 -0.3684 0.2269, -0.0295 -0.3684 0.2269, 0.0295 -0.3761 0.2316, -0.0295 -0.3761 0.2316, 0.0295 -0.3826 0.2378, -0.0295 -0.3826 0.2378, 0.0295 -0.3875 0.2454, -0.0295 -0.3875 0.2454, 0.0295 -0.3905 0.2539, -0.0295 -0.3905 0.2539, 0.0295 -0.3915 0.2628, -0.0295 -0.3915 0.2628, 0.0295 -0.3915 0.2786, -0.0295 -0.3915 0.2786, 0.0295 -0.1063 0.1969, 0.0295 -0.1063 0.0787, -0.0295 -0.1063 0.1969, -0.0295 -0.1063 0.0787, 0.0295 -0.126 0.1969, -0.0295 -0.126 0.1969, 0.0295 -0.126 0.0787, -0.0295 -0.126 0.0787, -0.128 -0.4921 0.0, -0.128 -0.4921 0.0197, -0.187 -0.4921 0.0, -0.187 -0.4921 0.0197, -0.128 -0.4134 0.0, -0.187 -0.4134 0.0, -0.128 -0.4134 0.0197, -0.128 -0.4134 0.0079, -0.128 -0.405 0.0009, -0.128 -0.397 0.0036, -0.128 -0.3898 0.0079, -0.187 -0.4134 0.0197, -0.187 -0.4134 0.0079, -0.187 -0.3898 0.0079, -0.187 -0.397 0.0036, -0.187 -0.405 0.0009, -0.128 -0.4112 0.2628, -0.128 -0.4112 0.2786, -0.187 -0.4112 0.2628, -0.187 -0.4112 0.2786, -0.187 -0.4097 0.2494, -0.128 -0.4097 0.2494, -0.187 -0.4051 0.2367, -0.128 -0.4051 0.2367, -0.187 -0.3978 0.2253, -0.128 -0.3978 0.2253, -0.187 -0.3881 0.216, -0.128 -0.3881 0.216, -0.187 -0.3766 0.209, -0.128 -0.3766 0.209, -0.128 -0.375 0.2083, -0.187 -0.375 0.2083, -0.128 -0.3867 0.1864, -0.187 -0.3867 0.1864, -0.187 -0.3919 0.1729, -0.128 -0.3919 0.1729, -0.187 -0.3937 0.1586, -0.128 -0.3937 0.1586, -0.128 -0.3937 0.0787, -0.187 -0.3937 0.0787, -0.187 -0.374 0.1586, -0.128 -0.374 0.1586, -0.187 -0.374 0.0787, -0.128 -0.374 0.0787, -0.128 -0.3728 0.1681, -0.187 -0.3728 0.1681, -0.128 -0.3694 0.1771, -0.187 -0.3694 0.1771, -0.128 -0.3576 0.199, -0.187 -0.3576 0.199, -0.187 -0.356 0.2033, -0.128 -0.356 0.2033, -0.187 -0.3553 0.2078, -0.128 -0.3553 0.2078, -0.187 -0.3557 0.2124, -0.128 -0.3557 0.2124, -0.187 -0.3572 0.2167, -0.128 -0.3572 0.2167, -0.187 -0.3597 0.2206, -0.128 -0.3597 0.2206, -0.187 -0.3629 0.2239, -0.128 -0.3629 0.2239, -0.187 -0.3669 0.2262, -0.128 -0.3669 0.2262, -0.128 -0.3684 0.2269, -0.187 -0.3684 0.2269, -0.128 -0.3761 0.2316, -0.187 -0.3761 0.2316, -0.128 -0.3826 0.2378, -0.187 -0.3826 0.2378, -0.128 -0.3875 0.2454, -0.187 -0.3875 0.2454, -0.128 -0.3905 0.2539, -0.187 -0.3905 0.2539, -0.128 -0.3915 0.2628, -0.187 -0.3915 0.2628, -0.128 -0.3915 0.2786, -0.187 -0.3915 0.2786, -0.128 -0.1063 0.1969, -0.128 -0.1063 0.0787, -0.187 -0.1063 0.1969, -0.187 -0.1063 0.0787, -0.128 -0.126 0.1969, -0.187 -0.126 0.1969, -0.128 -0.126 0.0787, -0.187 -0.126 0.0787, -0.2854 -0.4921 0.0, -0.2854 -0.4921 0.0197, -0.3445 -0.4921 0.0, -0.3445 -0.4921 0.0197, -0.2854 -0.4134 0.0, -0.3445 -0.4134 0.0, -0.2854 -0.4134 0.0197, -0.2854 -0.4134 0.0079, -0.2854 -0.405 0.0009, -0.2854 -0.397 0.0036, -0.2854 -0.3898 0.0079, -0.3445 -0.4134 0.0197, -0.3445 -0.4134 0.0079, -0.3445 -0.3898 0.0079, -0.3445 -0.397 0.0036, -0.3445 -0.405 0.0009, -0.2854 -0.4112 0.2628, -0.2854 -0.4112 0.2786, -0.3445 -0.4112 0.2628, -0.3445 -0.4112 0.2786, -0.3445 -0.4097 0.2494, -0.2854 -0.4097 0.2494, -0.3445 -0.4051 0.2367, -0.2854 -0.4051 0.2367, -0.3445 -0.3978 0.2253, -0.2854 -0.3978 0.2253, -0.3445 -0.3881 0.216, -0.2854 -0.3881 0.216, -0.3445 -0.3766 0.209, -0.2854 -0.3766 0.209, -0.2854 -0.375 0.2083, -0.3445 -0.375 0.2083, -0.2854 -0.3867 0.1864, -0.3445 -0.3867 0.1864, -0.3445 -0.3919 0.1729, -0.2854 -0.3919 0.1729, -0.3445 -0.3937 0.1586, -0.2854 -0.3937 0.1586, -0.2854 -0.3937 0.0787, -0.3445 -0.3937 0.0787, -0.3445 -0.374 0.1586, -0.2854 -0.374 0.1586, -0.3445 -0.374 0.0787, -0.2854 -0.374 0.0787, -0.2854 -0.3728 0.1681, -0.3445 -0.3728 0.1681, -0.2854 -0.3694 0.1771, -0.3445 -0.3694 0.1771, -0.2854 -0.3576 0.199, -0.3445 -0.3576 0.199, -0.3445 -0.356 0.2033, -0.2854 -0.356 0.2033, -0.3445 -0.3553 0.2078, -0.2854 -0.3553 0.2078, -0.3445 -0.3557 0.2124, -0.2854 -0.3557 0.2124, -0.3445 -0.3572 0.2167, -0.2854 -0.3572 0.2167, -0.3445 -0.3597 0.2206, -0.2854 -0.3597 0.2206, -0.3445 -0.3629 0.2239, -0.2854 -0.3629 0.2239, -0.3445 -0.3669 0.2262, -0.2854 -0.3669 0.2262, -0.2854 -0.3684 0.2269, -0.3445 -0.3684 0.2269, -0.2854 -0.3761 0.2316, -0.3445 -0.3761 0.2316, -0.2854 -0.3826 0.2378, -0.3445 -0.3826 0.2378, -0.2854 -0.3875 0.2454, -0.3445 -0.3875 0.2454, -0.2854 -0.3905 0.2539, -0.3445 -0.3905 0.2539, -0.2854 -0.3915 0.2628, -0.3445 -0.3915 0.2628, -0.2854 -0.3915 0.2786, -0.3445 -0.3915 0.2786, -0.2854 -0.1063 0.1969, -0.2854 -0.1063 0.0787, -0.3445 -0.1063 0.1969, -0.3445 -0.1063 0.0787, -0.2854 -0.126 0.1969, -0.3445 -0.126 0.1969, -0.2854 -0.126 0.0787, -0.3445 -0.126 0.0787, -0.4429 -0.4921 0.0, -0.4429 -0.4921 0.0197, -0.502 -0.4921 0.0, -0.502 -0.4921 0.0197, -0.4429 -0.4134 0.0, -0.502 -0.4134 0.0, -0.4429 -0.4134 0.0197, -0.4429 -0.4134 0.0079, -0.4429 -0.405 0.0009, -0.4429 -0.397 0.0036, -0.4429 -0.3898 0.0079, -0.502 -0.4134 0.0197, -0.502 -0.4134 0.0079, -0.502 -0.3898 0.0079, -0.502 -0.397 0.0036, -0.502 -0.405 0.0009, -0.4429 -0.4112 0.2628, -0.4429 -0.4112 0.2786, -0.502 -0.4112 0.2628, -0.502 -0.4112 0.2786, -0.502 -0.4097 0.2494, -0.4429 -0.4097 0.2494, -0.502 -0.4051 0.2367, -0.4429 -0.4051 0.2367, -0.502 -0.3978 0.2253, -0.4429 -0.3978 0.2253, -0.502 -0.3881 0.216, -0.4429 -0.3881 0.216, -0.502 -0.3766 0.209, -0.4429 -0.3766 0.209, -0.4429 -0.375 0.2083, -0.502 -0.375 0.2083, -0.4429 -0.3867 0.1864, -0.502 -0.3867 0.1864, -0.502 -0.3919 0.1729, -0.4429 -0.3919 0.1729, -0.502 -0.3937 0.1586, -0.4429 -0.3937 0.1586, -0.4429 -0.3937 0.0787, -0.502 -0.3937 0.0787, -0.502 -0.374 0.1586, -0.4429 -0.374 0.1586, -0.502 -0.374 0.0787, -0.4429 -0.374 0.0787, -0.4429 -0.3728 0.1681, -0.502 -0.3728 0.1681, -0.4429 -0.3694 0.1771, -0.502 -0.3694 0.1771, -0.4429 -0.3576 0.199, -0.502 -0.3576 0.199, -0.502 -0.356 0.2033, -0.4429 -0.356 0.2033, -0.502 -0.3553 0.2078, -0.4429 -0.3553 0.2078, -0.502 -0.3557 0.2124, -0.4429 -0.3557 0.2124, -0.502 -0.3572 0.2167, -0.4429 -0.3572 0.2167, -0.502 -0.3597 0.2206, -0.4429 -0.3597 0.2206, -0.502 -0.3629 0.2239, -0.4429 -0.3629 0.2239, -0.502 -0.3669 0.2262, -0.4429 -0.3669 0.2262, -0.4429 -0.3684 0.2269, -0.502 -0.3684 0.2269, -0.4429 -0.3761 0.2316, -0.502 -0.3761 0.2316, -0.4429 -0.3826 0.2378, -0.502 -0.3826 0.2378, -0.4429 -0.3875 0.2454, -0.502 -0.3875 0.2454, -0.4429 -0.3905 0.2539, -0.502 -0.3905 0.2539, -0.4429 -0.3915 0.2628, -0.502 -0.3915 0.2628, -0.4429 -0.3915 0.2786, -0.502 -0.3915 0.2786, -0.4429 -0.1063 0.1969, -0.4429 -0.1063 0.0787, -0.502 -0.1063 0.1969, -0.502 -0.1063 0.0787, -0.4429 -0.126 0.1969, -0.502 -0.126 0.1969, -0.4429 -0.126 0.0787, -0.502 -0.126 0.0787, -0.6004 -0.4921 0.0, -0.6004 -0.4921 0.0197, -0.6594 -0.4921 0.0, -0.6594 -0.4921 0.0197, -0.6004 -0.4134 0.0, -0.6594 -0.4134 0.0, -0.6004 -0.4134 0.0197, -0.6004 -0.4134 0.0079, -0.6004 -0.405 0.0009, -0.6004 -0.397 0.0036, -0.6004 -0.3898 0.0079, -0.6594 -0.4134 0.0197, -0.6594 -0.4134 0.0079, -0.6594 -0.3898 0.0079, -0.6594 -0.397 0.0036, -0.6594 -0.405 0.0009, -0.6004 -0.4112 0.2628, -0.6004 -0.4112 0.2786, -0.6594 -0.4112 0.2628, -0.6594 -0.4112 0.2786, -0.6594 -0.4097 0.2494, -0.6004 -0.4097 0.2494, -0.6594 -0.4051 0.2367, -0.6004 -0.4051 0.2367, -0.6594 -0.3978 0.2253, -0.6004 -0.3978 0.2253, -0.6594 -0.3881 0.216, -0.6004 -0.3881 0.216, -0.6594 -0.3766 0.209, -0.6004 -0.3766 0.209, -0.6004 -0.375 0.2083, -0.6594 -0.375 0.2083, -0.6004 -0.3867 0.1864, -0.6594 -0.3867 0.1864, -0.6594 -0.3919 0.1729, -0.6004 -0.3919 0.1729, -0.6594 -0.3937 0.1586, -0.6004 -0.3937 0.1586, -0.6004 -0.3937 0.0787, -0.6594 -0.3937 0.0787, -0.6594 -0.374 0.1586, -0.6004 -0.374 0.1586, -0.6594 -0.374 0.0787, -0.6004 -0.374 0.0787, -0.6004 -0.3728 0.1681, -0.6594 -0.3728 0.1681, -0.6004 -0.3694 0.1771, -0.6594 -0.3694 0.1771, -0.6004 -0.3576 0.199, -0.6594 -0.3576 0.199, -0.6594 -0.356 0.2033, -0.6004 -0.356 0.2033, -0.6594 -0.3553 0.2078, -0.6004 -0.3553 0.2078, -0.6594 -0.3557 0.2124, -0.6004 -0.3557 0.2124, -0.6594 -0.3572 0.2167, -0.6004 -0.3572 0.2167, -0.6594 -0.3597 0.2206, -0.6004 -0.3597 0.2206, -0.6594 -0.3629 0.2239, -0.6004 -0.3629 0.2239, -0.6594 -0.3669 0.2262, -0.6004 -0.3669 0.2262, -0.6004 -0.3684 0.2269, -0.6594 -0.3684 0.2269, -0.6004 -0.3761 0.2316, -0.6594 -0.3761 0.2316, -0.6004 -0.3826 0.2378, -0.6594 -0.3826 0.2378, -0.6004 -0.3875 0.2454, -0.6594 -0.3875 0.2454, -0.6004 -0.3905 0.2539, -0.6594 -0.3905 0.2539, -0.6004 -0.3915 0.2628, -0.6594 -0.3915 0.2628, -0.6004 -0.3915 0.2786, -0.6594 -0.3915 0.2786, -0.6004 -0.1063 0.1969, -0.6004 -0.1063 0.0787, -0.6594 -0.1063 0.1969, -0.6594 -0.1063 0.0787, -0.6004 -0.126 0.1969, -0.6594 -0.126 0.1969, -0.6004 -0.126 0.0787, -0.6594 -0.126 0.0787, -0.7579 -0.4921 0.0, -0.7579 -0.4921 0.0197, -0.8169 -0.4921 0.0, -0.8169 -0.4921 0.0197, -0.7579 -0.4134 0.0, -0.8169 -0.4134 0.0, -0.7579 -0.4134 0.0197, -0.7579 -0.4134 0.0079, -0.7579 -0.405 0.0009, -0.7579 -0.397 0.0036, -0.7579 -0.3898 0.0079, -0.8169 -0.4134 0.0197, -0.8169 -0.4134 0.0079, -0.8169 -0.3898 0.0079, -0.8169 -0.397 0.0036, -0.8169 -0.405 0.0009, -0.7579 -0.4112 0.2628, -0.7579 -0.4112 0.2786, -0.8169 -0.4112 0.2628, -0.8169 -0.4112 0.2786, -0.8169 -0.4097 0.2494, -0.7579 -0.4097 0.2494, -0.8169 -0.4051 0.2367, -0.7579 -0.4051 0.2367, -0.8169 -0.3978 0.2253, -0.7579 -0.3978 0.2253, -0.8169 -0.3881 0.216, -0.7579 -0.3881 0.216, -0.8169 -0.3766 0.209, -0.7579 -0.3766 0.209, -0.7579 -0.375 0.2083, -0.8169 -0.375 0.2083, -0.7579 -0.3867 0.1864, -0.8169 -0.3867 0.1864, -0.8169 -0.3919 0.1729, -0.7579 -0.3919 0.1729, -0.8169 -0.3937 0.1586, -0.7579 -0.3937 0.1586, -0.7579 -0.3937 0.0787, -0.8169 -0.3937 0.0787, -0.8169 -0.374 0.1586, -0.7579 -0.374 0.1586, -0.8169 -0.374 0.0787, -0.7579 -0.374 0.0787, -0.7579 -0.3728 0.1681, -0.8169 -0.3728 0.1681, -0.7579 -0.3694 0.1771, -0.8169 -0.3694 0.1771, -0.7579 -0.3576 0.199, -0.8169 -0.3576 0.199, -0.8169 -0.356 0.2033, -0.7579 -0.356 0.2033, -0.8169 -0.3553 0.2078, -0.7579 -0.3553 0.2078, -0.8169 -0.3557 0.2124, -0.7579 -0.3557 0.2124, -0.8169 -0.3572 0.2167, -0.7579 -0.3572 0.2167, -0.8169 -0.3597 0.2206, -0.7579 -0.3597 0.2206, -0.8169 -0.3629 0.2239, -0.7579 -0.3629 0.2239, -0.8169 -0.3669 0.2262, -0.7579 -0.3669 0.2262, -0.7579 -0.3684 0.2269, -0.8169 -0.3684 0.2269, -0.7579 -0.3761 0.2316, -0.8169 -0.3761 0.2316, -0.7579 -0.3826 0.2378, -0.8169 -0.3826 0.2378, -0.7579 -0.3875 0.2454, -0.8169 -0.3875 0.2454, -0.7579 -0.3905 0.2539, -0.8169 -0.3905 0.2539, -0.7579 -0.3915 0.2628, -0.8169 -0.3915 0.2628, -0.7579 -0.3915 0.2786, -0.8169 -0.3915 0.2786, -0.7579 -0.1063 0.1969, -0.7579 -0.1063 0.0787, -0.8169 -0.1063 0.1969, -0.8169 -0.1063 0.0787, -0.7579 -0.126 0.1969, -0.8169 -0.126 0.1969, -0.7579 -0.126 0.0787, -0.8169 -0.126 0.0787, -0.9154 -0.4921 0.0, -0.9154 -0.4921 0.0197, -0.9744 -0.4921 0.0, -0.9744 -0.4921 0.0197, -0.9154 -0.4134 0.0, -0.9744 -0.4134 0.0, -0.9154 -0.4134 0.0197, -0.9154 -0.4134 0.0079, -0.9154 -0.405 0.0009, -0.9154 -0.397 0.0036, -0.9154 -0.3898 0.0079, -0.9744 -0.4134 0.0197, -0.9744 -0.4134 0.0079, -0.9744 -0.3898 0.0079, -0.9744 -0.397 0.0036, -0.9744 -0.405 0.0009, -0.9154 -0.4112 0.2628, -0.9154 -0.4112 0.2786, -0.9744 -0.4112 0.2628, -0.9744 -0.4112 0.2786, -0.9744 -0.4097 0.2494, -0.9154 -0.4097 0.2494, -0.9744 -0.4051 0.2367, -0.9154 -0.4051 0.2367, -0.9744 -0.3978 0.2253, -0.9154 -0.3978 0.2253, -0.9744 -0.3881 0.216, -0.9154 -0.3881 0.216, -0.9744 -0.3766 0.209, -0.9154 -0.3766 0.209, -0.9154 -0.375 0.2083, -0.9744 -0.375 0.2083, -0.9154 -0.3867 0.1864, -0.9744 -0.3867 0.1864, -0.9744 -0.3919 0.1729, -0.9154 -0.3919 0.1729, -0.9744 -0.3937 0.1586, -0.9154 -0.3937 0.1586, -0.9154 -0.3937 0.0787, -0.9744 -0.3937 0.0787, -0.9744 -0.374 0.1586, -0.9154 -0.374 0.1586, -0.9744 -0.374 0.0787, -0.9154 -0.374 0.0787, -0.9154 -0.3728 0.1681, -0.9744 -0.3728 0.1681, -0.9154 -0.3694 0.1771, -0.9744 -0.3694 0.1771, -0.9154 -0.3576 0.199, -0.9744 -0.3576 0.199, -0.9744 -0.356 0.2033, -0.9154 -0.356 0.2033, -0.9744 -0.3553 0.2078, -0.9154 -0.3553 0.2078, -0.9744 -0.3557 0.2124, -0.9154 -0.3557 0.2124, -0.9744 -0.3572 0.2167, -0.9154 -0.3572 0.2167, -0.9744 -0.3597 0.2206, -0.9154 -0.3597 0.2206, -0.9744 -0.3629 0.2239, -0.9154 -0.3629 0.2239, -0.9744 -0.3669 0.2262, -0.9154 -0.3669 0.2262, -0.9154 -0.3684 0.2269, -0.9744 -0.3684 0.2269, -0.9154 -0.3761 0.2316, -0.9744 -0.3761 0.2316, -0.9154 -0.3826 0.2378, -0.9744 -0.3826 0.2378, -0.9154 -0.3875 0.2454, -0.9744 -0.3875 0.2454, -0.9154 -0.3905 0.2539, -0.9744 -0.3905 0.2539, -0.9154 -0.3915 0.2628, -0.9744 -0.3915 0.2628, -0.9154 -0.3915 0.2786, -0.9744 -0.3915 0.2786, -0.9154 -0.1063 0.1969, -0.9154 -0.1063 0.0787, -0.9744 -0.1063 0.1969, -0.9744 -0.1063 0.0787, -0.9154 -0.126 0.1969, -0.9744 -0.126 0.1969, -0.9154 -0.126 0.0787, -0.9744 -0.126 0.0787, -1.0728 -0.4921 0.0, -1.0728 -0.4921 0.0197, -1.1319 -0.4921 0.0, -1.1319 -0.4921 0.0197, -1.0728 -0.4134 0.0, -1.1319 -0.4134 0.0, -1.0728 -0.4134 0.0197, -1.0728 -0.4134 0.0079, -1.0728 -0.405 0.0009, -1.0728 -0.397 0.0036, -1.0728 -0.3898 0.0079, -1.1319 -0.4134 0.0197, -1.1319 -0.4134 0.0079, -1.1319 -0.3898 0.0079, -1.1319 -0.397 0.0036, -1.1319 -0.405 0.0009, -1.0728 -0.4112 0.2628, -1.0728 -0.4112 0.2786, -1.1319 -0.4112 0.2628, -1.1319 -0.4112 0.2786, -1.1319 -0.4097 0.2494, -1.0728 -0.4097 0.2494, -1.1319 -0.4051 0.2367, -1.0728 -0.4051 0.2367, -1.1319 -0.3978 0.2253, -1.0728 -0.3978 0.2253, -1.1319 -0.3881 0.216, -1.0728 -0.3881 0.216, -1.1319 -0.3766 0.209, -1.0728 -0.3766 0.209, -1.0728 -0.375 0.2083, -1.1319 -0.375 0.2083, -1.0728 -0.3867 0.1864, -1.1319 -0.3867 0.1864, -1.1319 -0.3919 0.1729, -1.0728 -0.3919 0.1729, -1.1319 -0.3937 0.1586, -1.0728 -0.3937 0.1586, -1.0728 -0.3937 0.0787, -1.1319 -0.3937 0.0787, -1.1319 -0.374 0.1586, -1.0728 -0.374 0.1586, -1.1319 -0.374 0.0787, -1.0728 -0.374 0.0787, -1.0728 -0.3728 0.1681, -1.1319 -0.3728 0.1681, -1.0728 -0.3694 0.1771, -1.1319 -0.3694 0.1771, -1.0728 -0.3576 0.199, -1.1319 -0.3576 0.199, -1.1319 -0.356 0.2033, -1.0728 -0.356 0.2033, -1.1319 -0.3553 0.2078, -1.0728 -0.3553 0.2078, -1.1319 -0.3557 0.2124, -1.0728 -0.3557 0.2124, -1.1319 -0.3572 0.2167, -1.0728 -0.3572 0.2167, -1.1319 -0.3597 0.2206, -1.0728 -0.3597 0.2206, -1.1319 -0.3629 0.2239, -1.0728 -0.3629 0.2239, -1.1319 -0.3669 0.2262, -1.0728 -0.3669 0.2262, -1.0728 -0.3684 0.2269, -1.1319 -0.3684 0.2269, -1.0728 -0.3761 0.2316, -1.1319 -0.3761 0.2316, -1.0728 -0.3826 0.2378, -1.1319 -0.3826 0.2378, -1.0728 -0.3875 0.2454, -1.1319 -0.3875 0.2454, -1.0728 -0.3905 0.2539, -1.1319 -0.3905 0.2539, -1.0728 -0.3915 0.2628, -1.1319 -0.3915 0.2628, -1.0728 -0.3915 0.2786, -1.1319 -0.3915 0.2786, -1.0728 -0.1063 0.1969, -1.0728 -0.1063 0.0787, -1.1319 -0.1063 0.1969, -1.1319 -0.1063 0.0787, -1.0728 -0.126 0.1969, -1.1319 -0.126 0.1969, -1.0728 -0.126 0.0787, -1.1319 -0.126 0.0787, 0.9744 0.4921 0.0, 0.9744 0.4134 0.0, 0.9154 0.4921 0.0, 0.9154 0.4134 0.0, 0.9744 0.4921 0.0197, 0.9154 0.4921 0.0197, 0.9744 0.4134 0.0197, 0.9744 0.4134 0.0079, 0.9744 0.3898 0.0079, 0.9744 0.397 0.0036, 0.9744 0.405 0.0009, 0.9154 0.4134 0.0197, 0.9154 0.4134 0.0079, 0.9154 0.405 0.0009, 0.9154 0.397 0.0036, 0.9154 0.3898 0.0079, 0.9744 0.4112 0.2786, 0.9744 0.4112 0.2628, 0.9154 0.4112 0.2786, 0.9154 0.4112 0.2628, 0.9744 0.3915 0.2786, 0.9154 0.3915 0.2786, 0.9744 0.3915 0.2628, 0.9154 0.3915 0.2628, 0.9744 0.3905 0.2539, 0.9154 0.3905 0.2539, 0.9744 0.3875 0.2454, 0.9154 0.3875 0.2454, 0.9744 0.3826 0.2378, 0.9154 0.3826 0.2378, 0.9744 0.3761 0.2316, 0.9154 0.3761 0.2316, 0.9744 0.3684 0.2269, 0.9154 0.3684 0.2269, 0.9744 0.3669 0.2262, 0.9154 0.3669 0.2262, 0.9154 0.3629 0.2239, 0.9744 0.3629 0.2239, 0.9154 0.3597 0.2206, 0.9744 0.3597 0.2206, 0.9154 0.3572 0.2167, 0.9744 0.3572 0.2167, 0.9154 0.3557 0.2124, 0.9744 0.3557 0.2124, 0.9154 0.3553 0.2078, 0.9744 0.3553 0.2078, 0.9154 0.356 0.2033, 0.9744 0.356 0.2033, 0.9154 0.3576 0.199, 0.9744 0.3576 0.199, 0.9744 0.3694 0.1771, 0.9154 0.3694 0.1771, 0.9744 0.3728 0.1681, 0.9154 0.3728 0.1681, 0.9744 0.374 0.1586, 0.9154 0.374 0.1586, 0.9744 0.374 0.0787, 0.9154 0.374 0.0787, 0.9154 0.3937 0.1586, 0.9744 0.3937 0.1586, 0.9154 0.3937 0.0787, 0.9744 0.3937 0.0787, 0.9154 0.3919 0.1729, 0.9744 0.3919 0.1729, 0.9154 0.3867 0.1864, 0.9744 0.3867 0.1864, 0.9744 0.375 0.2083, 0.9154 0.375 0.2083, 0.9744 0.3766 0.209, 0.9154 0.3766 0.209, 0.9154 0.3881 0.216, 0.9744 0.3881 0.216, 0.9154 0.3978 0.2253, 0.9744 0.3978 0.2253, 0.9154 0.4051 0.2367, 0.9744 0.4051 0.2367, 0.9154 0.4097 0.2494, 0.9744 0.4097 0.2494, 0.8169 0.4921 0.0, 0.8169 0.4134 0.0, 0.7579 0.4921 0.0, 0.7579 0.4134 0.0, 0.8169 0.4921 0.0197, 0.7579 0.4921 0.0197, 0.8169 0.4134 0.0197, 0.8169 0.4134 0.0079, 0.8169 0.3898 0.0079, 0.8169 0.397 0.0036, 0.8169 0.405 0.0009, 0.7579 0.4134 0.0197, 0.7579 0.4134 0.0079, 0.7579 0.405 0.0009, 0.7579 0.397 0.0036, 0.7579 0.3898 0.0079, 0.8169 0.4112 0.2786, 0.8169 0.4112 0.2628, 0.7579 0.4112 0.2786, 0.7579 0.4112 0.2628, 0.8169 0.3915 0.2786, 0.7579 0.3915 0.2786, 0.8169 0.3915 0.2628, 0.7579 0.3915 0.2628, 0.8169 0.3905 0.2539, 0.7579 0.3905 0.2539, 0.8169 0.3875 0.2454, 0.7579 0.3875 0.2454, 0.8169 0.3826 0.2378, 0.7579 0.3826 0.2378, 0.8169 0.3761 0.2316, 0.7579 0.3761 0.2316, 0.8169 0.3684 0.2269, 0.7579 0.3684 0.2269, 0.8169 0.3669 0.2262, 0.7579 0.3669 0.2262, 0.7579 0.3629 0.2239, 0.8169 0.3629 0.2239, 0.7579 0.3597 0.2206, 0.8169 0.3597 0.2206, 0.7579 0.3572 0.2167, 0.8169 0.3572 0.2167, 0.7579 0.3557 0.2124, 0.8169 0.3557 0.2124, 0.7579 0.3553 0.2078, 0.8169 0.3553 0.2078, 0.7579 0.356 0.2033, 0.8169 0.356 0.2033, 0.7579 0.3576 0.199, 0.8169 0.3576 0.199, 0.8169 0.3694 0.1771, 0.7579 0.3694 0.1771, 0.8169 0.3728 0.1681, 0.7579 0.3728 0.1681, 0.8169 0.374 0.1586, 0.7579 0.374 0.1586, 0.8169 0.374 0.0787, 0.7579 0.374 0.0787, 0.7579 0.3937 0.1586, 0.8169 0.3937 0.1586, 0.7579 0.3937 0.0787, 0.8169 0.3937 0.0787, 0.7579 0.3919 0.1729, 0.8169 0.3919 0.1729, 0.7579 0.3867 0.1864, 0.8169 0.3867 0.1864, 0.8169 0.375 0.2083, 0.7579 0.375 0.2083, 0.8169 0.3766 0.209, 0.7579 0.3766 0.209, 0.7579 0.3881 0.216, 0.8169 0.3881 0.216, 0.7579 0.3978 0.2253, 0.8169 0.3978 0.2253, 0.7579 0.4051 0.2367, 0.8169 0.4051 0.2367, 0.7579 0.4097 0.2494, 0.8169 0.4097 0.2494, 0.6594 0.4921 0.0, 0.6594 0.4134 0.0, 0.6004 0.4921 0.0, 0.6004 0.4134 0.0, 0.6594 0.4921 0.0197, 0.6004 0.4921 0.0197, 0.6594 0.4134 0.0197, 0.6594 0.4134 0.0079, 0.6594 0.3898 0.0079, 0.6594 0.397 0.0036, 0.6594 0.405 0.0009, 0.6004 0.4134 0.0197, 0.6004 0.4134 0.0079, 0.6004 0.405 0.0009, 0.6004 0.397 0.0036, 0.6004 0.3898 0.0079, 0.6594 0.4112 0.2786, 0.6594 0.4112 0.2628, 0.6004 0.4112 0.2786, 0.6004 0.4112 0.2628, 0.6594 0.3915 0.2786, 0.6004 0.3915 0.2786, 0.6594 0.3915 0.2628, 0.6004 0.3915 0.2628, 0.6594 0.3905 0.2539, 0.6004 0.3905 0.2539, 0.6594 0.3875 0.2454, 0.6004 0.3875 0.2454, 0.6594 0.3826 0.2378, 0.6004 0.3826 0.2378, 0.6594 0.3761 0.2316, 0.6004 0.3761 0.2316, 0.6594 0.3684 0.2269, 0.6004 0.3684 0.2269, 0.6594 0.3669 0.2262, 0.6004 0.3669 0.2262, 0.6004 0.3629 0.2239, 0.6594 0.3629 0.2239, 0.6004 0.3597 0.2206, 0.6594 0.3597 0.2206, 0.6004 0.3572 0.2167, 0.6594 0.3572 0.2167, 0.6004 0.3557 0.2124, 0.6594 0.3557 0.2124, 0.6004 0.3553 0.2078, 0.6594 0.3553 0.2078, 0.6004 0.356 0.2033, 0.6594 0.356 0.2033, 0.6004 0.3576 0.199, 0.6594 0.3576 0.199, 0.6594 0.3694 0.1771, 0.6004 0.3694 0.1771, 0.6594 0.3728 0.1681, 0.6004 0.3728 0.1681, 0.6594 0.374 0.1586, 0.6004 0.374 0.1586, 0.6594 0.374 0.0787, 0.6004 0.374 0.0787, 0.6004 0.3937 0.1586, 0.6594 0.3937 0.1586, 0.6004 0.3937 0.0787, 0.6594 0.3937 0.0787, 0.6004 0.3919 0.1729, 0.6594 0.3919 0.1729, 0.6004 0.3867 0.1864, 0.6594 0.3867 0.1864, 0.6594 0.375 0.2083, 0.6004 0.375 0.2083, 0.6594 0.3766 0.209, 0.6004 0.3766 0.209, 0.6004 0.3881 0.216, 0.6594 0.3881 0.216, 0.6004 0.3978 0.2253, 0.6594 0.3978 0.2253, 0.6004 0.4051 0.2367, 0.6594 0.4051 0.2367, 0.6004 0.4097 0.2494, 0.6594 0.4097 0.2494, 0.502 0.4921 0.0, 0.502 0.4134 0.0, 0.4429 0.4921 0.0, 0.4429 0.4134 0.0, 0.502 0.4921 0.0197, 0.4429 0.4921 0.0197, 0.502 0.4134 0.0197, 0.502 0.4134 0.0079, 0.502 0.3898 0.0079, 0.502 0.397 0.0036, 0.502 0.405 0.0009, 0.4429 0.4134 0.0197, 0.4429 0.4134 0.0079, 0.4429 0.405 0.0009, 0.4429 0.397 0.0036, 0.4429 0.3898 0.0079, 0.502 0.4112 0.2786, 0.502 0.4112 0.2628, 0.4429 0.4112 0.2786, 0.4429 0.4112 0.2628, 0.502 0.3915 0.2786, 0.4429 0.3915 0.2786, 0.502 0.3915 0.2628, 0.4429 0.3915 0.2628, 0.502 0.3905 0.2539, 0.4429 0.3905 0.2539, 0.502 0.3875 0.2454, 0.4429 0.3875 0.2454, 0.502 0.3826 0.2378, 0.4429 0.3826 0.2378, 0.502 0.3761 0.2316, 0.4429 0.3761 0.2316, 0.502 0.3684 0.2269, 0.4429 0.3684 0.2269, 0.502 0.3669 0.2262, 0.4429 0.3669 0.2262, 0.4429 0.3629 0.2239, 0.502 0.3629 0.2239, 0.4429 0.3597 0.2206, 0.502 0.3597 0.2206, 0.4429 0.3572 0.2167, 0.502 0.3572 0.2167, 0.4429 0.3557 0.2124, 0.502 0.3557 0.2124, 0.4429 0.3553 0.2078, 0.502 0.3553 0.2078, 0.4429 0.356 0.2033, 0.502 0.356 0.2033, 0.4429 0.3576 0.199, 0.502 0.3576 0.199, 0.502 0.3694 0.1771, 0.4429 0.3694 0.1771, 0.502 0.3728 0.1681, 0.4429 0.3728 0.1681, 0.502 0.374 0.1586, 0.4429 0.374 0.1586, 0.502 0.374 0.0787, 0.4429 0.374 0.0787, 0.4429 0.3937 0.1586, 0.502 0.3937 0.1586, 0.4429 0.3937 0.0787, 0.502 0.3937 0.0787, 0.4429 0.3919 0.1729, 0.502 0.3919 0.1729, 0.4429 0.3867 0.1864, 0.502 0.3867 0.1864, 0.502 0.375 0.2083, 0.4429 0.375 0.2083, 0.502 0.3766 0.209, 0.4429 0.3766 0.209, 0.4429 0.3881 0.216, 0.502 0.3881 0.216, 0.4429 0.3978 0.2253, 0.502 0.3978 0.2253, 0.4429 0.4051 0.2367, 0.502 0.4051 0.2367, 0.4429 0.4097 0.2494, 0.502 0.4097 0.2494, 0.3445 0.4921 0.0, 0.3445 0.4134 0.0, 0.2854 0.4921 0.0, 0.2854 0.4134 0.0, 0.3445 0.4921 0.0197, 0.2854 0.4921 0.0197, 0.3445 0.4134 0.0197, 0.3445 0.4134 0.0079, 0.3445 0.3898 0.0079, 0.3445 0.397 0.0036, 0.3445 0.405 0.0009, 0.2854 0.4134 0.0197, 0.2854 0.4134 0.0079, 0.2854 0.405 0.0009, 0.2854 0.397 0.0036, 0.2854 0.3898 0.0079, 0.3445 0.4112 0.2786, 0.3445 0.4112 0.2628, 0.2854 0.4112 0.2786, 0.2854 0.4112 0.2628, 0.3445 0.3915 0.2786, 0.2854 0.3915 0.2786, 0.3445 0.3915 0.2628, 0.2854 0.3915 0.2628, 0.3445 0.3905 0.2539, 0.2854 0.3905 0.2539, 0.3445 0.3875 0.2454, 0.2854 0.3875 0.2454, 0.3445 0.3826 0.2378, 0.2854 0.3826 0.2378, 0.3445 0.3761 0.2316, 0.2854 0.3761 0.2316, 0.3445 0.3684 0.2269, 0.2854 0.3684 0.2269, 0.3445 0.3669 0.2262, 0.2854 0.3669 0.2262, 0.2854 0.3629 0.2239, 0.3445 0.3629 0.2239, 0.2854 0.3597 0.2206, 0.3445 0.3597 0.2206, 0.2854 0.3572 0.2167, 0.3445 0.3572 0.2167, 0.2854 0.3557 0.2124, 0.3445 0.3557 0.2124, 0.2854 0.3553 0.2078, 0.3445 0.3553 0.2078, 0.2854 0.356 0.2033, 0.3445 0.356 0.2033, 0.2854 0.3576 0.199, 0.3445 0.3576 0.199, 0.3445 0.3694 0.1771, 0.2854 0.3694 0.1771, 0.3445 0.3728 0.1681, 0.2854 0.3728 0.1681, 0.3445 0.374 0.1586, 0.2854 0.374 0.1586, 0.3445 0.374 0.0787, 0.2854 0.374 0.0787, 0.2854 0.3937 0.1586, 0.3445 0.3937 0.1586, 0.2854 0.3937 0.0787, 0.3445 0.3937 0.0787, 0.2854 0.3919 0.1729, 0.3445 0.3919 0.1729, 0.2854 0.3867 0.1864, 0.3445 0.3867 0.1864, 0.3445 0.375 0.2083, 0.2854 0.375 0.2083, 0.3445 0.3766 0.209, 0.2854 0.3766 0.209, 0.2854 0.3881 0.216, 0.3445 0.3881 0.216, 0.2854 0.3978 0.2253, 0.3445 0.3978 0.2253, 0.2854 0.4051 0.2367, 0.3445 0.4051 0.2367, 0.2854 0.4097 0.2494, 0.3445 0.4097 0.2494, 0.187 0.4921 0.0, 0.187 0.4134 0.0, 0.128 0.4921 0.0, 0.128 0.4134 0.0, 0.187 0.4921 0.0197, 0.128 0.4921 0.0197, 0.187 0.4134 0.0197, 0.187 0.4134 0.0079, 0.187 0.3898 0.0079, 0.187 0.397 0.0036, 0.187 0.405 0.0009, 0.128 0.4134 0.0197, 0.128 0.4134 0.0079, 0.128 0.405 0.0009, 0.128 0.397 0.0036, 0.128 0.3898 0.0079, 0.187 0.4112 0.2786, 0.187 0.4112 0.2628, 0.128 0.4112 0.2786, 0.128 0.4112 0.2628, 0.187 0.3915 0.2786, 0.128 0.3915 0.2786, 0.187 0.3915 0.2628, 0.128 0.3915 0.2628, 0.187 0.3905 0.2539, 0.128 0.3905 0.2539, 0.187 0.3875 0.2454, 0.128 0.3875 0.2454, 0.187 0.3826 0.2378, 0.128 0.3826 0.2378, 0.187 0.3761 0.2316, 0.128 0.3761 0.2316, 0.187 0.3684 0.2269, 0.128 0.3684 0.2269, 0.187 0.3669 0.2262, 0.128 0.3669 0.2262, 0.128 0.3629 0.2239, 0.187 0.3629 0.2239, 0.128 0.3597 0.2206, 0.187 0.3597 0.2206, 0.128 0.3572 0.2167, 0.187 0.3572 0.2167, 0.128 0.3557 0.2124, 0.187 0.3557 0.2124, 0.128 0.3553 0.2078, 0.187 0.3553 0.2078, 0.128 0.356 0.2033, 0.187 0.356 0.2033, 0.128 0.3576 0.199, 0.187 0.3576 0.199, 0.187 0.3694 0.1771, 0.128 0.3694 0.1771, 0.187 0.3728 0.1681, 0.128 0.3728 0.1681, 0.187 0.374 0.1586, 0.128 0.374 0.1586, 0.187 0.374 0.0787, 0.128 0.374 0.0787, 0.128 0.3937 0.1586, 0.187 0.3937 0.1586, 0.128 0.3937 0.0787, 0.187 0.3937 0.0787, 0.128 0.3919 0.1729, 0.187 0.3919 0.1729, 0.128 0.3867 0.1864, 0.187 0.3867 0.1864, 0.187 0.375 0.2083, 0.128 0.375 0.2083, 0.187 0.3766 0.209, 0.128 0.3766 0.209, 0.128 0.3881 0.216, 0.187 0.3881 0.216, 0.128 0.3978 0.2253, 0.187 0.3978 0.2253, 0.128 0.4051 0.2367, 0.187 0.4051 0.2367, 0.128 0.4097 0.2494, 0.187 0.4097 0.2494, 0.0295 0.4921 0.0, 0.0295 0.4134 0.0, -0.0295 0.4921 0.0, -0.0295 0.4134 0.0, 0.0295 0.4921 0.0197, -0.0295 0.4921 0.0197, 0.0295 0.4134 0.0197, 0.0295 0.4134 0.0079, 0.0295 0.3898 0.0079, 0.0295 0.397 0.0036, 0.0295 0.405 0.0009, -0.0295 0.4134 0.0197, -0.0295 0.4134 0.0079, -0.0295 0.405 0.0009, -0.0295 0.397 0.0036, -0.0295 0.3898 0.0079, 0.0295 0.4112 0.2786, 0.0295 0.4112 0.2628, -0.0295 0.4112 0.2786, -0.0295 0.4112 0.2628, 0.0295 0.3915 0.2786, -0.0295 0.3915 0.2786, 0.0295 0.3915 0.2628, -0.0295 0.3915 0.2628, 0.0295 0.3905 0.2539, -0.0295 0.3905 0.2539, 0.0295 0.3875 0.2454, -0.0295 0.3875 0.2454, 0.0295 0.3826 0.2378, -0.0295 0.3826 0.2378, 0.0295 0.3761 0.2316, -0.0295 0.3761 0.2316, 0.0295 0.3684 0.2269, -0.0295 0.3684 0.2269, 0.0295 0.3669 0.2262, -0.0295 0.3669 0.2262, -0.0295 0.3629 0.2239, 0.0295 0.3629 0.2239, -0.0295 0.3597 0.2206, 0.0295 0.3597 0.2206, -0.0295 0.3572 0.2167, 0.0295 0.3572 0.2167, -0.0295 0.3557 0.2124, 0.0295 0.3557 0.2124, -0.0295 0.3553 0.2078, 0.0295 0.3553 0.2078, -0.0295 0.356 0.2033, 0.0295 0.356 0.2033, -0.0295 0.3576 0.199, 0.0295 0.3576 0.199, 0.0295 0.3694 0.1771, -0.0295 0.3694 0.1771, 0.0295 0.3728 0.1681, -0.0295 0.3728 0.1681, 0.0295 0.374 0.1586, -0.0295 0.374 0.1586, 0.0295 0.374 0.0787, -0.0295 0.374 0.0787, -0.0295 0.3937 0.1586, 0.0295 0.3937 0.1586, -0.0295 0.3937 0.0787, 0.0295 0.3937 0.0787, -0.0295 0.3919 0.1729, 0.0295 0.3919 0.1729, -0.0295 0.3867 0.1864, 0.0295 0.3867 0.1864, 0.0295 0.375 0.2083, -0.0295 0.375 0.2083, 0.0295 0.3766 0.209, -0.0295 0.3766 0.209, -0.0295 0.3881 0.216, 0.0295 0.3881 0.216, -0.0295 0.3978 0.2253, 0.0295 0.3978 0.2253, -0.0295 0.4051 0.2367, 0.0295 0.4051 0.2367, -0.0295 0.4097 0.2494, 0.0295 0.4097 0.2494, -0.128 0.4921 0.0, -0.128 0.4134 0.0, -0.187 0.4921 0.0, -0.187 0.4134 0.0, -0.128 0.4921 0.0197, -0.187 0.4921 0.0197, -0.128 0.4134 0.0197, -0.128 0.4134 0.0079, -0.128 0.3898 0.0079, -0.128 0.397 0.0036, -0.128 0.405 0.0009, -0.187 0.4134 0.0197, -0.187 0.4134 0.0079, -0.187 0.405 0.0009, -0.187 0.397 0.0036, -0.187 0.3898 0.0079, -0.128 0.4112 0.2786, -0.128 0.4112 0.2628, -0.187 0.4112 0.2786, -0.187 0.4112 0.2628, -0.128 0.3915 0.2786, -0.187 0.3915 0.2786, -0.128 0.3915 0.2628, -0.187 0.3915 0.2628, -0.128 0.3905 0.2539, -0.187 0.3905 0.2539, -0.128 0.3875 0.2454, -0.187 0.3875 0.2454, -0.128 0.3826 0.2378, -0.187 0.3826 0.2378, -0.128 0.3761 0.2316, -0.187 0.3761 0.2316, -0.128 0.3684 0.2269, -0.187 0.3684 0.2269, -0.128 0.3669 0.2262, -0.187 0.3669 0.2262, -0.187 0.3629 0.2239, -0.128 0.3629 0.2239, -0.187 0.3597 0.2206, -0.128 0.3597 0.2206, -0.187 0.3572 0.2167, -0.128 0.3572 0.2167, -0.187 0.3557 0.2124, -0.128 0.3557 0.2124, -0.187 0.3553 0.2078, -0.128 0.3553 0.2078, -0.187 0.356 0.2033, -0.128 0.356 0.2033, -0.187 0.3576 0.199, -0.128 0.3576 0.199, -0.128 0.3694 0.1771, -0.187 0.3694 0.1771, -0.128 0.3728 0.1681, -0.187 0.3728 0.1681, -0.128 0.374 0.1586, -0.187 0.374 0.1586, -0.128 0.374 0.0787, -0.187 0.374 0.0787, -0.187 0.3937 0.1586, -0.128 0.3937 0.1586, -0.187 0.3937 0.0787, -0.128 0.3937 0.0787, -0.187 0.3919 0.1729, -0.128 0.3919 0.1729, -0.187 0.3867 0.1864, -0.128 0.3867 0.1864, -0.128 0.375 0.2083, -0.187 0.375 0.2083, -0.128 0.3766 0.209, -0.187 0.3766 0.209, -0.187 0.3881 0.216, -0.128 0.3881 0.216, -0.187 0.3978 0.2253, -0.128 0.3978 0.2253, -0.187 0.4051 0.2367, -0.128 0.4051 0.2367, -0.187 0.4097 0.2494, -0.128 0.4097 0.2494, -0.2854 0.4921 0.0, -0.2854 0.4134 0.0, -0.3445 0.4921 0.0, -0.3445 0.4134 0.0, -0.2854 0.4921 0.0197, -0.3445 0.4921 0.0197, -0.2854 0.4134 0.0197, -0.2854 0.4134 0.0079, -0.2854 0.3898 0.0079, -0.2854 0.397 0.0036, -0.2854 0.405 0.0009, -0.3445 0.4134 0.0197, -0.3445 0.4134 0.0079, -0.3445 0.405 0.0009, -0.3445 0.397 0.0036, -0.3445 0.3898 0.0079, -0.2854 0.4112 0.2786, -0.2854 0.4112 0.2628, -0.3445 0.4112 0.2786, -0.3445 0.4112 0.2628, -0.2854 0.3915 0.2786, -0.3445 0.3915 0.2786, -0.2854 0.3915 0.2628, -0.3445 0.3915 0.2628, -0.2854 0.3905 0.2539, -0.3445 0.3905 0.2539, -0.2854 0.3875 0.2454, -0.3445 0.3875 0.2454, -0.2854 0.3826 0.2378, -0.3445 0.3826 0.2378, -0.2854 0.3761 0.2316, -0.3445 0.3761 0.2316, -0.2854 0.3684 0.2269, -0.3445 0.3684 0.2269, -0.2854 0.3669 0.2262, -0.3445 0.3669 0.2262, -0.3445 0.3629 0.2239, -0.2854 0.3629 0.2239, -0.3445 0.3597 0.2206, -0.2854 0.3597 0.2206, -0.3445 0.3572 0.2167, -0.2854 0.3572 0.2167, -0.3445 0.3557 0.2124, -0.2854 0.3557 0.2124, -0.3445 0.3553 0.2078, -0.2854 0.3553 0.2078, -0.3445 0.356 0.2033, -0.2854 0.356 0.2033, -0.3445 0.3576 0.199, -0.2854 0.3576 0.199, -0.2854 0.3694 0.1771, -0.3445 0.3694 0.1771, -0.2854 0.3728 0.1681, -0.3445 0.3728 0.1681, -0.2854 0.374 0.1586, -0.3445 0.374 0.1586, -0.2854 0.374 0.0787, -0.3445 0.374 0.0787, -0.3445 0.3937 0.1586, -0.2854 0.3937 0.1586, -0.3445 0.3937 0.0787, -0.2854 0.3937 0.0787, -0.3445 0.3919 0.1729, -0.2854 0.3919 0.1729, -0.3445 0.3867 0.1864, -0.2854 0.3867 0.1864, -0.2854 0.375 0.2083, -0.3445 0.375 0.2083, -0.2854 0.3766 0.209, -0.3445 0.3766 0.209, -0.3445 0.3881 0.216, -0.2854 0.3881 0.216, -0.3445 0.3978 0.2253, -0.2854 0.3978 0.2253, -0.3445 0.4051 0.2367, -0.2854 0.4051 0.2367, -0.3445 0.4097 0.2494, -0.2854 0.4097 0.2494, -0.4429 0.4921 0.0, -0.4429 0.4134 0.0, -0.502 0.4921 0.0, -0.502 0.4134 0.0, -0.4429 0.4921 0.0197, -0.502 0.4921 0.0197, -0.4429 0.4134 0.0197, -0.4429 0.4134 0.0079, -0.4429 0.3898 0.0079, -0.4429 0.397 0.0036, -0.4429 0.405 0.0009, -0.502 0.4134 0.0197, -0.502 0.4134 0.0079, -0.502 0.405 0.0009, -0.502 0.397 0.0036, -0.502 0.3898 0.0079, -0.4429 0.4112 0.2786, -0.4429 0.4112 0.2628, -0.502 0.4112 0.2786, -0.502 0.4112 0.2628, -0.4429 0.3915 0.2786, -0.502 0.3915 0.2786, -0.4429 0.3915 0.2628, -0.502 0.3915 0.2628, -0.4429 0.3905 0.2539, -0.502 0.3905 0.2539, -0.4429 0.3875 0.2454, -0.502 0.3875 0.2454, -0.4429 0.3826 0.2378, -0.502 0.3826 0.2378, -0.4429 0.3761 0.2316, -0.502 0.3761 0.2316, -0.4429 0.3684 0.2269, -0.502 0.3684 0.2269, -0.4429 0.3669 0.2262, -0.502 0.3669 0.2262, -0.502 0.3629 0.2239, -0.4429 0.3629 0.2239, -0.502 0.3597 0.2206, -0.4429 0.3597 0.2206, -0.502 0.3572 0.2167, -0.4429 0.3572 0.2167, -0.502 0.3557 0.2124, -0.4429 0.3557 0.2124, -0.502 0.3553 0.2078, -0.4429 0.3553 0.2078, -0.502 0.356 0.2033, -0.4429 0.356 0.2033, -0.502 0.3576 0.199, -0.4429 0.3576 0.199, -0.4429 0.3694 0.1771, -0.502 0.3694 0.1771, -0.4429 0.3728 0.1681, -0.502 0.3728 0.1681, -0.4429 0.374 0.1586, -0.502 0.374 0.1586, -0.4429 0.374 0.0787, -0.502 0.374 0.0787, -0.502 0.3937 0.1586, -0.4429 0.3937 0.1586, -0.502 0.3937 0.0787, -0.4429 0.3937 0.0787, -0.502 0.3919 0.1729, -0.4429 0.3919 0.1729, -0.502 0.3867 0.1864, -0.4429 0.3867 0.1864, -0.4429 0.375 0.2083, -0.502 0.375 0.2083, -0.4429 0.3766 0.209, -0.502 0.3766 0.209, -0.502 0.3881 0.216, -0.4429 0.3881 0.216, -0.502 0.3978 0.2253, -0.4429 0.3978 0.2253, -0.502 0.4051 0.2367, -0.4429 0.4051 0.2367, -0.502 0.4097 0.2494, -0.4429 0.4097 0.2494, -0.6004 0.4921 0.0, -0.6004 0.4134 0.0, -0.6594 0.4921 0.0, -0.6594 0.4134 0.0, -0.6004 0.4921 0.0197, -0.6594 0.4921 0.0197, -0.6004 0.4134 0.0197, -0.6004 0.4134 0.0079, -0.6004 0.3898 0.0079, -0.6004 0.397 0.0036, -0.6004 0.405 0.0009, -0.6594 0.4134 0.0197, -0.6594 0.4134 0.0079, -0.6594 0.405 0.0009, -0.6594 0.397 0.0036, -0.6594 0.3898 0.0079, -0.6004 0.4112 0.2786, -0.6004 0.4112 0.2628, -0.6594 0.4112 0.2786, -0.6594 0.4112 0.2628, -0.6004 0.3915 0.2786, -0.6594 0.3915 0.2786, -0.6004 0.3915 0.2628, -0.6594 0.3915 0.2628, -0.6004 0.3905 0.2539, -0.6594 0.3905 0.2539, -0.6004 0.3875 0.2454, -0.6594 0.3875 0.2454, -0.6004 0.3826 0.2378, -0.6594 0.3826 0.2378, -0.6004 0.3761 0.2316, -0.6594 0.3761 0.2316, -0.6004 0.3684 0.2269, -0.6594 0.3684 0.2269, -0.6004 0.3669 0.2262, -0.6594 0.3669 0.2262, -0.6594 0.3629 0.2239, -0.6004 0.3629 0.2239, -0.6594 0.3597 0.2206, -0.6004 0.3597 0.2206, -0.6594 0.3572 0.2167, -0.6004 0.3572 0.2167, -0.6594 0.3557 0.2124, -0.6004 0.3557 0.2124, -0.6594 0.3553 0.2078, -0.6004 0.3553 0.2078, -0.6594 0.356 0.2033, -0.6004 0.356 0.2033, -0.6594 0.3576 0.199, -0.6004 0.3576 0.199, -0.6004 0.3694 0.1771, -0.6594 0.3694 0.1771, -0.6004 0.3728 0.1681, -0.6594 0.3728 0.1681, -0.6004 0.374 0.1586, -0.6594 0.374 0.1586, -0.6004 0.374 0.0787, -0.6594 0.374 0.0787, -0.6594 0.3937 0.1586, -0.6004 0.3937 0.1586, -0.6594 0.3937 0.0787, -0.6004 0.3937 0.0787, -0.6594 0.3919 0.1729, -0.6004 0.3919 0.1729, -0.6594 0.3867 0.1864, -0.6004 0.3867 0.1864, -0.6004 0.375 0.2083, -0.6594 0.375 0.2083, -0.6004 0.3766 0.209, -0.6594 0.3766 0.209, -0.6594 0.3881 0.216, -0.6004 0.3881 0.216, -0.6594 0.3978 0.2253, -0.6004 0.3978 0.2253, -0.6594 0.4051 0.2367, -0.6004 0.4051 0.2367, -0.6594 0.4097 0.2494, -0.6004 0.4097 0.2494, -0.7579 0.4921 0.0, -0.7579 0.4134 0.0, -0.8169 0.4921 0.0, -0.8169 0.4134 0.0, -0.7579 0.4921 0.0197, -0.8169 0.4921 0.0197, -0.7579 0.4134 0.0197, -0.7579 0.4134 0.0079, -0.7579 0.3898 0.0079, -0.7579 0.397 0.0036, -0.7579 0.405 0.0009, -0.8169 0.4134 0.0197, -0.8169 0.4134 0.0079, -0.8169 0.405 0.0009, -0.8169 0.397 0.0036, -0.8169 0.3898 0.0079, -0.7579 0.4112 0.2786, -0.7579 0.4112 0.2628, -0.8169 0.4112 0.2786, -0.8169 0.4112 0.2628, -0.7579 0.3915 0.2786, -0.8169 0.3915 0.2786, -0.7579 0.3915 0.2628, -0.8169 0.3915 0.2628, -0.7579 0.3905 0.2539, -0.8169 0.3905 0.2539, -0.7579 0.3875 0.2454, -0.8169 0.3875 0.2454, -0.7579 0.3826 0.2378, -0.8169 0.3826 0.2378, -0.7579 0.3761 0.2316, -0.8169 0.3761 0.2316, -0.7579 0.3684 0.2269, -0.8169 0.3684 0.2269, -0.7579 0.3669 0.2262, -0.8169 0.3669 0.2262, -0.8169 0.3629 0.2239, -0.7579 0.3629 0.2239, -0.8169 0.3597 0.2206, -0.7579 0.3597 0.2206, -0.8169 0.3572 0.2167, -0.7579 0.3572 0.2167, -0.8169 0.3557 0.2124, -0.7579 0.3557 0.2124, -0.8169 0.3553 0.2078, -0.7579 0.3553 0.2078, -0.8169 0.356 0.2033, -0.7579 0.356 0.2033, -0.8169 0.3576 0.199, -0.7579 0.3576 0.199, -0.7579 0.3694 0.1771, -0.8169 0.3694 0.1771, -0.7579 0.3728 0.1681, -0.8169 0.3728 0.1681, -0.7579 0.374 0.1586, -0.8169 0.374 0.1586, -0.7579 0.374 0.0787, -0.8169 0.374 0.0787, -0.8169 0.3937 0.1586, -0.7579 0.3937 0.1586, -0.8169 0.3937 0.0787, -0.7579 0.3937 0.0787, -0.8169 0.3919 0.1729, -0.7579 0.3919 0.1729, -0.8169 0.3867 0.1864, -0.7579 0.3867 0.1864, -0.7579 0.375 0.2083, -0.8169 0.375 0.2083, -0.7579 0.3766 0.209, -0.8169 0.3766 0.209, -0.8169 0.3881 0.216, -0.7579 0.3881 0.216, -0.8169 0.3978 0.2253, -0.7579 0.3978 0.2253, -0.8169 0.4051 0.2367, -0.7579 0.4051 0.2367, -0.8169 0.4097 0.2494, -0.7579 0.4097 0.2494, -0.9154 0.4921 0.0, -0.9154 0.4134 0.0, -0.9744 0.4921 0.0, -0.9744 0.4134 0.0, -0.9154 0.4921 0.0197, -0.9744 0.4921 0.0197, -0.9154 0.4134 0.0197, -0.9154 0.4134 0.0079, -0.9154 0.3898 0.0079, -0.9154 0.397 0.0036, -0.9154 0.405 0.0009, -0.9744 0.4134 0.0197, -0.9744 0.4134 0.0079, -0.9744 0.405 0.0009, -0.9744 0.397 0.0036, -0.9744 0.3898 0.0079, -0.9154 0.4112 0.2786, -0.9154 0.4112 0.2628, -0.9744 0.4112 0.2786, -0.9744 0.4112 0.2628, -0.9154 0.3915 0.2786, -0.9744 0.3915 0.2786, -0.9154 0.3915 0.2628, -0.9744 0.3915 0.2628, -0.9154 0.3905 0.2539, -0.9744 0.3905 0.2539, -0.9154 0.3875 0.2454, -0.9744 0.3875 0.2454, -0.9154 0.3826 0.2378, -0.9744 0.3826 0.2378, -0.9154 0.3761 0.2316, -0.9744 0.3761 0.2316, -0.9154 0.3684 0.2269, -0.9744 0.3684 0.2269, -0.9154 0.3669 0.2262, -0.9744 0.3669 0.2262, -0.9744 0.3629 0.2239, -0.9154 0.3629 0.2239, -0.9744 0.3597 0.2206, -0.9154 0.3597 0.2206, -0.9744 0.3572 0.2167, -0.9154 0.3572 0.2167, -0.9744 0.3557 0.2124, -0.9154 0.3557 0.2124, -0.9744 0.3553 0.2078, -0.9154 0.3553 0.2078, -0.9744 0.356 0.2033, -0.9154 0.356 0.2033, -0.9744 0.3576 0.199, -0.9154 0.3576 0.199, -0.9154 0.3694 0.1771, -0.9744 0.3694 0.1771, -0.9154 0.3728 0.1681, -0.9744 0.3728 0.1681, -0.9154 0.374 0.1586, -0.9744 0.374 0.1586, -0.9154 0.374 0.0787, -0.9744 0.374 0.0787, -0.9744 0.3937 0.1586, -0.9154 0.3937 0.1586, -0.9744 0.3937 0.0787, -0.9154 0.3937 0.0787, -0.9744 0.3919 0.1729, -0.9154 0.3919 0.1729, -0.9744 0.3867 0.1864, -0.9154 0.3867 0.1864, -0.9154 0.375 0.2083, -0.9744 0.375 0.2083, -0.9154 0.3766 0.209, -0.9744 0.3766 0.209, -0.9744 0.3881 0.216, -0.9154 0.3881 0.216, -0.9744 0.3978 0.2253, -0.9154 0.3978 0.2253, -0.9744 0.4051 0.2367, -0.9154 0.4051 0.2367, -0.9744 0.4097 0.2494, -0.9154 0.4097 0.2494, -1.0728 0.4921 0.0, -1.0728 0.4134 0.0, -1.1319 0.4921 0.0, -1.1319 0.4134 0.0, -1.0728 0.4921 0.0197, -1.1319 0.4921 0.0197, -1.0728 0.4134 0.0197, -1.0728 0.4134 0.0079, -1.0728 0.3898 0.0079, -1.0728 0.397 0.0036, -1.0728 0.405 0.0009, -1.1319 0.4134 0.0197, -1.1319 0.4134 0.0079, -1.1319 0.405 0.0009, -1.1319 0.397 0.0036, -1.1319 0.3898 0.0079, -1.0728 0.4112 0.2786, -1.0728 0.4112 0.2628, -1.1319 0.4112 0.2786, -1.1319 0.4112 0.2628, -1.0728 0.3915 0.2786, -1.1319 0.3915 0.2786, -1.0728 0.3915 0.2628, -1.1319 0.3915 0.2628, -1.0728 0.3905 0.2539, -1.1319 0.3905 0.2539, -1.0728 0.3875 0.2454, -1.1319 0.3875 0.2454, -1.0728 0.3826 0.2378, -1.1319 0.3826 0.2378, -1.0728 0.3761 0.2316, -1.1319 0.3761 0.2316, -1.0728 0.3684 0.2269, -1.1319 0.3684 0.2269, -1.0728 0.3669 0.2262, -1.1319 0.3669 0.2262, -1.1319 0.3629 0.2239, -1.0728 0.3629 0.2239, -1.1319 0.3597 0.2206, -1.0728 0.3597 0.2206, -1.1319 0.3572 0.2167, -1.0728 0.3572 0.2167, -1.1319 0.3557 0.2124, -1.0728 0.3557 0.2124, -1.1319 0.3553 0.2078, -1.0728 0.3553 0.2078, -1.1319 0.356 0.2033, -1.0728 0.356 0.2033, -1.1319 0.3576 0.199, -1.0728 0.3576 0.199, -1.0728 0.3694 0.1771, -1.1319 0.3694 0.1771, -1.0728 0.3728 0.1681, -1.1319 0.3728 0.1681, -1.0728 0.374 0.1586, -1.1319 0.374 0.1586, -1.0728 0.374 0.0787, -1.1319 0.374 0.0787, -1.1319 0.3937 0.1586, -1.0728 0.3937 0.1586, -1.1319 0.3937 0.0787, -1.0728 0.3937 0.0787, -1.1319 0.3919 0.1729, -1.0728 0.3919 0.1729, -1.1319 0.3867 0.1864, -1.0728 0.3867 0.1864, -1.0728 0.375 0.2083, -1.1319 0.375 0.2083, -1.0728 0.3766 0.209, -1.1319 0.3766 0.209, -1.1319 0.3881 0.216, -1.0728 0.3881 0.216, -1.1319 0.3978 0.2253, -1.0728 0.3978 0.2253, -1.1319 0.4051 0.2367, -1.0728 0.4051 0.2367, -1.1319 0.4097 0.2494, -1.0728 0.4097 0.2494, 0.9744 0.1063 0.0787, 0.9744 0.1063 0.1969, 0.9154 0.1063 0.0787, 0.9154 0.1063 0.1969, 0.9744 0.126 0.1969, 0.9744 0.126 0.0787, 0.9154 0.126 0.1969, 0.9154 0.126 0.0787, 0.8169 0.1063 0.0787, 0.8169 0.1063 0.1969, 0.7579 0.1063 0.0787, 0.7579 0.1063 0.1969, 0.8169 0.126 0.1969, 0.8169 0.126 0.0787, 0.7579 0.126 0.1969, 0.7579 0.126 0.0787, 0.6594 0.1063 0.0787, 0.6594 0.1063 0.1969, 0.6004 0.1063 0.0787, 0.6004 0.1063 0.1969, 0.6594 0.126 0.1969, 0.6594 0.126 0.0787, 0.6004 0.126 0.1969, 0.6004 0.126 0.0787, 0.502 0.1063 0.0787, 0.502 0.1063 0.1969, 0.4429 0.1063 0.0787, 0.4429 0.1063 0.1969, 0.502 0.126 0.1969, 0.502 0.126 0.0787, 0.4429 0.126 0.1969, 0.4429 0.126 0.0787, 0.3445 0.1063 0.0787, 0.3445 0.1063 0.1969, 0.2854 0.1063 0.0787, 0.2854 0.1063 0.1969, 0.3445 0.126 0.1969, 0.3445 0.126 0.0787, 0.2854 0.126 0.1969, 0.2854 0.126 0.0787, 0.187 0.1063 0.0787, 0.187 0.1063 0.1969, 0.128 0.1063 0.0787, 0.128 0.1063 0.1969, 0.187 0.126 0.1969, 0.187 0.126 0.0787, 0.128 0.126 0.1969, 0.128 0.126 0.0787, 0.0295 0.1063 0.0787, 0.0295 0.1063 0.1969, -0.0295 0.1063 0.0787, -0.0295 0.1063 0.1969, 0.0295 0.126 0.1969, 0.0295 0.126 0.0787, -0.0295 0.126 0.1969, -0.0295 0.126 0.0787, -0.128 0.1063 0.0787, -0.128 0.1063 0.1969, -0.187 0.1063 0.0787, -0.187 0.1063 0.1969, -0.128 0.126 0.1969, -0.128 0.126 0.0787, -0.187 0.126 0.1969, -0.187 0.126 0.0787, -0.2854 0.1063 0.0787, -0.2854 0.1063 0.1969, -0.3445 0.1063 0.0787, -0.3445 0.1063 0.1969, -0.2854 0.126 0.1969, -0.2854 0.126 0.0787, -0.3445 0.126 0.1969, -0.3445 0.126 0.0787, -0.4429 0.1063 0.0787, -0.4429 0.1063 0.1969, -0.502 0.1063 0.0787, -0.502 0.1063 0.1969, -0.4429 0.126 0.1969, -0.4429 0.126 0.0787, -0.502 0.126 0.1969, -0.502 0.126 0.0787, -0.6004 0.1063 0.0787, -0.6004 0.1063 0.1969, -0.6594 0.1063 0.0787, -0.6594 0.1063 0.1969, -0.6004 0.126 0.1969, -0.6004 0.126 0.0787, -0.6594 0.126 0.1969, -0.6594 0.126 0.0787, -0.7579 0.1063 0.0787, -0.7579 0.1063 0.1969, -0.8169 0.1063 0.0787, -0.8169 0.1063 0.1969, -0.7579 0.126 0.1969, -0.7579 0.126 0.0787, -0.8169 0.126 0.1969, -0.8169 0.126 0.0787, -0.9154 0.1063 0.0787, -0.9154 0.1063 0.1969, -0.9744 0.1063 0.0787, -0.9744 0.1063 0.1969, -0.9154 0.126 0.1969, -0.9154 0.126 0.0787, -0.9744 0.126 0.1969, -0.9744 0.126 0.0787, -1.0728 0.1063 0.0787, -1.0728 0.1063 0.1969, -1.1319 0.1063 0.0787, -1.1319 0.1063 0.1969, -1.0728 0.126 0.1969, -1.0728 0.126 0.0787, -1.1319 0.126 0.1969, -1.1319 0.126 0.0787
            ]
        }
        coordIndex [
            0,1,2,-1,2,1,3,-1,4,0,5,-1,5,0,2,-1,6,1,7,-1,7,1,0,-1,7,0,4,-1,4,8,7,-1,7,8,9,-1,7,9,10,-1,3,11,2,-1,2,11,12,-1,12,13,14,-1,14,15,12,-1,12,15,5,-1,12,5,2,-1,1,6,3,-1,3,6,11,-1,4,5,15,-1,4,15,8,-1,8,15,14,-1,8,14,9,-1,9,14,13,-1,9,13,10,-1,16,17,18,-1,18,17,19,-1,16,18,20,-1,16,20,21,-1,21,20,22,-1,21,22,23,-1,23,22,24,-1,23,24,25,-1,25,24,26,-1,25,26,27,-1,27,26,28,-1,27,28,29,-1,30,29,31,-1,31,29,28,-1,32,30,33,-1,33,30,31,-1,32,33,34,-1,32,34,35,-1,35,34,36,-1,35,36,37,-1,38,37,39,-1,39,37,36,-1,40,41,42,-1,42,41,43,-1,41,40,44,-1,44,40,45,-1,44,45,46,-1,46,45,47,-1,48,46,49,-1,49,46,47,-1,48,49,50,-1,48,50,51,-1,51,50,52,-1,51,52,53,-1,53,52,54,-1,53,54,55,-1,55,54,56,-1,55,56,57,-1,57,56,58,-1,57,58,59,-1,59,58,60,-1,59,60,61,-1,61,60,62,-1,61,62,63,-1,64,63,65,-1,65,63,62,-1,64,65,66,-1,66,65,67,-1,66,67,68,-1,68,67,69,-1,68,69,70,-1,70,69,71,-1,70,71,72,-1,72,71,73,-1,72,73,74,-1,74,73,75,-1,76,74,77,-1,77,74,75,-1,17,76,19,-1,19,76,77,-1,38,43,37,-1,37,43,41,-1,37,41,35,-1,35,41,44,-1,35,44,32,-1,32,44,46,-1,32,46,30,-1,30,46,48,-1,30,48,51,-1,76,17,74,-1,74,17,16,-1,74,16,72,-1,72,16,21,-1,72,21,70,-1,70,21,23,-1,70,23,68,-1,68,23,25,-1,68,25,66,-1,66,25,27,-1,66,27,64,-1,64,27,29,-1,51,53,30,-1,30,53,55,-1,30,55,57,-1,57,59,30,-1,30,59,61,-1,30,61,29,-1,29,61,63,-1,29,63,64,-1,56,54,31,-1,42,39,40,-1,40,39,36,-1,40,36,45,-1,45,36,34,-1,45,34,47,-1,47,34,33,-1,47,33,49,-1,49,33,31,-1,54,52,31,-1,31,52,50,-1,31,50,49,-1,65,28,67,-1,67,28,26,-1,67,26,69,-1,69,26,24,-1,69,24,71,-1,71,24,22,-1,71,22,73,-1,73,22,20,-1,73,20,75,-1,75,20,18,-1,75,18,77,-1,77,18,19,-1,65,62,28,-1,28,62,60,-1,28,60,31,-1,31,60,58,-1,31,58,56,-1,78,79,80,-1,80,79,81,-1,82,78,83,-1,83,78,80,-1,84,82,85,-1,85,82,83,-1,82,84,78,-1,78,84,79,-1,85,83,81,-1,81,83,80,-1,86,87,88,-1,88,87,89,-1,90,86,91,-1,91,86,88,-1,92,87,93,-1,93,87,86,-1,93,86,90,-1,90,94,93,-1,93,94,95,-1,93,95,96,-1,89,97,88,-1,88,97,98,-1,98,99,100,-1,100,101,98,-1,98,101,91,-1,98,91,88,-1,87,92,89,-1,89,92,97,-1,90,91,101,-1,90,101,94,-1,94,101,100,-1,94,100,95,-1,95,100,99,-1,95,99,96,-1,102,103,104,-1,104,103,105,-1,102,104,106,-1,102,106,107,-1,107,106,108,-1,107,108,109,-1,109,108,110,-1,109,110,111,-1,111,110,112,-1,111,112,113,-1,113,112,114,-1,113,114,115,-1,116,115,117,-1,117,115,114,-1,118,116,119,-1,119,116,117,-1,118,119,120,-1,118,120,121,-1,121,120,122,-1,121,122,123,-1,124,123,125,-1,125,123,122,-1,126,127,128,-1,128,127,129,-1,127,126,130,-1,130,126,131,-1,130,131,132,-1,132,131,133,-1,134,132,135,-1,135,132,133,-1,134,135,136,-1,134,136,137,-1,137,136,138,-1,137,138,139,-1,139,138,140,-1,139,140,141,-1,141,140,142,-1,141,142,143,-1,143,142,144,-1,143,144,145,-1,145,144,146,-1,145,146,147,-1,147,146,148,-1,147,148,149,-1,150,149,151,-1,151,149,148,-1,150,151,152,-1,152,151,153,-1,152,153,154,-1,154,153,155,-1,154,155,156,-1,156,155,157,-1,156,157,158,-1,158,157,159,-1,158,159,160,-1,160,159,161,-1,162,160,163,-1,163,160,161,-1,103,162,105,-1,105,162,163,-1,124,129,123,-1,123,129,127,-1,123,127,121,-1,121,127,130,-1,121,130,118,-1,118,130,132,-1,118,132,116,-1,116,132,134,-1,116,134,137,-1,162,103,160,-1,160,103,102,-1,160,102,158,-1,158,102,107,-1,158,107,156,-1,156,107,109,-1,156,109,154,-1,154,109,111,-1,154,111,152,-1,152,111,113,-1,152,113,150,-1,150,113,115,-1,137,139,116,-1,116,139,141,-1,116,141,143,-1,143,145,116,-1,116,145,147,-1,116,147,115,-1,115,147,149,-1,115,149,150,-1,142,140,117,-1,128,125,126,-1,126,125,122,-1,126,122,131,-1,131,122,120,-1,131,120,133,-1,133,120,119,-1,133,119,135,-1,135,119,117,-1,140,138,117,-1,117,138,136,-1,117,136,135,-1,151,114,153,-1,153,114,112,-1,153,112,155,-1,155,112,110,-1,155,110,157,-1,157,110,108,-1,157,108,159,-1,159,108,106,-1,159,106,161,-1,161,106,104,-1,161,104,163,-1,163,104,105,-1,151,148,114,-1,114,148,146,-1,114,146,117,-1,117,146,144,-1,117,144,142,-1,164,165,166,-1,166,165,167,-1,168,164,169,-1,169,164,166,-1,170,168,171,-1,171,168,169,-1,168,170,164,-1,164,170,165,-1,171,169,167,-1,167,169,166,-1,172,173,174,-1,174,173,175,-1,176,172,177,-1,177,172,174,-1,178,173,179,-1,179,173,172,-1,179,172,176,-1,176,180,179,-1,179,180,181,-1,179,181,182,-1,175,183,174,-1,174,183,184,-1,184,185,186,-1,186,187,184,-1,184,187,177,-1,184,177,174,-1,173,178,175,-1,175,178,183,-1,176,177,187,-1,176,187,180,-1,180,187,186,-1,180,186,181,-1,181,186,185,-1,181,185,182,-1,188,189,190,-1,190,189,191,-1,188,190,192,-1,188,192,193,-1,193,192,194,-1,193,194,195,-1,195,194,196,-1,195,196,197,-1,197,196,198,-1,197,198,199,-1,199,198,200,-1,199,200,201,-1,202,201,203,-1,203,201,200,-1,204,202,205,-1,205,202,203,-1,204,205,206,-1,204,206,207,-1,207,206,208,-1,207,208,209,-1,210,209,211,-1,211,209,208,-1,212,213,214,-1,214,213,215,-1,213,212,216,-1,216,212,217,-1,216,217,218,-1,218,217,219,-1,220,218,221,-1,221,218,219,-1,220,221,222,-1,220,222,223,-1,223,222,224,-1,223,224,225,-1,225,224,226,-1,225,226,227,-1,227,226,228,-1,227,228,229,-1,229,228,230,-1,229,230,231,-1,231,230,232,-1,231,232,233,-1,233,232,234,-1,233,234,235,-1,236,235,237,-1,237,235,234,-1,236,237,238,-1,238,237,239,-1,238,239,240,-1,240,239,241,-1,240,241,242,-1,242,241,243,-1,242,243,244,-1,244,243,245,-1,244,245,246,-1,246,245,247,-1,248,246,249,-1,249,246,247,-1,189,248,191,-1,191,248,249,-1,210,215,209,-1,209,215,213,-1,209,213,207,-1,207,213,216,-1,207,216,204,-1,204,216,218,-1,204,218,202,-1,202,218,220,-1,202,220,223,-1,248,189,246,-1,246,189,188,-1,246,188,244,-1,244,188,193,-1,244,193,242,-1,242,193,195,-1,242,195,240,-1,240,195,197,-1,240,197,238,-1,238,197,199,-1,238,199,236,-1,236,199,201,-1,223,225,202,-1,202,225,227,-1,202,227,229,-1,229,231,202,-1,202,231,233,-1,202,233,201,-1,201,233,235,-1,201,235,236,-1,228,226,203,-1,214,211,212,-1,212,211,208,-1,212,208,217,-1,217,208,206,-1,217,206,219,-1,219,206,205,-1,219,205,221,-1,221,205,203,-1,226,224,203,-1,203,224,222,-1,203,222,221,-1,237,200,239,-1,239,200,198,-1,239,198,241,-1,241,198,196,-1,241,196,243,-1,243,196,194,-1,243,194,245,-1,245,194,192,-1,245,192,247,-1,247,192,190,-1,247,190,249,-1,249,190,191,-1,237,234,200,-1,200,234,232,-1,200,232,203,-1,203,232,230,-1,203,230,228,-1,250,251,252,-1,252,251,253,-1,254,250,255,-1,255,250,252,-1,256,254,257,-1,257,254,255,-1,254,256,250,-1,250,256,251,-1,257,255,253,-1,253,255,252,-1,258,259,260,-1,260,259,261,-1,262,258,263,-1,263,258,260,-1,264,259,265,-1,265,259,258,-1,265,258,262,-1,262,266,265,-1,265,266,267,-1,265,267,268,-1,261,269,260,-1,260,269,270,-1,270,271,272,-1,272,273,270,-1,270,273,263,-1,270,263,260,-1,259,264,261,-1,261,264,269,-1,262,263,273,-1,262,273,266,-1,266,273,272,-1,266,272,267,-1,267,272,271,-1,267,271,268,-1,274,275,276,-1,276,275,277,-1,274,276,278,-1,274,278,279,-1,279,278,280,-1,279,280,281,-1,281,280,282,-1,281,282,283,-1,283,282,284,-1,283,284,285,-1,285,284,286,-1,285,286,287,-1,288,287,289,-1,289,287,286,-1,290,288,291,-1,291,288,289,-1,290,291,292,-1,290,292,293,-1,293,292,294,-1,293,294,295,-1,296,295,297,-1,297,295,294,-1,298,299,300,-1,300,299,301,-1,299,298,302,-1,302,298,303,-1,302,303,304,-1,304,303,305,-1,306,304,307,-1,307,304,305,-1,306,307,308,-1,306,308,309,-1,309,308,310,-1,309,310,311,-1,311,310,312,-1,311,312,313,-1,313,312,314,-1,313,314,315,-1,315,314,316,-1,315,316,317,-1,317,316,318,-1,317,318,319,-1,319,318,320,-1,319,320,321,-1,322,321,323,-1,323,321,320,-1,322,323,324,-1,324,323,325,-1,324,325,326,-1,326,325,327,-1,326,327,328,-1,328,327,329,-1,328,329,330,-1,330,329,331,-1,330,331,332,-1,332,331,333,-1,334,332,335,-1,335,332,333,-1,275,334,277,-1,277,334,335,-1,296,301,295,-1,295,301,299,-1,295,299,293,-1,293,299,302,-1,293,302,290,-1,290,302,304,-1,290,304,288,-1,288,304,306,-1,288,306,309,-1,334,275,332,-1,332,275,274,-1,332,274,330,-1,330,274,279,-1,330,279,328,-1,328,279,281,-1,328,281,326,-1,326,281,283,-1,326,283,324,-1,324,283,285,-1,324,285,322,-1,322,285,287,-1,309,311,288,-1,288,311,313,-1,288,313,315,-1,315,317,288,-1,288,317,319,-1,288,319,287,-1,287,319,321,-1,287,321,322,-1,314,312,289,-1,300,297,298,-1,298,297,294,-1,298,294,303,-1,303,294,292,-1,303,292,305,-1,305,292,291,-1,305,291,307,-1,307,291,289,-1,312,310,289,-1,289,310,308,-1,289,308,307,-1,323,286,325,-1,325,286,284,-1,325,284,327,-1,327,284,282,-1,327,282,329,-1,329,282,280,-1,329,280,331,-1,331,280,278,-1,331,278,333,-1,333,278,276,-1,333,276,335,-1,335,276,277,-1,323,320,286,-1,286,320,318,-1,286,318,289,-1,289,318,316,-1,289,316,314,-1,336,337,338,-1,338,337,339,-1,340,336,341,-1,341,336,338,-1,342,340,343,-1,343,340,341,-1,340,342,336,-1,336,342,337,-1,343,341,339,-1,339,341,338,-1,344,345,346,-1,346,345,347,-1,348,344,349,-1,349,344,346,-1,350,345,351,-1,351,345,344,-1,351,344,348,-1,348,352,351,-1,351,352,353,-1,351,353,354,-1,347,355,346,-1,346,355,356,-1,356,357,358,-1,358,359,356,-1,356,359,349,-1,356,349,346,-1,345,350,347,-1,347,350,355,-1,348,349,359,-1,348,359,352,-1,352,359,358,-1,352,358,353,-1,353,358,357,-1,353,357,354,-1,360,361,362,-1,362,361,363,-1,360,362,364,-1,360,364,365,-1,365,364,366,-1,365,366,367,-1,367,366,368,-1,367,368,369,-1,369,368,370,-1,369,370,371,-1,371,370,372,-1,371,372,373,-1,374,373,375,-1,375,373,372,-1,376,374,377,-1,377,374,375,-1,376,377,378,-1,376,378,379,-1,379,378,380,-1,379,380,381,-1,382,381,383,-1,383,381,380,-1,384,385,386,-1,386,385,387,-1,385,384,388,-1,388,384,389,-1,388,389,390,-1,390,389,391,-1,392,390,393,-1,393,390,391,-1,392,393,394,-1,392,394,395,-1,395,394,396,-1,395,396,397,-1,397,396,398,-1,397,398,399,-1,399,398,400,-1,399,400,401,-1,401,400,402,-1,401,402,403,-1,403,402,404,-1,403,404,405,-1,405,404,406,-1,405,406,407,-1,408,407,409,-1,409,407,406,-1,408,409,410,-1,410,409,411,-1,410,411,412,-1,412,411,413,-1,412,413,414,-1,414,413,415,-1,414,415,416,-1,416,415,417,-1,416,417,418,-1,418,417,419,-1,420,418,421,-1,421,418,419,-1,361,420,363,-1,363,420,421,-1,382,387,381,-1,381,387,385,-1,381,385,379,-1,379,385,388,-1,379,388,376,-1,376,388,390,-1,376,390,374,-1,374,390,392,-1,374,392,395,-1,420,361,418,-1,418,361,360,-1,418,360,416,-1,416,360,365,-1,416,365,414,-1,414,365,367,-1,414,367,412,-1,412,367,369,-1,412,369,410,-1,410,369,371,-1,410,371,408,-1,408,371,373,-1,395,397,374,-1,374,397,399,-1,374,399,401,-1,401,403,374,-1,374,403,405,-1,374,405,373,-1,373,405,407,-1,373,407,408,-1,400,398,375,-1,386,383,384,-1,384,383,380,-1,384,380,389,-1,389,380,378,-1,389,378,391,-1,391,378,377,-1,391,377,393,-1,393,377,375,-1,398,396,375,-1,375,396,394,-1,375,394,393,-1,409,372,411,-1,411,372,370,-1,411,370,413,-1,413,370,368,-1,413,368,415,-1,415,368,366,-1,415,366,417,-1,417,366,364,-1,417,364,419,-1,419,364,362,-1,419,362,421,-1,421,362,363,-1,409,406,372,-1,372,406,404,-1,372,404,375,-1,375,404,402,-1,375,402,400,-1,422,423,424,-1,424,423,425,-1,426,422,427,-1,427,422,424,-1,428,426,429,-1,429,426,427,-1,426,428,422,-1,422,428,423,-1,429,427,425,-1,425,427,424,-1,430,431,432,-1,432,431,433,-1,434,430,435,-1,435,430,432,-1,436,431,437,-1,437,431,430,-1,437,430,434,-1,434,438,437,-1,437,438,439,-1,437,439,440,-1,433,441,432,-1,432,441,442,-1,442,443,444,-1,444,445,442,-1,442,445,435,-1,442,435,432,-1,431,436,433,-1,433,436,441,-1,434,435,445,-1,434,445,438,-1,438,445,444,-1,438,444,439,-1,439,444,443,-1,439,443,440,-1,446,447,448,-1,448,447,449,-1,446,448,450,-1,446,450,451,-1,451,450,452,-1,451,452,453,-1,453,452,454,-1,453,454,455,-1,455,454,456,-1,455,456,457,-1,457,456,458,-1,457,458,459,-1,460,459,461,-1,461,459,458,-1,462,460,463,-1,463,460,461,-1,462,463,464,-1,462,464,465,-1,465,464,466,-1,465,466,467,-1,468,467,469,-1,469,467,466,-1,470,471,472,-1,472,471,473,-1,471,470,474,-1,474,470,475,-1,474,475,476,-1,476,475,477,-1,478,476,479,-1,479,476,477,-1,478,479,480,-1,478,480,481,-1,481,480,482,-1,481,482,483,-1,483,482,484,-1,483,484,485,-1,485,484,486,-1,485,486,487,-1,487,486,488,-1,487,488,489,-1,489,488,490,-1,489,490,491,-1,491,490,492,-1,491,492,493,-1,494,493,495,-1,495,493,492,-1,494,495,496,-1,496,495,497,-1,496,497,498,-1,498,497,499,-1,498,499,500,-1,500,499,501,-1,500,501,502,-1,502,501,503,-1,502,503,504,-1,504,503,505,-1,506,504,507,-1,507,504,505,-1,447,506,449,-1,449,506,507,-1,468,473,467,-1,467,473,471,-1,467,471,465,-1,465,471,474,-1,465,474,462,-1,462,474,476,-1,462,476,460,-1,460,476,478,-1,460,478,481,-1,506,447,504,-1,504,447,446,-1,504,446,502,-1,502,446,451,-1,502,451,500,-1,500,451,453,-1,500,453,498,-1,498,453,455,-1,498,455,496,-1,496,455,457,-1,496,457,494,-1,494,457,459,-1,481,483,460,-1,460,483,485,-1,460,485,487,-1,487,489,460,-1,460,489,491,-1,460,491,459,-1,459,491,493,-1,459,493,494,-1,486,484,461,-1,472,469,470,-1,470,469,466,-1,470,466,475,-1,475,466,464,-1,475,464,477,-1,477,464,463,-1,477,463,479,-1,479,463,461,-1,484,482,461,-1,461,482,480,-1,461,480,479,-1,495,458,497,-1,497,458,456,-1,497,456,499,-1,499,456,454,-1,499,454,501,-1,501,454,452,-1,501,452,503,-1,503,452,450,-1,503,450,505,-1,505,450,448,-1,505,448,507,-1,507,448,449,-1,495,492,458,-1,458,492,490,-1,458,490,461,-1,461,490,488,-1,461,488,486,-1,508,509,510,-1,510,509,511,-1,512,508,513,-1,513,508,510,-1,514,512,515,-1,515,512,513,-1,512,514,508,-1,508,514,509,-1,515,513,511,-1,511,513,510,-1,516,517,518,-1,518,517,519,-1,520,516,521,-1,521,516,518,-1,522,517,523,-1,523,517,516,-1,523,516,520,-1,520,524,523,-1,523,524,525,-1,523,525,526,-1,519,527,518,-1,518,527,528,-1,528,529,530,-1,530,531,528,-1,528,531,521,-1,528,521,518,-1,517,522,519,-1,519,522,527,-1,520,521,531,-1,520,531,524,-1,524,531,530,-1,524,530,525,-1,525,530,529,-1,525,529,526,-1,532,533,534,-1,534,533,535,-1,532,534,536,-1,532,536,537,-1,537,536,538,-1,537,538,539,-1,539,538,540,-1,539,540,541,-1,541,540,542,-1,541,542,543,-1,543,542,544,-1,543,544,545,-1,546,545,547,-1,547,545,544,-1,548,546,549,-1,549,546,547,-1,548,549,550,-1,548,550,551,-1,551,550,552,-1,551,552,553,-1,554,553,555,-1,555,553,552,-1,556,557,558,-1,558,557,559,-1,557,556,560,-1,560,556,561,-1,560,561,562,-1,562,561,563,-1,564,562,565,-1,565,562,563,-1,564,565,566,-1,564,566,567,-1,567,566,568,-1,567,568,569,-1,569,568,570,-1,569,570,571,-1,571,570,572,-1,571,572,573,-1,573,572,574,-1,573,574,575,-1,575,574,576,-1,575,576,577,-1,577,576,578,-1,577,578,579,-1,580,579,581,-1,581,579,578,-1,580,581,582,-1,582,581,583,-1,582,583,584,-1,584,583,585,-1,584,585,586,-1,586,585,587,-1,586,587,588,-1,588,587,589,-1,588,589,590,-1,590,589,591,-1,592,590,593,-1,593,590,591,-1,533,592,535,-1,535,592,593,-1,554,559,553,-1,553,559,557,-1,553,557,551,-1,551,557,560,-1,551,560,548,-1,548,560,562,-1,548,562,546,-1,546,562,564,-1,546,564,567,-1,592,533,590,-1,590,533,532,-1,590,532,588,-1,588,532,537,-1,588,537,586,-1,586,537,539,-1,586,539,584,-1,584,539,541,-1,584,541,582,-1,582,541,543,-1,582,543,580,-1,580,543,545,-1,567,569,546,-1,546,569,571,-1,546,571,573,-1,573,575,546,-1,546,575,577,-1,546,577,545,-1,545,577,579,-1,545,579,580,-1,572,570,547,-1,558,555,556,-1,556,555,552,-1,556,552,561,-1,561,552,550,-1,561,550,563,-1,563,550,549,-1,563,549,565,-1,565,549,547,-1,570,568,547,-1,547,568,566,-1,547,566,565,-1,581,544,583,-1,583,544,542,-1,583,542,585,-1,585,542,540,-1,585,540,587,-1,587,540,538,-1,587,538,589,-1,589,538,536,-1,589,536,591,-1,591,536,534,-1,591,534,593,-1,593,534,535,-1,581,578,544,-1,544,578,576,-1,544,576,547,-1,547,576,574,-1,547,574,572,-1,594,595,596,-1,596,595,597,-1,598,594,599,-1,599,594,596,-1,600,598,601,-1,601,598,599,-1,598,600,594,-1,594,600,595,-1,601,599,597,-1,597,599,596,-1,602,603,604,-1,604,603,605,-1,606,602,607,-1,607,602,604,-1,608,603,609,-1,609,603,602,-1,609,602,606,-1,606,610,609,-1,609,610,611,-1,609,611,612,-1,605,613,604,-1,604,613,614,-1,614,615,616,-1,616,617,614,-1,614,617,607,-1,614,607,604,-1,603,608,605,-1,605,608,613,-1,606,607,617,-1,606,617,610,-1,610,617,616,-1,610,616,611,-1,611,616,615,-1,611,615,612,-1,618,619,620,-1,620,619,621,-1,618,620,622,-1,618,622,623,-1,623,622,624,-1,623,624,625,-1,625,624,626,-1,625,626,627,-1,627,626,628,-1,627,628,629,-1,629,628,630,-1,629,630,631,-1,632,631,633,-1,633,631,630,-1,634,632,635,-1,635,632,633,-1,634,635,636,-1,634,636,637,-1,637,636,638,-1,637,638,639,-1,640,639,641,-1,641,639,638,-1,642,643,644,-1,644,643,645,-1,643,642,646,-1,646,642,647,-1,646,647,648,-1,648,647,649,-1,650,648,651,-1,651,648,649,-1,650,651,652,-1,650,652,653,-1,653,652,654,-1,653,654,655,-1,655,654,656,-1,655,656,657,-1,657,656,658,-1,657,658,659,-1,659,658,660,-1,659,660,661,-1,661,660,662,-1,661,662,663,-1,663,662,664,-1,663,664,665,-1,666,665,667,-1,667,665,664,-1,666,667,668,-1,668,667,669,-1,668,669,670,-1,670,669,671,-1,670,671,672,-1,672,671,673,-1,672,673,674,-1,674,673,675,-1,674,675,676,-1,676,675,677,-1,678,676,679,-1,679,676,677,-1,619,678,621,-1,621,678,679,-1,640,645,639,-1,639,645,643,-1,639,643,637,-1,637,643,646,-1,637,646,634,-1,634,646,648,-1,634,648,632,-1,632,648,650,-1,632,650,653,-1,678,619,676,-1,676,619,618,-1,676,618,674,-1,674,618,623,-1,674,623,672,-1,672,623,625,-1,672,625,670,-1,670,625,627,-1,670,627,668,-1,668,627,629,-1,668,629,666,-1,666,629,631,-1,653,655,632,-1,632,655,657,-1,632,657,659,-1,659,661,632,-1,632,661,663,-1,632,663,631,-1,631,663,665,-1,631,665,666,-1,658,656,633,-1,644,641,642,-1,642,641,638,-1,642,638,647,-1,647,638,636,-1,647,636,649,-1,649,636,635,-1,649,635,651,-1,651,635,633,-1,656,654,633,-1,633,654,652,-1,633,652,651,-1,667,630,669,-1,669,630,628,-1,669,628,671,-1,671,628,626,-1,671,626,673,-1,673,626,624,-1,673,624,675,-1,675,624,622,-1,675,622,677,-1,677,622,620,-1,677,620,679,-1,679,620,621,-1,667,664,630,-1,630,664,662,-1,630,662,633,-1,633,662,660,-1,633,660,658,-1,680,681,682,-1,682,681,683,-1,684,680,685,-1,685,680,682,-1,686,684,687,-1,687,684,685,-1,684,686,680,-1,680,686,681,-1,687,685,683,-1,683,685,682,-1,688,689,690,-1,690,689,691,-1,692,688,693,-1,693,688,690,-1,694,689,695,-1,695,689,688,-1,695,688,692,-1,692,696,695,-1,695,696,697,-1,695,697,698,-1,691,699,690,-1,690,699,700,-1,700,701,702,-1,702,703,700,-1,700,703,693,-1,700,693,690,-1,689,694,691,-1,691,694,699,-1,692,693,703,-1,692,703,696,-1,696,703,702,-1,696,702,697,-1,697,702,701,-1,697,701,698,-1,704,705,706,-1,706,705,707,-1,704,706,708,-1,704,708,709,-1,709,708,710,-1,709,710,711,-1,711,710,712,-1,711,712,713,-1,713,712,714,-1,713,714,715,-1,715,714,716,-1,715,716,717,-1,718,717,719,-1,719,717,716,-1,720,718,721,-1,721,718,719,-1,720,721,722,-1,720,722,723,-1,723,722,724,-1,723,724,725,-1,726,725,727,-1,727,725,724,-1,728,729,730,-1,730,729,731,-1,729,728,732,-1,732,728,733,-1,732,733,734,-1,734,733,735,-1,736,734,737,-1,737,734,735,-1,736,737,738,-1,736,738,739,-1,739,738,740,-1,739,740,741,-1,741,740,742,-1,741,742,743,-1,743,742,744,-1,743,744,745,-1,745,744,746,-1,745,746,747,-1,747,746,748,-1,747,748,749,-1,749,748,750,-1,749,750,751,-1,752,751,753,-1,753,751,750,-1,752,753,754,-1,754,753,755,-1,754,755,756,-1,756,755,757,-1,756,757,758,-1,758,757,759,-1,758,759,760,-1,760,759,761,-1,760,761,762,-1,762,761,763,-1,764,762,765,-1,765,762,763,-1,705,764,707,-1,707,764,765,-1,726,731,725,-1,725,731,729,-1,725,729,723,-1,723,729,732,-1,723,732,720,-1,720,732,734,-1,720,734,718,-1,718,734,736,-1,718,736,739,-1,764,705,762,-1,762,705,704,-1,762,704,760,-1,760,704,709,-1,760,709,758,-1,758,709,711,-1,758,711,756,-1,756,711,713,-1,756,713,754,-1,754,713,715,-1,754,715,752,-1,752,715,717,-1,739,741,718,-1,718,741,743,-1,718,743,745,-1,745,747,718,-1,718,747,749,-1,718,749,717,-1,717,749,751,-1,717,751,752,-1,744,742,719,-1,730,727,728,-1,728,727,724,-1,728,724,733,-1,733,724,722,-1,733,722,735,-1,735,722,721,-1,735,721,737,-1,737,721,719,-1,742,740,719,-1,719,740,738,-1,719,738,737,-1,753,716,755,-1,755,716,714,-1,755,714,757,-1,757,714,712,-1,757,712,759,-1,759,712,710,-1,759,710,761,-1,761,710,708,-1,761,708,763,-1,763,708,706,-1,763,706,765,-1,765,706,707,-1,753,750,716,-1,716,750,748,-1,716,748,719,-1,719,748,746,-1,719,746,744,-1,766,767,768,-1,768,767,769,-1,770,766,771,-1,771,766,768,-1,772,770,773,-1,773,770,771,-1,770,772,766,-1,766,772,767,-1,773,771,769,-1,769,771,768,-1,774,775,776,-1,776,775,777,-1,778,774,779,-1,779,774,776,-1,780,775,781,-1,781,775,774,-1,781,774,778,-1,778,782,781,-1,781,782,783,-1,781,783,784,-1,777,785,776,-1,776,785,786,-1,786,787,788,-1,788,789,786,-1,786,789,779,-1,786,779,776,-1,775,780,777,-1,777,780,785,-1,778,779,789,-1,778,789,782,-1,782,789,788,-1,782,788,783,-1,783,788,787,-1,783,787,784,-1,790,791,792,-1,792,791,793,-1,790,792,794,-1,790,794,795,-1,795,794,796,-1,795,796,797,-1,797,796,798,-1,797,798,799,-1,799,798,800,-1,799,800,801,-1,801,800,802,-1,801,802,803,-1,804,803,805,-1,805,803,802,-1,806,804,807,-1,807,804,805,-1,806,807,808,-1,806,808,809,-1,809,808,810,-1,809,810,811,-1,812,811,813,-1,813,811,810,-1,814,815,816,-1,816,815,817,-1,815,814,818,-1,818,814,819,-1,818,819,820,-1,820,819,821,-1,822,820,823,-1,823,820,821,-1,822,823,824,-1,822,824,825,-1,825,824,826,-1,825,826,827,-1,827,826,828,-1,827,828,829,-1,829,828,830,-1,829,830,831,-1,831,830,832,-1,831,832,833,-1,833,832,834,-1,833,834,835,-1,835,834,836,-1,835,836,837,-1,838,837,839,-1,839,837,836,-1,838,839,840,-1,840,839,841,-1,840,841,842,-1,842,841,843,-1,842,843,844,-1,844,843,845,-1,844,845,846,-1,846,845,847,-1,846,847,848,-1,848,847,849,-1,850,848,851,-1,851,848,849,-1,791,850,793,-1,793,850,851,-1,812,817,811,-1,811,817,815,-1,811,815,809,-1,809,815,818,-1,809,818,806,-1,806,818,820,-1,806,820,804,-1,804,820,822,-1,804,822,825,-1,850,791,848,-1,848,791,790,-1,848,790,846,-1,846,790,795,-1,846,795,844,-1,844,795,797,-1,844,797,842,-1,842,797,799,-1,842,799,840,-1,840,799,801,-1,840,801,838,-1,838,801,803,-1,825,827,804,-1,804,827,829,-1,804,829,831,-1,831,833,804,-1,804,833,835,-1,804,835,803,-1,803,835,837,-1,803,837,838,-1,830,828,805,-1,816,813,814,-1,814,813,810,-1,814,810,819,-1,819,810,808,-1,819,808,821,-1,821,808,807,-1,821,807,823,-1,823,807,805,-1,828,826,805,-1,805,826,824,-1,805,824,823,-1,839,802,841,-1,841,802,800,-1,841,800,843,-1,843,800,798,-1,843,798,845,-1,845,798,796,-1,845,796,847,-1,847,796,794,-1,847,794,849,-1,849,794,792,-1,849,792,851,-1,851,792,793,-1,839,836,802,-1,802,836,834,-1,802,834,805,-1,805,834,832,-1,805,832,830,-1,852,853,854,-1,854,853,855,-1,856,852,857,-1,857,852,854,-1,858,856,859,-1,859,856,857,-1,856,858,852,-1,852,858,853,-1,859,857,855,-1,855,857,854,-1,860,861,862,-1,862,861,863,-1,864,860,865,-1,865,860,862,-1,866,861,867,-1,867,861,860,-1,867,860,864,-1,864,868,867,-1,867,868,869,-1,867,869,870,-1,863,871,862,-1,862,871,872,-1,872,873,874,-1,874,875,872,-1,872,875,865,-1,872,865,862,-1,861,866,863,-1,863,866,871,-1,864,865,875,-1,864,875,868,-1,868,875,874,-1,868,874,869,-1,869,874,873,-1,869,873,870,-1,876,877,878,-1,878,877,879,-1,876,878,880,-1,876,880,881,-1,881,880,882,-1,881,882,883,-1,883,882,884,-1,883,884,885,-1,885,884,886,-1,885,886,887,-1,887,886,888,-1,887,888,889,-1,890,889,891,-1,891,889,888,-1,892,890,893,-1,893,890,891,-1,892,893,894,-1,892,894,895,-1,895,894,896,-1,895,896,897,-1,898,897,899,-1,899,897,896,-1,900,901,902,-1,902,901,903,-1,901,900,904,-1,904,900,905,-1,904,905,906,-1,906,905,907,-1,908,906,909,-1,909,906,907,-1,908,909,910,-1,908,910,911,-1,911,910,912,-1,911,912,913,-1,913,912,914,-1,913,914,915,-1,915,914,916,-1,915,916,917,-1,917,916,918,-1,917,918,919,-1,919,918,920,-1,919,920,921,-1,921,920,922,-1,921,922,923,-1,924,923,925,-1,925,923,922,-1,924,925,926,-1,926,925,927,-1,926,927,928,-1,928,927,929,-1,928,929,930,-1,930,929,931,-1,930,931,932,-1,932,931,933,-1,932,933,934,-1,934,933,935,-1,936,934,937,-1,937,934,935,-1,877,936,879,-1,879,936,937,-1,898,903,897,-1,897,903,901,-1,897,901,895,-1,895,901,904,-1,895,904,892,-1,892,904,906,-1,892,906,890,-1,890,906,908,-1,890,908,911,-1,936,877,934,-1,934,877,876,-1,934,876,932,-1,932,876,881,-1,932,881,930,-1,930,881,883,-1,930,883,928,-1,928,883,885,-1,928,885,926,-1,926,885,887,-1,926,887,924,-1,924,887,889,-1,911,913,890,-1,890,913,915,-1,890,915,917,-1,917,919,890,-1,890,919,921,-1,890,921,889,-1,889,921,923,-1,889,923,924,-1,916,914,891,-1,902,899,900,-1,900,899,896,-1,900,896,905,-1,905,896,894,-1,905,894,907,-1,907,894,893,-1,907,893,909,-1,909,893,891,-1,914,912,891,-1,891,912,910,-1,891,910,909,-1,925,888,927,-1,927,888,886,-1,927,886,929,-1,929,886,884,-1,929,884,931,-1,931,884,882,-1,931,882,933,-1,933,882,880,-1,933,880,935,-1,935,880,878,-1,935,878,937,-1,937,878,879,-1,925,922,888,-1,888,922,920,-1,888,920,891,-1,891,920,918,-1,891,918,916,-1,938,939,940,-1,940,939,941,-1,942,938,943,-1,943,938,940,-1,944,942,945,-1,945,942,943,-1,942,944,938,-1,938,944,939,-1,945,943,941,-1,941,943,940,-1,946,947,948,-1,948,947,949,-1,950,946,951,-1,951,946,948,-1,952,947,953,-1,953,947,946,-1,953,946,950,-1,950,954,953,-1,953,954,955,-1,953,955,956,-1,949,957,948,-1,948,957,958,-1,958,959,960,-1,960,961,958,-1,958,961,951,-1,958,951,948,-1,947,952,949,-1,949,952,957,-1,950,951,961,-1,950,961,954,-1,954,961,960,-1,954,960,955,-1,955,960,959,-1,955,959,956,-1,962,963,964,-1,964,963,965,-1,962,964,966,-1,962,966,967,-1,967,966,968,-1,967,968,969,-1,969,968,970,-1,969,970,971,-1,971,970,972,-1,971,972,973,-1,973,972,974,-1,973,974,975,-1,976,975,977,-1,977,975,974,-1,978,976,979,-1,979,976,977,-1,978,979,980,-1,978,980,981,-1,981,980,982,-1,981,982,983,-1,984,983,985,-1,985,983,982,-1,986,987,988,-1,988,987,989,-1,987,986,990,-1,990,986,991,-1,990,991,992,-1,992,991,993,-1,994,992,995,-1,995,992,993,-1,994,995,996,-1,994,996,997,-1,997,996,998,-1,997,998,999,-1,999,998,1000,-1,999,1000,1001,-1,1001,1000,1002,-1,1001,1002,1003,-1,1003,1002,1004,-1,1003,1004,1005,-1,1005,1004,1006,-1,1005,1006,1007,-1,1007,1006,1008,-1,1007,1008,1009,-1,1010,1009,1011,-1,1011,1009,1008,-1,1010,1011,1012,-1,1012,1011,1013,-1,1012,1013,1014,-1,1014,1013,1015,-1,1014,1015,1016,-1,1016,1015,1017,-1,1016,1017,1018,-1,1018,1017,1019,-1,1018,1019,1020,-1,1020,1019,1021,-1,1022,1020,1023,-1,1023,1020,1021,-1,963,1022,965,-1,965,1022,1023,-1,984,989,983,-1,983,989,987,-1,983,987,981,-1,981,987,990,-1,981,990,978,-1,978,990,992,-1,978,992,976,-1,976,992,994,-1,976,994,997,-1,1022,963,1020,-1,1020,963,962,-1,1020,962,1018,-1,1018,962,967,-1,1018,967,1016,-1,1016,967,969,-1,1016,969,1014,-1,1014,969,971,-1,1014,971,1012,-1,1012,971,973,-1,1012,973,1010,-1,1010,973,975,-1,997,999,976,-1,976,999,1001,-1,976,1001,1003,-1,1003,1005,976,-1,976,1005,1007,-1,976,1007,975,-1,975,1007,1009,-1,975,1009,1010,-1,1002,1000,977,-1,988,985,986,-1,986,985,982,-1,986,982,991,-1,991,982,980,-1,991,980,993,-1,993,980,979,-1,993,979,995,-1,995,979,977,-1,1000,998,977,-1,977,998,996,-1,977,996,995,-1,1011,974,1013,-1,1013,974,972,-1,1013,972,1015,-1,1015,972,970,-1,1015,970,1017,-1,1017,970,968,-1,1017,968,1019,-1,1019,968,966,-1,1019,966,1021,-1,1021,966,964,-1,1021,964,1023,-1,1023,964,965,-1,1011,1008,974,-1,974,1008,1006,-1,974,1006,977,-1,977,1006,1004,-1,977,1004,1002,-1,1024,1025,1026,-1,1026,1025,1027,-1,1028,1024,1029,-1,1029,1024,1026,-1,1030,1028,1031,-1,1031,1028,1029,-1,1028,1030,1024,-1,1024,1030,1025,-1,1031,1029,1027,-1,1027,1029,1026,-1,1032,1033,1034,-1,1034,1033,1035,-1,1036,1032,1037,-1,1037,1032,1034,-1,1038,1033,1039,-1,1039,1033,1032,-1,1039,1032,1036,-1,1036,1040,1039,-1,1039,1040,1041,-1,1039,1041,1042,-1,1035,1043,1034,-1,1034,1043,1044,-1,1044,1045,1046,-1,1046,1047,1044,-1,1044,1047,1037,-1,1044,1037,1034,-1,1033,1038,1035,-1,1035,1038,1043,-1,1036,1037,1047,-1,1036,1047,1040,-1,1040,1047,1046,-1,1040,1046,1041,-1,1041,1046,1045,-1,1041,1045,1042,-1,1048,1049,1050,-1,1050,1049,1051,-1,1048,1050,1052,-1,1048,1052,1053,-1,1053,1052,1054,-1,1053,1054,1055,-1,1055,1054,1056,-1,1055,1056,1057,-1,1057,1056,1058,-1,1057,1058,1059,-1,1059,1058,1060,-1,1059,1060,1061,-1,1062,1061,1063,-1,1063,1061,1060,-1,1064,1062,1065,-1,1065,1062,1063,-1,1064,1065,1066,-1,1064,1066,1067,-1,1067,1066,1068,-1,1067,1068,1069,-1,1070,1069,1071,-1,1071,1069,1068,-1,1072,1073,1074,-1,1074,1073,1075,-1,1073,1072,1076,-1,1076,1072,1077,-1,1076,1077,1078,-1,1078,1077,1079,-1,1080,1078,1081,-1,1081,1078,1079,-1,1080,1081,1082,-1,1080,1082,1083,-1,1083,1082,1084,-1,1083,1084,1085,-1,1085,1084,1086,-1,1085,1086,1087,-1,1087,1086,1088,-1,1087,1088,1089,-1,1089,1088,1090,-1,1089,1090,1091,-1,1091,1090,1092,-1,1091,1092,1093,-1,1093,1092,1094,-1,1093,1094,1095,-1,1096,1095,1097,-1,1097,1095,1094,-1,1096,1097,1098,-1,1098,1097,1099,-1,1098,1099,1100,-1,1100,1099,1101,-1,1100,1101,1102,-1,1102,1101,1103,-1,1102,1103,1104,-1,1104,1103,1105,-1,1104,1105,1106,-1,1106,1105,1107,-1,1108,1106,1109,-1,1109,1106,1107,-1,1049,1108,1051,-1,1051,1108,1109,-1,1070,1075,1069,-1,1069,1075,1073,-1,1069,1073,1067,-1,1067,1073,1076,-1,1067,1076,1064,-1,1064,1076,1078,-1,1064,1078,1062,-1,1062,1078,1080,-1,1062,1080,1083,-1,1108,1049,1106,-1,1106,1049,1048,-1,1106,1048,1104,-1,1104,1048,1053,-1,1104,1053,1102,-1,1102,1053,1055,-1,1102,1055,1100,-1,1100,1055,1057,-1,1100,1057,1098,-1,1098,1057,1059,-1,1098,1059,1096,-1,1096,1059,1061,-1,1083,1085,1062,-1,1062,1085,1087,-1,1062,1087,1089,-1,1089,1091,1062,-1,1062,1091,1093,-1,1062,1093,1061,-1,1061,1093,1095,-1,1061,1095,1096,-1,1088,1086,1063,-1,1074,1071,1072,-1,1072,1071,1068,-1,1072,1068,1077,-1,1077,1068,1066,-1,1077,1066,1079,-1,1079,1066,1065,-1,1079,1065,1081,-1,1081,1065,1063,-1,1086,1084,1063,-1,1063,1084,1082,-1,1063,1082,1081,-1,1097,1060,1099,-1,1099,1060,1058,-1,1099,1058,1101,-1,1101,1058,1056,-1,1101,1056,1103,-1,1103,1056,1054,-1,1103,1054,1105,-1,1105,1054,1052,-1,1105,1052,1107,-1,1107,1052,1050,-1,1107,1050,1109,-1,1109,1050,1051,-1,1097,1094,1060,-1,1060,1094,1092,-1,1060,1092,1063,-1,1063,1092,1090,-1,1063,1090,1088,-1,1110,1111,1112,-1,1112,1111,1113,-1,1114,1110,1115,-1,1115,1110,1112,-1,1116,1114,1117,-1,1117,1114,1115,-1,1114,1116,1110,-1,1110,1116,1111,-1,1117,1115,1113,-1,1113,1115,1112,-1,1118,1119,1120,-1,1120,1119,1121,-1,1122,1118,1123,-1,1123,1118,1120,-1,1124,1119,1125,-1,1125,1119,1118,-1,1125,1118,1122,-1,1122,1126,1125,-1,1125,1126,1127,-1,1125,1127,1128,-1,1121,1129,1120,-1,1120,1129,1130,-1,1130,1131,1132,-1,1132,1133,1130,-1,1130,1133,1123,-1,1130,1123,1120,-1,1119,1124,1121,-1,1121,1124,1129,-1,1122,1123,1133,-1,1122,1133,1126,-1,1126,1133,1132,-1,1126,1132,1127,-1,1127,1132,1131,-1,1127,1131,1128,-1,1134,1135,1136,-1,1136,1135,1137,-1,1134,1136,1138,-1,1134,1138,1139,-1,1139,1138,1140,-1,1139,1140,1141,-1,1141,1140,1142,-1,1141,1142,1143,-1,1143,1142,1144,-1,1143,1144,1145,-1,1145,1144,1146,-1,1145,1146,1147,-1,1148,1147,1149,-1,1149,1147,1146,-1,1150,1148,1151,-1,1151,1148,1149,-1,1150,1151,1152,-1,1150,1152,1153,-1,1153,1152,1154,-1,1153,1154,1155,-1,1156,1155,1157,-1,1157,1155,1154,-1,1158,1159,1160,-1,1160,1159,1161,-1,1159,1158,1162,-1,1162,1158,1163,-1,1162,1163,1164,-1,1164,1163,1165,-1,1166,1164,1167,-1,1167,1164,1165,-1,1166,1167,1168,-1,1166,1168,1169,-1,1169,1168,1170,-1,1169,1170,1171,-1,1171,1170,1172,-1,1171,1172,1173,-1,1173,1172,1174,-1,1173,1174,1175,-1,1175,1174,1176,-1,1175,1176,1177,-1,1177,1176,1178,-1,1177,1178,1179,-1,1179,1178,1180,-1,1179,1180,1181,-1,1182,1181,1183,-1,1183,1181,1180,-1,1182,1183,1184,-1,1184,1183,1185,-1,1184,1185,1186,-1,1186,1185,1187,-1,1186,1187,1188,-1,1188,1187,1189,-1,1188,1189,1190,-1,1190,1189,1191,-1,1190,1191,1192,-1,1192,1191,1193,-1,1194,1192,1195,-1,1195,1192,1193,-1,1135,1194,1137,-1,1137,1194,1195,-1,1156,1161,1155,-1,1155,1161,1159,-1,1155,1159,1153,-1,1153,1159,1162,-1,1153,1162,1150,-1,1150,1162,1164,-1,1150,1164,1148,-1,1148,1164,1166,-1,1148,1166,1169,-1,1194,1135,1192,-1,1192,1135,1134,-1,1192,1134,1190,-1,1190,1134,1139,-1,1190,1139,1188,-1,1188,1139,1141,-1,1188,1141,1186,-1,1186,1141,1143,-1,1186,1143,1184,-1,1184,1143,1145,-1,1184,1145,1182,-1,1182,1145,1147,-1,1169,1171,1148,-1,1148,1171,1173,-1,1148,1173,1175,-1,1175,1177,1148,-1,1148,1177,1179,-1,1148,1179,1147,-1,1147,1179,1181,-1,1147,1181,1182,-1,1174,1172,1149,-1,1160,1157,1158,-1,1158,1157,1154,-1,1158,1154,1163,-1,1163,1154,1152,-1,1163,1152,1165,-1,1165,1152,1151,-1,1165,1151,1167,-1,1167,1151,1149,-1,1172,1170,1149,-1,1149,1170,1168,-1,1149,1168,1167,-1,1183,1146,1185,-1,1185,1146,1144,-1,1185,1144,1187,-1,1187,1144,1142,-1,1187,1142,1189,-1,1189,1142,1140,-1,1189,1140,1191,-1,1191,1140,1138,-1,1191,1138,1193,-1,1193,1138,1136,-1,1193,1136,1195,-1,1195,1136,1137,-1,1183,1180,1146,-1,1146,1180,1178,-1,1146,1178,1149,-1,1149,1178,1176,-1,1149,1176,1174,-1,1196,1197,1198,-1,1198,1197,1199,-1,1200,1196,1201,-1,1201,1196,1198,-1,1202,1200,1203,-1,1203,1200,1201,-1,1200,1202,1196,-1,1196,1202,1197,-1,1203,1201,1199,-1,1199,1201,1198,-1,1204,1205,1206,-1,1206,1205,1207,-1,1208,1204,1209,-1,1209,1204,1206,-1,1210,1205,1211,-1,1211,1205,1204,-1,1211,1204,1208,-1,1208,1212,1211,-1,1211,1212,1213,-1,1211,1213,1214,-1,1207,1215,1206,-1,1206,1215,1216,-1,1216,1217,1218,-1,1218,1219,1216,-1,1216,1219,1209,-1,1216,1209,1206,-1,1205,1210,1207,-1,1207,1210,1215,-1,1208,1209,1219,-1,1208,1219,1212,-1,1212,1219,1218,-1,1212,1218,1213,-1,1213,1218,1217,-1,1213,1217,1214,-1,1220,1221,1222,-1,1222,1221,1223,-1,1220,1222,1224,-1,1220,1224,1225,-1,1225,1224,1226,-1,1225,1226,1227,-1,1227,1226,1228,-1,1227,1228,1229,-1,1229,1228,1230,-1,1229,1230,1231,-1,1231,1230,1232,-1,1231,1232,1233,-1,1234,1233,1235,-1,1235,1233,1232,-1,1236,1234,1237,-1,1237,1234,1235,-1,1236,1237,1238,-1,1236,1238,1239,-1,1239,1238,1240,-1,1239,1240,1241,-1,1242,1241,1243,-1,1243,1241,1240,-1,1244,1245,1246,-1,1246,1245,1247,-1,1245,1244,1248,-1,1248,1244,1249,-1,1248,1249,1250,-1,1250,1249,1251,-1,1252,1250,1253,-1,1253,1250,1251,-1,1252,1253,1254,-1,1252,1254,1255,-1,1255,1254,1256,-1,1255,1256,1257,-1,1257,1256,1258,-1,1257,1258,1259,-1,1259,1258,1260,-1,1259,1260,1261,-1,1261,1260,1262,-1,1261,1262,1263,-1,1263,1262,1264,-1,1263,1264,1265,-1,1265,1264,1266,-1,1265,1266,1267,-1,1268,1267,1269,-1,1269,1267,1266,-1,1268,1269,1270,-1,1270,1269,1271,-1,1270,1271,1272,-1,1272,1271,1273,-1,1272,1273,1274,-1,1274,1273,1275,-1,1274,1275,1276,-1,1276,1275,1277,-1,1276,1277,1278,-1,1278,1277,1279,-1,1280,1278,1281,-1,1281,1278,1279,-1,1221,1280,1223,-1,1223,1280,1281,-1,1242,1247,1241,-1,1241,1247,1245,-1,1241,1245,1239,-1,1239,1245,1248,-1,1239,1248,1236,-1,1236,1248,1250,-1,1236,1250,1234,-1,1234,1250,1252,-1,1234,1252,1255,-1,1280,1221,1278,-1,1278,1221,1220,-1,1278,1220,1276,-1,1276,1220,1225,-1,1276,1225,1274,-1,1274,1225,1227,-1,1274,1227,1272,-1,1272,1227,1229,-1,1272,1229,1270,-1,1270,1229,1231,-1,1270,1231,1268,-1,1268,1231,1233,-1,1255,1257,1234,-1,1234,1257,1259,-1,1234,1259,1261,-1,1261,1263,1234,-1,1234,1263,1265,-1,1234,1265,1233,-1,1233,1265,1267,-1,1233,1267,1268,-1,1260,1258,1235,-1,1246,1243,1244,-1,1244,1243,1240,-1,1244,1240,1249,-1,1249,1240,1238,-1,1249,1238,1251,-1,1251,1238,1237,-1,1251,1237,1253,-1,1253,1237,1235,-1,1258,1256,1235,-1,1235,1256,1254,-1,1235,1254,1253,-1,1269,1232,1271,-1,1271,1232,1230,-1,1271,1230,1273,-1,1273,1230,1228,-1,1273,1228,1275,-1,1275,1228,1226,-1,1275,1226,1277,-1,1277,1226,1224,-1,1277,1224,1279,-1,1279,1224,1222,-1,1279,1222,1281,-1,1281,1222,1223,-1,1269,1266,1232,-1,1232,1266,1264,-1,1232,1264,1235,-1,1235,1264,1262,-1,1235,1262,1260,-1,1282,1283,1284,-1,1284,1283,1285,-1,1286,1282,1287,-1,1287,1282,1284,-1,1288,1286,1289,-1,1289,1286,1287,-1,1286,1288,1282,-1,1282,1288,1283,-1,1289,1287,1285,-1,1285,1287,1284,-1,1290,1291,1292,-1,1292,1291,1293,-1,1294,1290,1295,-1,1295,1290,1292,-1,1294,1296,1290,-1,1290,1296,1297,-1,1297,1298,1299,-1,1299,1300,1297,-1,1297,1300,1291,-1,1297,1291,1290,-1,1301,1295,1302,-1,1302,1295,1292,-1,1302,1292,1293,-1,1293,1303,1302,-1,1302,1303,1304,-1,1302,1304,1305,-1,1296,1294,1301,-1,1301,1294,1295,-1,1298,1305,1304,-1,1298,1304,1299,-1,1299,1304,1303,-1,1299,1303,1300,-1,1300,1303,1293,-1,1300,1293,1291,-1,1306,1307,1308,-1,1308,1307,1309,-1,1310,1306,1311,-1,1311,1306,1308,-1,1312,1310,1313,-1,1313,1310,1311,-1,1312,1313,1314,-1,1314,1313,1315,-1,1314,1315,1316,-1,1316,1315,1317,-1,1316,1317,1318,-1,1318,1317,1319,-1,1318,1319,1320,-1,1320,1319,1321,-1,1320,1321,1322,-1,1322,1321,1323,-1,1324,1322,1325,-1,1325,1322,1323,-1,1324,1325,1326,-1,1324,1326,1327,-1,1327,1326,1328,-1,1327,1328,1329,-1,1329,1328,1330,-1,1329,1330,1331,-1,1331,1330,1332,-1,1331,1332,1333,-1,1333,1332,1334,-1,1333,1334,1335,-1,1335,1334,1336,-1,1335,1336,1337,-1,1337,1336,1338,-1,1337,1338,1339,-1,1340,1339,1341,-1,1341,1339,1338,-1,1340,1341,1342,-1,1342,1341,1343,-1,1342,1343,1344,-1,1344,1343,1345,-1,1346,1344,1347,-1,1347,1344,1345,-1,1348,1349,1350,-1,1350,1349,1351,-1,1349,1348,1352,-1,1349,1352,1353,-1,1353,1352,1354,-1,1353,1354,1355,-1,1356,1355,1357,-1,1357,1355,1354,-1,1358,1356,1359,-1,1359,1356,1357,-1,1358,1359,1360,-1,1358,1360,1361,-1,1361,1360,1362,-1,1361,1362,1363,-1,1363,1362,1364,-1,1363,1364,1365,-1,1365,1364,1366,-1,1365,1366,1367,-1,1367,1366,1309,-1,1367,1309,1307,-1,1331,1333,1356,-1,1346,1351,1344,-1,1344,1351,1349,-1,1344,1349,1342,-1,1342,1349,1353,-1,1342,1353,1340,-1,1340,1353,1355,-1,1340,1355,1339,-1,1339,1355,1356,-1,1306,1310,1307,-1,1307,1310,1312,-1,1307,1312,1367,-1,1367,1312,1314,-1,1367,1314,1365,-1,1365,1314,1316,-1,1365,1316,1363,-1,1363,1316,1318,-1,1363,1318,1361,-1,1361,1318,1320,-1,1361,1320,1358,-1,1358,1320,1322,-1,1333,1335,1356,-1,1356,1335,1337,-1,1356,1337,1339,-1,1322,1324,1358,-1,1358,1324,1327,-1,1358,1327,1356,-1,1356,1327,1329,-1,1356,1329,1331,-1,1311,1308,1313,-1,1313,1308,1309,-1,1313,1309,1315,-1,1315,1309,1366,-1,1315,1366,1317,-1,1317,1366,1364,-1,1317,1364,1319,-1,1319,1364,1362,-1,1319,1362,1321,-1,1321,1362,1360,-1,1321,1360,1323,-1,1323,1360,1359,-1,1350,1347,1348,-1,1348,1347,1345,-1,1348,1345,1352,-1,1352,1345,1343,-1,1352,1343,1354,-1,1354,1343,1341,-1,1354,1341,1357,-1,1357,1341,1338,-1,1357,1338,1336,-1,1336,1334,1357,-1,1357,1334,1332,-1,1357,1332,1330,-1,1330,1328,1357,-1,1357,1328,1326,-1,1357,1326,1359,-1,1359,1326,1325,-1,1359,1325,1323,-1,1368,1369,1370,-1,1370,1369,1371,-1,1372,1368,1373,-1,1373,1368,1370,-1,1372,1374,1368,-1,1368,1374,1375,-1,1375,1376,1377,-1,1377,1378,1375,-1,1375,1378,1369,-1,1375,1369,1368,-1,1379,1373,1380,-1,1380,1373,1370,-1,1380,1370,1371,-1,1371,1381,1380,-1,1380,1381,1382,-1,1380,1382,1383,-1,1374,1372,1379,-1,1379,1372,1373,-1,1376,1383,1382,-1,1376,1382,1377,-1,1377,1382,1381,-1,1377,1381,1378,-1,1378,1381,1371,-1,1378,1371,1369,-1,1384,1385,1386,-1,1386,1385,1387,-1,1388,1384,1389,-1,1389,1384,1386,-1,1390,1388,1391,-1,1391,1388,1389,-1,1390,1391,1392,-1,1392,1391,1393,-1,1392,1393,1394,-1,1394,1393,1395,-1,1394,1395,1396,-1,1396,1395,1397,-1,1396,1397,1398,-1,1398,1397,1399,-1,1398,1399,1400,-1,1400,1399,1401,-1,1402,1400,1403,-1,1403,1400,1401,-1,1402,1403,1404,-1,1402,1404,1405,-1,1405,1404,1406,-1,1405,1406,1407,-1,1407,1406,1408,-1,1407,1408,1409,-1,1409,1408,1410,-1,1409,1410,1411,-1,1411,1410,1412,-1,1411,1412,1413,-1,1413,1412,1414,-1,1413,1414,1415,-1,1415,1414,1416,-1,1415,1416,1417,-1,1418,1417,1419,-1,1419,1417,1416,-1,1418,1419,1420,-1,1420,1419,1421,-1,1420,1421,1422,-1,1422,1421,1423,-1,1424,1422,1425,-1,1425,1422,1423,-1,1426,1427,1428,-1,1428,1427,1429,-1,1427,1426,1430,-1,1427,1430,1431,-1,1431,1430,1432,-1,1431,1432,1433,-1,1434,1433,1435,-1,1435,1433,1432,-1,1436,1434,1437,-1,1437,1434,1435,-1,1436,1437,1438,-1,1436,1438,1439,-1,1439,1438,1440,-1,1439,1440,1441,-1,1441,1440,1442,-1,1441,1442,1443,-1,1443,1442,1444,-1,1443,1444,1445,-1,1445,1444,1387,-1,1445,1387,1385,-1,1409,1411,1434,-1,1424,1429,1422,-1,1422,1429,1427,-1,1422,1427,1420,-1,1420,1427,1431,-1,1420,1431,1418,-1,1418,1431,1433,-1,1418,1433,1417,-1,1417,1433,1434,-1,1384,1388,1385,-1,1385,1388,1390,-1,1385,1390,1445,-1,1445,1390,1392,-1,1445,1392,1443,-1,1443,1392,1394,-1,1443,1394,1441,-1,1441,1394,1396,-1,1441,1396,1439,-1,1439,1396,1398,-1,1439,1398,1436,-1,1436,1398,1400,-1,1411,1413,1434,-1,1434,1413,1415,-1,1434,1415,1417,-1,1400,1402,1436,-1,1436,1402,1405,-1,1436,1405,1434,-1,1434,1405,1407,-1,1434,1407,1409,-1,1389,1386,1391,-1,1391,1386,1387,-1,1391,1387,1393,-1,1393,1387,1444,-1,1393,1444,1395,-1,1395,1444,1442,-1,1395,1442,1397,-1,1397,1442,1440,-1,1397,1440,1399,-1,1399,1440,1438,-1,1399,1438,1401,-1,1401,1438,1437,-1,1428,1425,1426,-1,1426,1425,1423,-1,1426,1423,1430,-1,1430,1423,1421,-1,1430,1421,1432,-1,1432,1421,1419,-1,1432,1419,1435,-1,1435,1419,1416,-1,1435,1416,1414,-1,1414,1412,1435,-1,1435,1412,1410,-1,1435,1410,1408,-1,1408,1406,1435,-1,1435,1406,1404,-1,1435,1404,1437,-1,1437,1404,1403,-1,1437,1403,1401,-1,1446,1447,1448,-1,1448,1447,1449,-1,1450,1446,1451,-1,1451,1446,1448,-1,1450,1452,1446,-1,1446,1452,1453,-1,1453,1454,1455,-1,1455,1456,1453,-1,1453,1456,1447,-1,1453,1447,1446,-1,1457,1451,1458,-1,1458,1451,1448,-1,1458,1448,1449,-1,1449,1459,1458,-1,1458,1459,1460,-1,1458,1460,1461,-1,1452,1450,1457,-1,1457,1450,1451,-1,1454,1461,1460,-1,1454,1460,1455,-1,1455,1460,1459,-1,1455,1459,1456,-1,1456,1459,1449,-1,1456,1449,1447,-1,1462,1463,1464,-1,1464,1463,1465,-1,1466,1462,1467,-1,1467,1462,1464,-1,1468,1466,1469,-1,1469,1466,1467,-1,1468,1469,1470,-1,1470,1469,1471,-1,1470,1471,1472,-1,1472,1471,1473,-1,1472,1473,1474,-1,1474,1473,1475,-1,1474,1475,1476,-1,1476,1475,1477,-1,1476,1477,1478,-1,1478,1477,1479,-1,1480,1478,1481,-1,1481,1478,1479,-1,1480,1481,1482,-1,1480,1482,1483,-1,1483,1482,1484,-1,1483,1484,1485,-1,1485,1484,1486,-1,1485,1486,1487,-1,1487,1486,1488,-1,1487,1488,1489,-1,1489,1488,1490,-1,1489,1490,1491,-1,1491,1490,1492,-1,1491,1492,1493,-1,1493,1492,1494,-1,1493,1494,1495,-1,1496,1495,1497,-1,1497,1495,1494,-1,1496,1497,1498,-1,1498,1497,1499,-1,1498,1499,1500,-1,1500,1499,1501,-1,1502,1500,1503,-1,1503,1500,1501,-1,1504,1505,1506,-1,1506,1505,1507,-1,1505,1504,1508,-1,1505,1508,1509,-1,1509,1508,1510,-1,1509,1510,1511,-1,1512,1511,1513,-1,1513,1511,1510,-1,1514,1512,1515,-1,1515,1512,1513,-1,1514,1515,1516,-1,1514,1516,1517,-1,1517,1516,1518,-1,1517,1518,1519,-1,1519,1518,1520,-1,1519,1520,1521,-1,1521,1520,1522,-1,1521,1522,1523,-1,1523,1522,1465,-1,1523,1465,1463,-1,1487,1489,1512,-1,1502,1507,1500,-1,1500,1507,1505,-1,1500,1505,1498,-1,1498,1505,1509,-1,1498,1509,1496,-1,1496,1509,1511,-1,1496,1511,1495,-1,1495,1511,1512,-1,1462,1466,1463,-1,1463,1466,1468,-1,1463,1468,1523,-1,1523,1468,1470,-1,1523,1470,1521,-1,1521,1470,1472,-1,1521,1472,1519,-1,1519,1472,1474,-1,1519,1474,1517,-1,1517,1474,1476,-1,1517,1476,1514,-1,1514,1476,1478,-1,1489,1491,1512,-1,1512,1491,1493,-1,1512,1493,1495,-1,1478,1480,1514,-1,1514,1480,1483,-1,1514,1483,1512,-1,1512,1483,1485,-1,1512,1485,1487,-1,1467,1464,1469,-1,1469,1464,1465,-1,1469,1465,1471,-1,1471,1465,1522,-1,1471,1522,1473,-1,1473,1522,1520,-1,1473,1520,1475,-1,1475,1520,1518,-1,1475,1518,1477,-1,1477,1518,1516,-1,1477,1516,1479,-1,1479,1516,1515,-1,1506,1503,1504,-1,1504,1503,1501,-1,1504,1501,1508,-1,1508,1501,1499,-1,1508,1499,1510,-1,1510,1499,1497,-1,1510,1497,1513,-1,1513,1497,1494,-1,1513,1494,1492,-1,1492,1490,1513,-1,1513,1490,1488,-1,1513,1488,1486,-1,1486,1484,1513,-1,1513,1484,1482,-1,1513,1482,1515,-1,1515,1482,1481,-1,1515,1481,1479,-1,1524,1525,1526,-1,1526,1525,1527,-1,1528,1524,1529,-1,1529,1524,1526,-1,1528,1530,1524,-1,1524,1530,1531,-1,1531,1532,1533,-1,1533,1534,1531,-1,1531,1534,1525,-1,1531,1525,1524,-1,1535,1529,1536,-1,1536,1529,1526,-1,1536,1526,1527,-1,1527,1537,1536,-1,1536,1537,1538,-1,1536,1538,1539,-1,1530,1528,1535,-1,1535,1528,1529,-1,1532,1539,1538,-1,1532,1538,1533,-1,1533,1538,1537,-1,1533,1537,1534,-1,1534,1537,1527,-1,1534,1527,1525,-1,1540,1541,1542,-1,1542,1541,1543,-1,1544,1540,1545,-1,1545,1540,1542,-1,1546,1544,1547,-1,1547,1544,1545,-1,1546,1547,1548,-1,1548,1547,1549,-1,1548,1549,1550,-1,1550,1549,1551,-1,1550,1551,1552,-1,1552,1551,1553,-1,1552,1553,1554,-1,1554,1553,1555,-1,1554,1555,1556,-1,1556,1555,1557,-1,1558,1556,1559,-1,1559,1556,1557,-1,1558,1559,1560,-1,1558,1560,1561,-1,1561,1560,1562,-1,1561,1562,1563,-1,1563,1562,1564,-1,1563,1564,1565,-1,1565,1564,1566,-1,1565,1566,1567,-1,1567,1566,1568,-1,1567,1568,1569,-1,1569,1568,1570,-1,1569,1570,1571,-1,1571,1570,1572,-1,1571,1572,1573,-1,1574,1573,1575,-1,1575,1573,1572,-1,1574,1575,1576,-1,1576,1575,1577,-1,1576,1577,1578,-1,1578,1577,1579,-1,1580,1578,1581,-1,1581,1578,1579,-1,1582,1583,1584,-1,1584,1583,1585,-1,1583,1582,1586,-1,1583,1586,1587,-1,1587,1586,1588,-1,1587,1588,1589,-1,1590,1589,1591,-1,1591,1589,1588,-1,1592,1590,1593,-1,1593,1590,1591,-1,1592,1593,1594,-1,1592,1594,1595,-1,1595,1594,1596,-1,1595,1596,1597,-1,1597,1596,1598,-1,1597,1598,1599,-1,1599,1598,1600,-1,1599,1600,1601,-1,1601,1600,1543,-1,1601,1543,1541,-1,1565,1567,1590,-1,1580,1585,1578,-1,1578,1585,1583,-1,1578,1583,1576,-1,1576,1583,1587,-1,1576,1587,1574,-1,1574,1587,1589,-1,1574,1589,1573,-1,1573,1589,1590,-1,1540,1544,1541,-1,1541,1544,1546,-1,1541,1546,1601,-1,1601,1546,1548,-1,1601,1548,1599,-1,1599,1548,1550,-1,1599,1550,1597,-1,1597,1550,1552,-1,1597,1552,1595,-1,1595,1552,1554,-1,1595,1554,1592,-1,1592,1554,1556,-1,1567,1569,1590,-1,1590,1569,1571,-1,1590,1571,1573,-1,1556,1558,1592,-1,1592,1558,1561,-1,1592,1561,1590,-1,1590,1561,1563,-1,1590,1563,1565,-1,1545,1542,1547,-1,1547,1542,1543,-1,1547,1543,1549,-1,1549,1543,1600,-1,1549,1600,1551,-1,1551,1600,1598,-1,1551,1598,1553,-1,1553,1598,1596,-1,1553,1596,1555,-1,1555,1596,1594,-1,1555,1594,1557,-1,1557,1594,1593,-1,1584,1581,1582,-1,1582,1581,1579,-1,1582,1579,1586,-1,1586,1579,1577,-1,1586,1577,1588,-1,1588,1577,1575,-1,1588,1575,1591,-1,1591,1575,1572,-1,1591,1572,1570,-1,1570,1568,1591,-1,1591,1568,1566,-1,1591,1566,1564,-1,1564,1562,1591,-1,1591,1562,1560,-1,1591,1560,1593,-1,1593,1560,1559,-1,1593,1559,1557,-1,1602,1603,1604,-1,1604,1603,1605,-1,1606,1602,1607,-1,1607,1602,1604,-1,1606,1608,1602,-1,1602,1608,1609,-1,1609,1610,1611,-1,1611,1612,1609,-1,1609,1612,1603,-1,1609,1603,1602,-1,1613,1607,1614,-1,1614,1607,1604,-1,1614,1604,1605,-1,1605,1615,1614,-1,1614,1615,1616,-1,1614,1616,1617,-1,1608,1606,1613,-1,1613,1606,1607,-1,1610,1617,1616,-1,1610,1616,1611,-1,1611,1616,1615,-1,1611,1615,1612,-1,1612,1615,1605,-1,1612,1605,1603,-1,1618,1619,1620,-1,1620,1619,1621,-1,1622,1618,1623,-1,1623,1618,1620,-1,1624,1622,1625,-1,1625,1622,1623,-1,1624,1625,1626,-1,1626,1625,1627,-1,1626,1627,1628,-1,1628,1627,1629,-1,1628,1629,1630,-1,1630,1629,1631,-1,1630,1631,1632,-1,1632,1631,1633,-1,1632,1633,1634,-1,1634,1633,1635,-1,1636,1634,1637,-1,1637,1634,1635,-1,1636,1637,1638,-1,1636,1638,1639,-1,1639,1638,1640,-1,1639,1640,1641,-1,1641,1640,1642,-1,1641,1642,1643,-1,1643,1642,1644,-1,1643,1644,1645,-1,1645,1644,1646,-1,1645,1646,1647,-1,1647,1646,1648,-1,1647,1648,1649,-1,1649,1648,1650,-1,1649,1650,1651,-1,1652,1651,1653,-1,1653,1651,1650,-1,1652,1653,1654,-1,1654,1653,1655,-1,1654,1655,1656,-1,1656,1655,1657,-1,1658,1656,1659,-1,1659,1656,1657,-1,1660,1661,1662,-1,1662,1661,1663,-1,1661,1660,1664,-1,1661,1664,1665,-1,1665,1664,1666,-1,1665,1666,1667,-1,1668,1667,1669,-1,1669,1667,1666,-1,1670,1668,1671,-1,1671,1668,1669,-1,1670,1671,1672,-1,1670,1672,1673,-1,1673,1672,1674,-1,1673,1674,1675,-1,1675,1674,1676,-1,1675,1676,1677,-1,1677,1676,1678,-1,1677,1678,1679,-1,1679,1678,1621,-1,1679,1621,1619,-1,1643,1645,1668,-1,1658,1663,1656,-1,1656,1663,1661,-1,1656,1661,1654,-1,1654,1661,1665,-1,1654,1665,1652,-1,1652,1665,1667,-1,1652,1667,1651,-1,1651,1667,1668,-1,1618,1622,1619,-1,1619,1622,1624,-1,1619,1624,1679,-1,1679,1624,1626,-1,1679,1626,1677,-1,1677,1626,1628,-1,1677,1628,1675,-1,1675,1628,1630,-1,1675,1630,1673,-1,1673,1630,1632,-1,1673,1632,1670,-1,1670,1632,1634,-1,1645,1647,1668,-1,1668,1647,1649,-1,1668,1649,1651,-1,1634,1636,1670,-1,1670,1636,1639,-1,1670,1639,1668,-1,1668,1639,1641,-1,1668,1641,1643,-1,1623,1620,1625,-1,1625,1620,1621,-1,1625,1621,1627,-1,1627,1621,1678,-1,1627,1678,1629,-1,1629,1678,1676,-1,1629,1676,1631,-1,1631,1676,1674,-1,1631,1674,1633,-1,1633,1674,1672,-1,1633,1672,1635,-1,1635,1672,1671,-1,1662,1659,1660,-1,1660,1659,1657,-1,1660,1657,1664,-1,1664,1657,1655,-1,1664,1655,1666,-1,1666,1655,1653,-1,1666,1653,1669,-1,1669,1653,1650,-1,1669,1650,1648,-1,1648,1646,1669,-1,1669,1646,1644,-1,1669,1644,1642,-1,1642,1640,1669,-1,1669,1640,1638,-1,1669,1638,1671,-1,1671,1638,1637,-1,1671,1637,1635,-1,1680,1681,1682,-1,1682,1681,1683,-1,1684,1680,1685,-1,1685,1680,1682,-1,1684,1686,1680,-1,1680,1686,1687,-1,1687,1688,1689,-1,1689,1690,1687,-1,1687,1690,1681,-1,1687,1681,1680,-1,1691,1685,1692,-1,1692,1685,1682,-1,1692,1682,1683,-1,1683,1693,1692,-1,1692,1693,1694,-1,1692,1694,1695,-1,1686,1684,1691,-1,1691,1684,1685,-1,1688,1695,1694,-1,1688,1694,1689,-1,1689,1694,1693,-1,1689,1693,1690,-1,1690,1693,1683,-1,1690,1683,1681,-1,1696,1697,1698,-1,1698,1697,1699,-1,1700,1696,1701,-1,1701,1696,1698,-1,1702,1700,1703,-1,1703,1700,1701,-1,1702,1703,1704,-1,1704,1703,1705,-1,1704,1705,1706,-1,1706,1705,1707,-1,1706,1707,1708,-1,1708,1707,1709,-1,1708,1709,1710,-1,1710,1709,1711,-1,1710,1711,1712,-1,1712,1711,1713,-1,1714,1712,1715,-1,1715,1712,1713,-1,1714,1715,1716,-1,1714,1716,1717,-1,1717,1716,1718,-1,1717,1718,1719,-1,1719,1718,1720,-1,1719,1720,1721,-1,1721,1720,1722,-1,1721,1722,1723,-1,1723,1722,1724,-1,1723,1724,1725,-1,1725,1724,1726,-1,1725,1726,1727,-1,1727,1726,1728,-1,1727,1728,1729,-1,1730,1729,1731,-1,1731,1729,1728,-1,1730,1731,1732,-1,1732,1731,1733,-1,1732,1733,1734,-1,1734,1733,1735,-1,1736,1734,1737,-1,1737,1734,1735,-1,1738,1739,1740,-1,1740,1739,1741,-1,1739,1738,1742,-1,1739,1742,1743,-1,1743,1742,1744,-1,1743,1744,1745,-1,1746,1745,1747,-1,1747,1745,1744,-1,1748,1746,1749,-1,1749,1746,1747,-1,1748,1749,1750,-1,1748,1750,1751,-1,1751,1750,1752,-1,1751,1752,1753,-1,1753,1752,1754,-1,1753,1754,1755,-1,1755,1754,1756,-1,1755,1756,1757,-1,1757,1756,1699,-1,1757,1699,1697,-1,1721,1723,1746,-1,1736,1741,1734,-1,1734,1741,1739,-1,1734,1739,1732,-1,1732,1739,1743,-1,1732,1743,1730,-1,1730,1743,1745,-1,1730,1745,1729,-1,1729,1745,1746,-1,1696,1700,1697,-1,1697,1700,1702,-1,1697,1702,1757,-1,1757,1702,1704,-1,1757,1704,1755,-1,1755,1704,1706,-1,1755,1706,1753,-1,1753,1706,1708,-1,1753,1708,1751,-1,1751,1708,1710,-1,1751,1710,1748,-1,1748,1710,1712,-1,1723,1725,1746,-1,1746,1725,1727,-1,1746,1727,1729,-1,1712,1714,1748,-1,1748,1714,1717,-1,1748,1717,1746,-1,1746,1717,1719,-1,1746,1719,1721,-1,1701,1698,1703,-1,1703,1698,1699,-1,1703,1699,1705,-1,1705,1699,1756,-1,1705,1756,1707,-1,1707,1756,1754,-1,1707,1754,1709,-1,1709,1754,1752,-1,1709,1752,1711,-1,1711,1752,1750,-1,1711,1750,1713,-1,1713,1750,1749,-1,1740,1737,1738,-1,1738,1737,1735,-1,1738,1735,1742,-1,1742,1735,1733,-1,1742,1733,1744,-1,1744,1733,1731,-1,1744,1731,1747,-1,1747,1731,1728,-1,1747,1728,1726,-1,1726,1724,1747,-1,1747,1724,1722,-1,1747,1722,1720,-1,1720,1718,1747,-1,1747,1718,1716,-1,1747,1716,1749,-1,1749,1716,1715,-1,1749,1715,1713,-1,1758,1759,1760,-1,1760,1759,1761,-1,1762,1758,1763,-1,1763,1758,1760,-1,1762,1764,1758,-1,1758,1764,1765,-1,1765,1766,1767,-1,1767,1768,1765,-1,1765,1768,1759,-1,1765,1759,1758,-1,1769,1763,1770,-1,1770,1763,1760,-1,1770,1760,1761,-1,1761,1771,1770,-1,1770,1771,1772,-1,1770,1772,1773,-1,1764,1762,1769,-1,1769,1762,1763,-1,1766,1773,1772,-1,1766,1772,1767,-1,1767,1772,1771,-1,1767,1771,1768,-1,1768,1771,1761,-1,1768,1761,1759,-1,1774,1775,1776,-1,1776,1775,1777,-1,1778,1774,1779,-1,1779,1774,1776,-1,1780,1778,1781,-1,1781,1778,1779,-1,1780,1781,1782,-1,1782,1781,1783,-1,1782,1783,1784,-1,1784,1783,1785,-1,1784,1785,1786,-1,1786,1785,1787,-1,1786,1787,1788,-1,1788,1787,1789,-1,1788,1789,1790,-1,1790,1789,1791,-1,1792,1790,1793,-1,1793,1790,1791,-1,1792,1793,1794,-1,1792,1794,1795,-1,1795,1794,1796,-1,1795,1796,1797,-1,1797,1796,1798,-1,1797,1798,1799,-1,1799,1798,1800,-1,1799,1800,1801,-1,1801,1800,1802,-1,1801,1802,1803,-1,1803,1802,1804,-1,1803,1804,1805,-1,1805,1804,1806,-1,1805,1806,1807,-1,1808,1807,1809,-1,1809,1807,1806,-1,1808,1809,1810,-1,1810,1809,1811,-1,1810,1811,1812,-1,1812,1811,1813,-1,1814,1812,1815,-1,1815,1812,1813,-1,1816,1817,1818,-1,1818,1817,1819,-1,1817,1816,1820,-1,1817,1820,1821,-1,1821,1820,1822,-1,1821,1822,1823,-1,1824,1823,1825,-1,1825,1823,1822,-1,1826,1824,1827,-1,1827,1824,1825,-1,1826,1827,1828,-1,1826,1828,1829,-1,1829,1828,1830,-1,1829,1830,1831,-1,1831,1830,1832,-1,1831,1832,1833,-1,1833,1832,1834,-1,1833,1834,1835,-1,1835,1834,1777,-1,1835,1777,1775,-1,1799,1801,1824,-1,1814,1819,1812,-1,1812,1819,1817,-1,1812,1817,1810,-1,1810,1817,1821,-1,1810,1821,1808,-1,1808,1821,1823,-1,1808,1823,1807,-1,1807,1823,1824,-1,1774,1778,1775,-1,1775,1778,1780,-1,1775,1780,1835,-1,1835,1780,1782,-1,1835,1782,1833,-1,1833,1782,1784,-1,1833,1784,1831,-1,1831,1784,1786,-1,1831,1786,1829,-1,1829,1786,1788,-1,1829,1788,1826,-1,1826,1788,1790,-1,1801,1803,1824,-1,1824,1803,1805,-1,1824,1805,1807,-1,1790,1792,1826,-1,1826,1792,1795,-1,1826,1795,1824,-1,1824,1795,1797,-1,1824,1797,1799,-1,1779,1776,1781,-1,1781,1776,1777,-1,1781,1777,1783,-1,1783,1777,1834,-1,1783,1834,1785,-1,1785,1834,1832,-1,1785,1832,1787,-1,1787,1832,1830,-1,1787,1830,1789,-1,1789,1830,1828,-1,1789,1828,1791,-1,1791,1828,1827,-1,1818,1815,1816,-1,1816,1815,1813,-1,1816,1813,1820,-1,1820,1813,1811,-1,1820,1811,1822,-1,1822,1811,1809,-1,1822,1809,1825,-1,1825,1809,1806,-1,1825,1806,1804,-1,1804,1802,1825,-1,1825,1802,1800,-1,1825,1800,1798,-1,1798,1796,1825,-1,1825,1796,1794,-1,1825,1794,1827,-1,1827,1794,1793,-1,1827,1793,1791,-1,1836,1837,1838,-1,1838,1837,1839,-1,1840,1836,1841,-1,1841,1836,1838,-1,1840,1842,1836,-1,1836,1842,1843,-1,1843,1844,1845,-1,1845,1846,1843,-1,1843,1846,1837,-1,1843,1837,1836,-1,1847,1841,1848,-1,1848,1841,1838,-1,1848,1838,1839,-1,1839,1849,1848,-1,1848,1849,1850,-1,1848,1850,1851,-1,1842,1840,1847,-1,1847,1840,1841,-1,1844,1851,1850,-1,1844,1850,1845,-1,1845,1850,1849,-1,1845,1849,1846,-1,1846,1849,1839,-1,1846,1839,1837,-1,1852,1853,1854,-1,1854,1853,1855,-1,1856,1852,1857,-1,1857,1852,1854,-1,1858,1856,1859,-1,1859,1856,1857,-1,1858,1859,1860,-1,1860,1859,1861,-1,1860,1861,1862,-1,1862,1861,1863,-1,1862,1863,1864,-1,1864,1863,1865,-1,1864,1865,1866,-1,1866,1865,1867,-1,1866,1867,1868,-1,1868,1867,1869,-1,1870,1868,1871,-1,1871,1868,1869,-1,1870,1871,1872,-1,1870,1872,1873,-1,1873,1872,1874,-1,1873,1874,1875,-1,1875,1874,1876,-1,1875,1876,1877,-1,1877,1876,1878,-1,1877,1878,1879,-1,1879,1878,1880,-1,1879,1880,1881,-1,1881,1880,1882,-1,1881,1882,1883,-1,1883,1882,1884,-1,1883,1884,1885,-1,1886,1885,1887,-1,1887,1885,1884,-1,1886,1887,1888,-1,1888,1887,1889,-1,1888,1889,1890,-1,1890,1889,1891,-1,1892,1890,1893,-1,1893,1890,1891,-1,1894,1895,1896,-1,1896,1895,1897,-1,1895,1894,1898,-1,1895,1898,1899,-1,1899,1898,1900,-1,1899,1900,1901,-1,1902,1901,1903,-1,1903,1901,1900,-1,1904,1902,1905,-1,1905,1902,1903,-1,1904,1905,1906,-1,1904,1906,1907,-1,1907,1906,1908,-1,1907,1908,1909,-1,1909,1908,1910,-1,1909,1910,1911,-1,1911,1910,1912,-1,1911,1912,1913,-1,1913,1912,1855,-1,1913,1855,1853,-1,1877,1879,1902,-1,1892,1897,1890,-1,1890,1897,1895,-1,1890,1895,1888,-1,1888,1895,1899,-1,1888,1899,1886,-1,1886,1899,1901,-1,1886,1901,1885,-1,1885,1901,1902,-1,1852,1856,1853,-1,1853,1856,1858,-1,1853,1858,1913,-1,1913,1858,1860,-1,1913,1860,1911,-1,1911,1860,1862,-1,1911,1862,1909,-1,1909,1862,1864,-1,1909,1864,1907,-1,1907,1864,1866,-1,1907,1866,1904,-1,1904,1866,1868,-1,1879,1881,1902,-1,1902,1881,1883,-1,1902,1883,1885,-1,1868,1870,1904,-1,1904,1870,1873,-1,1904,1873,1902,-1,1902,1873,1875,-1,1902,1875,1877,-1,1857,1854,1859,-1,1859,1854,1855,-1,1859,1855,1861,-1,1861,1855,1912,-1,1861,1912,1863,-1,1863,1912,1910,-1,1863,1910,1865,-1,1865,1910,1908,-1,1865,1908,1867,-1,1867,1908,1906,-1,1867,1906,1869,-1,1869,1906,1905,-1,1896,1893,1894,-1,1894,1893,1891,-1,1894,1891,1898,-1,1898,1891,1889,-1,1898,1889,1900,-1,1900,1889,1887,-1,1900,1887,1903,-1,1903,1887,1884,-1,1903,1884,1882,-1,1882,1880,1903,-1,1903,1880,1878,-1,1903,1878,1876,-1,1876,1874,1903,-1,1903,1874,1872,-1,1903,1872,1905,-1,1905,1872,1871,-1,1905,1871,1869,-1,1914,1915,1916,-1,1916,1915,1917,-1,1918,1914,1919,-1,1919,1914,1916,-1,1918,1920,1914,-1,1914,1920,1921,-1,1921,1922,1923,-1,1923,1924,1921,-1,1921,1924,1915,-1,1921,1915,1914,-1,1925,1919,1926,-1,1926,1919,1916,-1,1926,1916,1917,-1,1917,1927,1926,-1,1926,1927,1928,-1,1926,1928,1929,-1,1920,1918,1925,-1,1925,1918,1919,-1,1922,1929,1928,-1,1922,1928,1923,-1,1923,1928,1927,-1,1923,1927,1924,-1,1924,1927,1917,-1,1924,1917,1915,-1,1930,1931,1932,-1,1932,1931,1933,-1,1934,1930,1935,-1,1935,1930,1932,-1,1936,1934,1937,-1,1937,1934,1935,-1,1936,1937,1938,-1,1938,1937,1939,-1,1938,1939,1940,-1,1940,1939,1941,-1,1940,1941,1942,-1,1942,1941,1943,-1,1942,1943,1944,-1,1944,1943,1945,-1,1944,1945,1946,-1,1946,1945,1947,-1,1948,1946,1949,-1,1949,1946,1947,-1,1948,1949,1950,-1,1948,1950,1951,-1,1951,1950,1952,-1,1951,1952,1953,-1,1953,1952,1954,-1,1953,1954,1955,-1,1955,1954,1956,-1,1955,1956,1957,-1,1957,1956,1958,-1,1957,1958,1959,-1,1959,1958,1960,-1,1959,1960,1961,-1,1961,1960,1962,-1,1961,1962,1963,-1,1964,1963,1965,-1,1965,1963,1962,-1,1964,1965,1966,-1,1966,1965,1967,-1,1966,1967,1968,-1,1968,1967,1969,-1,1970,1968,1971,-1,1971,1968,1969,-1,1972,1973,1974,-1,1974,1973,1975,-1,1973,1972,1976,-1,1973,1976,1977,-1,1977,1976,1978,-1,1977,1978,1979,-1,1980,1979,1981,-1,1981,1979,1978,-1,1982,1980,1983,-1,1983,1980,1981,-1,1982,1983,1984,-1,1982,1984,1985,-1,1985,1984,1986,-1,1985,1986,1987,-1,1987,1986,1988,-1,1987,1988,1989,-1,1989,1988,1990,-1,1989,1990,1991,-1,1991,1990,1933,-1,1991,1933,1931,-1,1955,1957,1980,-1,1970,1975,1968,-1,1968,1975,1973,-1,1968,1973,1966,-1,1966,1973,1977,-1,1966,1977,1964,-1,1964,1977,1979,-1,1964,1979,1963,-1,1963,1979,1980,-1,1930,1934,1931,-1,1931,1934,1936,-1,1931,1936,1991,-1,1991,1936,1938,-1,1991,1938,1989,-1,1989,1938,1940,-1,1989,1940,1987,-1,1987,1940,1942,-1,1987,1942,1985,-1,1985,1942,1944,-1,1985,1944,1982,-1,1982,1944,1946,-1,1957,1959,1980,-1,1980,1959,1961,-1,1980,1961,1963,-1,1946,1948,1982,-1,1982,1948,1951,-1,1982,1951,1980,-1,1980,1951,1953,-1,1980,1953,1955,-1,1935,1932,1937,-1,1937,1932,1933,-1,1937,1933,1939,-1,1939,1933,1990,-1,1939,1990,1941,-1,1941,1990,1988,-1,1941,1988,1943,-1,1943,1988,1986,-1,1943,1986,1945,-1,1945,1986,1984,-1,1945,1984,1947,-1,1947,1984,1983,-1,1974,1971,1972,-1,1972,1971,1969,-1,1972,1969,1976,-1,1976,1969,1967,-1,1976,1967,1978,-1,1978,1967,1965,-1,1978,1965,1981,-1,1981,1965,1962,-1,1981,1962,1960,-1,1960,1958,1981,-1,1981,1958,1956,-1,1981,1956,1954,-1,1954,1952,1981,-1,1981,1952,1950,-1,1981,1950,1983,-1,1983,1950,1949,-1,1983,1949,1947,-1,1992,1993,1994,-1,1994,1993,1995,-1,1996,1992,1997,-1,1997,1992,1994,-1,1996,1998,1992,-1,1992,1998,1999,-1,1999,2000,2001,-1,2001,2002,1999,-1,1999,2002,1993,-1,1999,1993,1992,-1,2003,1997,2004,-1,2004,1997,1994,-1,2004,1994,1995,-1,1995,2005,2004,-1,2004,2005,2006,-1,2004,2006,2007,-1,1998,1996,2003,-1,2003,1996,1997,-1,2000,2007,2006,-1,2000,2006,2001,-1,2001,2006,2005,-1,2001,2005,2002,-1,2002,2005,1995,-1,2002,1995,1993,-1,2008,2009,2010,-1,2010,2009,2011,-1,2012,2008,2013,-1,2013,2008,2010,-1,2014,2012,2015,-1,2015,2012,2013,-1,2014,2015,2016,-1,2016,2015,2017,-1,2016,2017,2018,-1,2018,2017,2019,-1,2018,2019,2020,-1,2020,2019,2021,-1,2020,2021,2022,-1,2022,2021,2023,-1,2022,2023,2024,-1,2024,2023,2025,-1,2026,2024,2027,-1,2027,2024,2025,-1,2026,2027,2028,-1,2026,2028,2029,-1,2029,2028,2030,-1,2029,2030,2031,-1,2031,2030,2032,-1,2031,2032,2033,-1,2033,2032,2034,-1,2033,2034,2035,-1,2035,2034,2036,-1,2035,2036,2037,-1,2037,2036,2038,-1,2037,2038,2039,-1,2039,2038,2040,-1,2039,2040,2041,-1,2042,2041,2043,-1,2043,2041,2040,-1,2042,2043,2044,-1,2044,2043,2045,-1,2044,2045,2046,-1,2046,2045,2047,-1,2048,2046,2049,-1,2049,2046,2047,-1,2050,2051,2052,-1,2052,2051,2053,-1,2051,2050,2054,-1,2051,2054,2055,-1,2055,2054,2056,-1,2055,2056,2057,-1,2058,2057,2059,-1,2059,2057,2056,-1,2060,2058,2061,-1,2061,2058,2059,-1,2060,2061,2062,-1,2060,2062,2063,-1,2063,2062,2064,-1,2063,2064,2065,-1,2065,2064,2066,-1,2065,2066,2067,-1,2067,2066,2068,-1,2067,2068,2069,-1,2069,2068,2011,-1,2069,2011,2009,-1,2033,2035,2058,-1,2048,2053,2046,-1,2046,2053,2051,-1,2046,2051,2044,-1,2044,2051,2055,-1,2044,2055,2042,-1,2042,2055,2057,-1,2042,2057,2041,-1,2041,2057,2058,-1,2008,2012,2009,-1,2009,2012,2014,-1,2009,2014,2069,-1,2069,2014,2016,-1,2069,2016,2067,-1,2067,2016,2018,-1,2067,2018,2065,-1,2065,2018,2020,-1,2065,2020,2063,-1,2063,2020,2022,-1,2063,2022,2060,-1,2060,2022,2024,-1,2035,2037,2058,-1,2058,2037,2039,-1,2058,2039,2041,-1,2024,2026,2060,-1,2060,2026,2029,-1,2060,2029,2058,-1,2058,2029,2031,-1,2058,2031,2033,-1,2013,2010,2015,-1,2015,2010,2011,-1,2015,2011,2017,-1,2017,2011,2068,-1,2017,2068,2019,-1,2019,2068,2066,-1,2019,2066,2021,-1,2021,2066,2064,-1,2021,2064,2023,-1,2023,2064,2062,-1,2023,2062,2025,-1,2025,2062,2061,-1,2052,2049,2050,-1,2050,2049,2047,-1,2050,2047,2054,-1,2054,2047,2045,-1,2054,2045,2056,-1,2056,2045,2043,-1,2056,2043,2059,-1,2059,2043,2040,-1,2059,2040,2038,-1,2038,2036,2059,-1,2059,2036,2034,-1,2059,2034,2032,-1,2032,2030,2059,-1,2059,2030,2028,-1,2059,2028,2061,-1,2061,2028,2027,-1,2061,2027,2025,-1,2070,2071,2072,-1,2072,2071,2073,-1,2074,2070,2075,-1,2075,2070,2072,-1,2074,2076,2070,-1,2070,2076,2077,-1,2077,2078,2079,-1,2079,2080,2077,-1,2077,2080,2071,-1,2077,2071,2070,-1,2081,2075,2082,-1,2082,2075,2072,-1,2082,2072,2073,-1,2073,2083,2082,-1,2082,2083,2084,-1,2082,2084,2085,-1,2076,2074,2081,-1,2081,2074,2075,-1,2078,2085,2084,-1,2078,2084,2079,-1,2079,2084,2083,-1,2079,2083,2080,-1,2080,2083,2073,-1,2080,2073,2071,-1,2086,2087,2088,-1,2088,2087,2089,-1,2090,2086,2091,-1,2091,2086,2088,-1,2092,2090,2093,-1,2093,2090,2091,-1,2092,2093,2094,-1,2094,2093,2095,-1,2094,2095,2096,-1,2096,2095,2097,-1,2096,2097,2098,-1,2098,2097,2099,-1,2098,2099,2100,-1,2100,2099,2101,-1,2100,2101,2102,-1,2102,2101,2103,-1,2104,2102,2105,-1,2105,2102,2103,-1,2104,2105,2106,-1,2104,2106,2107,-1,2107,2106,2108,-1,2107,2108,2109,-1,2109,2108,2110,-1,2109,2110,2111,-1,2111,2110,2112,-1,2111,2112,2113,-1,2113,2112,2114,-1,2113,2114,2115,-1,2115,2114,2116,-1,2115,2116,2117,-1,2117,2116,2118,-1,2117,2118,2119,-1,2120,2119,2121,-1,2121,2119,2118,-1,2120,2121,2122,-1,2122,2121,2123,-1,2122,2123,2124,-1,2124,2123,2125,-1,2126,2124,2127,-1,2127,2124,2125,-1,2128,2129,2130,-1,2130,2129,2131,-1,2129,2128,2132,-1,2129,2132,2133,-1,2133,2132,2134,-1,2133,2134,2135,-1,2136,2135,2137,-1,2137,2135,2134,-1,2138,2136,2139,-1,2139,2136,2137,-1,2138,2139,2140,-1,2138,2140,2141,-1,2141,2140,2142,-1,2141,2142,2143,-1,2143,2142,2144,-1,2143,2144,2145,-1,2145,2144,2146,-1,2145,2146,2147,-1,2147,2146,2089,-1,2147,2089,2087,-1,2111,2113,2136,-1,2126,2131,2124,-1,2124,2131,2129,-1,2124,2129,2122,-1,2122,2129,2133,-1,2122,2133,2120,-1,2120,2133,2135,-1,2120,2135,2119,-1,2119,2135,2136,-1,2086,2090,2087,-1,2087,2090,2092,-1,2087,2092,2147,-1,2147,2092,2094,-1,2147,2094,2145,-1,2145,2094,2096,-1,2145,2096,2143,-1,2143,2096,2098,-1,2143,2098,2141,-1,2141,2098,2100,-1,2141,2100,2138,-1,2138,2100,2102,-1,2113,2115,2136,-1,2136,2115,2117,-1,2136,2117,2119,-1,2102,2104,2138,-1,2138,2104,2107,-1,2138,2107,2136,-1,2136,2107,2109,-1,2136,2109,2111,-1,2091,2088,2093,-1,2093,2088,2089,-1,2093,2089,2095,-1,2095,2089,2146,-1,2095,2146,2097,-1,2097,2146,2144,-1,2097,2144,2099,-1,2099,2144,2142,-1,2099,2142,2101,-1,2101,2142,2140,-1,2101,2140,2103,-1,2103,2140,2139,-1,2130,2127,2128,-1,2128,2127,2125,-1,2128,2125,2132,-1,2132,2125,2123,-1,2132,2123,2134,-1,2134,2123,2121,-1,2134,2121,2137,-1,2137,2121,2118,-1,2137,2118,2116,-1,2116,2114,2137,-1,2137,2114,2112,-1,2137,2112,2110,-1,2110,2108,2137,-1,2137,2108,2106,-1,2137,2106,2139,-1,2139,2106,2105,-1,2139,2105,2103,-1,2148,2149,2150,-1,2150,2149,2151,-1,2152,2148,2153,-1,2153,2148,2150,-1,2152,2154,2148,-1,2148,2154,2155,-1,2155,2156,2157,-1,2157,2158,2155,-1,2155,2158,2149,-1,2155,2149,2148,-1,2159,2153,2160,-1,2160,2153,2150,-1,2160,2150,2151,-1,2151,2161,2160,-1,2160,2161,2162,-1,2160,2162,2163,-1,2154,2152,2159,-1,2159,2152,2153,-1,2156,2163,2162,-1,2156,2162,2157,-1,2157,2162,2161,-1,2157,2161,2158,-1,2158,2161,2151,-1,2158,2151,2149,-1,2164,2165,2166,-1,2166,2165,2167,-1,2168,2164,2169,-1,2169,2164,2166,-1,2170,2168,2171,-1,2171,2168,2169,-1,2170,2171,2172,-1,2172,2171,2173,-1,2172,2173,2174,-1,2174,2173,2175,-1,2174,2175,2176,-1,2176,2175,2177,-1,2176,2177,2178,-1,2178,2177,2179,-1,2178,2179,2180,-1,2180,2179,2181,-1,2182,2180,2183,-1,2183,2180,2181,-1,2182,2183,2184,-1,2182,2184,2185,-1,2185,2184,2186,-1,2185,2186,2187,-1,2187,2186,2188,-1,2187,2188,2189,-1,2189,2188,2190,-1,2189,2190,2191,-1,2191,2190,2192,-1,2191,2192,2193,-1,2193,2192,2194,-1,2193,2194,2195,-1,2195,2194,2196,-1,2195,2196,2197,-1,2198,2197,2199,-1,2199,2197,2196,-1,2198,2199,2200,-1,2200,2199,2201,-1,2200,2201,2202,-1,2202,2201,2203,-1,2204,2202,2205,-1,2205,2202,2203,-1,2206,2207,2208,-1,2208,2207,2209,-1,2207,2206,2210,-1,2207,2210,2211,-1,2211,2210,2212,-1,2211,2212,2213,-1,2214,2213,2215,-1,2215,2213,2212,-1,2216,2214,2217,-1,2217,2214,2215,-1,2216,2217,2218,-1,2216,2218,2219,-1,2219,2218,2220,-1,2219,2220,2221,-1,2221,2220,2222,-1,2221,2222,2223,-1,2223,2222,2224,-1,2223,2224,2225,-1,2225,2224,2167,-1,2225,2167,2165,-1,2189,2191,2214,-1,2204,2209,2202,-1,2202,2209,2207,-1,2202,2207,2200,-1,2200,2207,2211,-1,2200,2211,2198,-1,2198,2211,2213,-1,2198,2213,2197,-1,2197,2213,2214,-1,2164,2168,2165,-1,2165,2168,2170,-1,2165,2170,2225,-1,2225,2170,2172,-1,2225,2172,2223,-1,2223,2172,2174,-1,2223,2174,2221,-1,2221,2174,2176,-1,2221,2176,2219,-1,2219,2176,2178,-1,2219,2178,2216,-1,2216,2178,2180,-1,2191,2193,2214,-1,2214,2193,2195,-1,2214,2195,2197,-1,2180,2182,2216,-1,2216,2182,2185,-1,2216,2185,2214,-1,2214,2185,2187,-1,2214,2187,2189,-1,2169,2166,2171,-1,2171,2166,2167,-1,2171,2167,2173,-1,2173,2167,2224,-1,2173,2224,2175,-1,2175,2224,2222,-1,2175,2222,2177,-1,2177,2222,2220,-1,2177,2220,2179,-1,2179,2220,2218,-1,2179,2218,2181,-1,2181,2218,2217,-1,2208,2205,2206,-1,2206,2205,2203,-1,2206,2203,2210,-1,2210,2203,2201,-1,2210,2201,2212,-1,2212,2201,2199,-1,2212,2199,2215,-1,2215,2199,2196,-1,2215,2196,2194,-1,2194,2192,2215,-1,2215,2192,2190,-1,2215,2190,2188,-1,2188,2186,2215,-1,2215,2186,2184,-1,2215,2184,2217,-1,2217,2184,2183,-1,2217,2183,2181,-1,2226,2227,2228,-1,2228,2227,2229,-1,2230,2226,2231,-1,2231,2226,2228,-1,2230,2232,2226,-1,2226,2232,2233,-1,2233,2234,2235,-1,2235,2236,2233,-1,2233,2236,2227,-1,2233,2227,2226,-1,2237,2231,2238,-1,2238,2231,2228,-1,2238,2228,2229,-1,2229,2239,2238,-1,2238,2239,2240,-1,2238,2240,2241,-1,2232,2230,2237,-1,2237,2230,2231,-1,2234,2241,2240,-1,2234,2240,2235,-1,2235,2240,2239,-1,2235,2239,2236,-1,2236,2239,2229,-1,2236,2229,2227,-1,2242,2243,2244,-1,2244,2243,2245,-1,2246,2242,2247,-1,2247,2242,2244,-1,2248,2246,2249,-1,2249,2246,2247,-1,2248,2249,2250,-1,2250,2249,2251,-1,2250,2251,2252,-1,2252,2251,2253,-1,2252,2253,2254,-1,2254,2253,2255,-1,2254,2255,2256,-1,2256,2255,2257,-1,2256,2257,2258,-1,2258,2257,2259,-1,2260,2258,2261,-1,2261,2258,2259,-1,2260,2261,2262,-1,2260,2262,2263,-1,2263,2262,2264,-1,2263,2264,2265,-1,2265,2264,2266,-1,2265,2266,2267,-1,2267,2266,2268,-1,2267,2268,2269,-1,2269,2268,2270,-1,2269,2270,2271,-1,2271,2270,2272,-1,2271,2272,2273,-1,2273,2272,2274,-1,2273,2274,2275,-1,2276,2275,2277,-1,2277,2275,2274,-1,2276,2277,2278,-1,2278,2277,2279,-1,2278,2279,2280,-1,2280,2279,2281,-1,2282,2280,2283,-1,2283,2280,2281,-1,2284,2285,2286,-1,2286,2285,2287,-1,2285,2284,2288,-1,2285,2288,2289,-1,2289,2288,2290,-1,2289,2290,2291,-1,2292,2291,2293,-1,2293,2291,2290,-1,2294,2292,2295,-1,2295,2292,2293,-1,2294,2295,2296,-1,2294,2296,2297,-1,2297,2296,2298,-1,2297,2298,2299,-1,2299,2298,2300,-1,2299,2300,2301,-1,2301,2300,2302,-1,2301,2302,2303,-1,2303,2302,2245,-1,2303,2245,2243,-1,2267,2269,2292,-1,2282,2287,2280,-1,2280,2287,2285,-1,2280,2285,2278,-1,2278,2285,2289,-1,2278,2289,2276,-1,2276,2289,2291,-1,2276,2291,2275,-1,2275,2291,2292,-1,2242,2246,2243,-1,2243,2246,2248,-1,2243,2248,2303,-1,2303,2248,2250,-1,2303,2250,2301,-1,2301,2250,2252,-1,2301,2252,2299,-1,2299,2252,2254,-1,2299,2254,2297,-1,2297,2254,2256,-1,2297,2256,2294,-1,2294,2256,2258,-1,2269,2271,2292,-1,2292,2271,2273,-1,2292,2273,2275,-1,2258,2260,2294,-1,2294,2260,2263,-1,2294,2263,2292,-1,2292,2263,2265,-1,2292,2265,2267,-1,2247,2244,2249,-1,2249,2244,2245,-1,2249,2245,2251,-1,2251,2245,2302,-1,2251,2302,2253,-1,2253,2302,2300,-1,2253,2300,2255,-1,2255,2300,2298,-1,2255,2298,2257,-1,2257,2298,2296,-1,2257,2296,2259,-1,2259,2296,2295,-1,2286,2283,2284,-1,2284,2283,2281,-1,2284,2281,2288,-1,2288,2281,2279,-1,2288,2279,2290,-1,2290,2279,2277,-1,2290,2277,2293,-1,2293,2277,2274,-1,2293,2274,2272,-1,2272,2270,2293,-1,2293,2270,2268,-1,2293,2268,2266,-1,2266,2264,2293,-1,2293,2264,2262,-1,2293,2262,2295,-1,2295,2262,2261,-1,2295,2261,2259,-1,2304,2305,2306,-1,2306,2305,2307,-1,2308,2304,2309,-1,2309,2304,2306,-1,2308,2310,2304,-1,2304,2310,2311,-1,2311,2312,2313,-1,2313,2314,2311,-1,2311,2314,2305,-1,2311,2305,2304,-1,2315,2309,2316,-1,2316,2309,2306,-1,2316,2306,2307,-1,2307,2317,2316,-1,2316,2317,2318,-1,2316,2318,2319,-1,2310,2308,2315,-1,2315,2308,2309,-1,2312,2319,2318,-1,2312,2318,2313,-1,2313,2318,2317,-1,2313,2317,2314,-1,2314,2317,2307,-1,2314,2307,2305,-1,2320,2321,2322,-1,2322,2321,2323,-1,2324,2320,2325,-1,2325,2320,2322,-1,2326,2324,2327,-1,2327,2324,2325,-1,2326,2327,2328,-1,2328,2327,2329,-1,2328,2329,2330,-1,2330,2329,2331,-1,2330,2331,2332,-1,2332,2331,2333,-1,2332,2333,2334,-1,2334,2333,2335,-1,2334,2335,2336,-1,2336,2335,2337,-1,2338,2336,2339,-1,2339,2336,2337,-1,2338,2339,2340,-1,2338,2340,2341,-1,2341,2340,2342,-1,2341,2342,2343,-1,2343,2342,2344,-1,2343,2344,2345,-1,2345,2344,2346,-1,2345,2346,2347,-1,2347,2346,2348,-1,2347,2348,2349,-1,2349,2348,2350,-1,2349,2350,2351,-1,2351,2350,2352,-1,2351,2352,2353,-1,2354,2353,2355,-1,2355,2353,2352,-1,2354,2355,2356,-1,2356,2355,2357,-1,2356,2357,2358,-1,2358,2357,2359,-1,2360,2358,2361,-1,2361,2358,2359,-1,2362,2363,2364,-1,2364,2363,2365,-1,2363,2362,2366,-1,2363,2366,2367,-1,2367,2366,2368,-1,2367,2368,2369,-1,2370,2369,2371,-1,2371,2369,2368,-1,2372,2370,2373,-1,2373,2370,2371,-1,2372,2373,2374,-1,2372,2374,2375,-1,2375,2374,2376,-1,2375,2376,2377,-1,2377,2376,2378,-1,2377,2378,2379,-1,2379,2378,2380,-1,2379,2380,2381,-1,2381,2380,2323,-1,2381,2323,2321,-1,2345,2347,2370,-1,2360,2365,2358,-1,2358,2365,2363,-1,2358,2363,2356,-1,2356,2363,2367,-1,2356,2367,2354,-1,2354,2367,2369,-1,2354,2369,2353,-1,2353,2369,2370,-1,2320,2324,2321,-1,2321,2324,2326,-1,2321,2326,2381,-1,2381,2326,2328,-1,2381,2328,2379,-1,2379,2328,2330,-1,2379,2330,2377,-1,2377,2330,2332,-1,2377,2332,2375,-1,2375,2332,2334,-1,2375,2334,2372,-1,2372,2334,2336,-1,2347,2349,2370,-1,2370,2349,2351,-1,2370,2351,2353,-1,2336,2338,2372,-1,2372,2338,2341,-1,2372,2341,2370,-1,2370,2341,2343,-1,2370,2343,2345,-1,2325,2322,2327,-1,2327,2322,2323,-1,2327,2323,2329,-1,2329,2323,2380,-1,2329,2380,2331,-1,2331,2380,2378,-1,2331,2378,2333,-1,2333,2378,2376,-1,2333,2376,2335,-1,2335,2376,2374,-1,2335,2374,2337,-1,2337,2374,2373,-1,2364,2361,2362,-1,2362,2361,2359,-1,2362,2359,2366,-1,2366,2359,2357,-1,2366,2357,2368,-1,2368,2357,2355,-1,2368,2355,2371,-1,2371,2355,2352,-1,2371,2352,2350,-1,2350,2348,2371,-1,2371,2348,2346,-1,2371,2346,2344,-1,2344,2342,2371,-1,2371,2342,2340,-1,2371,2340,2373,-1,2373,2340,2339,-1,2373,2339,2337,-1,2382,2383,2384,-1,2384,2383,2385,-1,2386,2387,2388,-1,2388,2387,2389,-1,2383,2386,2385,-1,2385,2386,2388,-1,2387,2386,2382,-1,2382,2386,2383,-1,2388,2389,2385,-1,2385,2389,2384,-1,2390,2391,2392,-1,2392,2391,2393,-1,2394,2395,2396,-1,2396,2395,2397,-1,2391,2394,2393,-1,2393,2394,2396,-1,2395,2394,2390,-1,2390,2394,2391,-1,2396,2397,2393,-1,2393,2397,2392,-1,2398,2399,2400,-1,2400,2399,2401,-1,2402,2403,2404,-1,2404,2403,2405,-1,2399,2402,2401,-1,2401,2402,2404,-1,2403,2402,2398,-1,2398,2402,2399,-1,2404,2405,2401,-1,2401,2405,2400,-1,2406,2407,2408,-1,2408,2407,2409,-1,2410,2411,2412,-1,2412,2411,2413,-1,2407,2410,2409,-1,2409,2410,2412,-1,2411,2410,2406,-1,2406,2410,2407,-1,2412,2413,2409,-1,2409,2413,2408,-1,2414,2415,2416,-1,2416,2415,2417,-1,2418,2419,2420,-1,2420,2419,2421,-1,2415,2418,2417,-1,2417,2418,2420,-1,2419,2418,2414,-1,2414,2418,2415,-1,2420,2421,2417,-1,2417,2421,2416,-1,2422,2423,2424,-1,2424,2423,2425,-1,2426,2427,2428,-1,2428,2427,2429,-1,2423,2426,2425,-1,2425,2426,2428,-1,2427,2426,2422,-1,2422,2426,2423,-1,2428,2429,2425,-1,2425,2429,2424,-1,2430,2431,2432,-1,2432,2431,2433,-1,2434,2435,2436,-1,2436,2435,2437,-1,2431,2434,2433,-1,2433,2434,2436,-1,2435,2434,2430,-1,2430,2434,2431,-1,2436,2437,2433,-1,2433,2437,2432,-1,2438,2439,2440,-1,2440,2439,2441,-1,2442,2443,2444,-1,2444,2443,2445,-1,2439,2442,2441,-1,2441,2442,2444,-1,2443,2442,2438,-1,2438,2442,2439,-1,2444,2445,2441,-1,2441,2445,2440,-1,2446,2447,2448,-1,2448,2447,2449,-1,2450,2451,2452,-1,2452,2451,2453,-1,2447,2450,2449,-1,2449,2450,2452,-1,2451,2450,2446,-1,2446,2450,2447,-1,2452,2453,2449,-1,2449,2453,2448,-1,2454,2455,2456,-1,2456,2455,2457,-1,2458,2459,2460,-1,2460,2459,2461,-1,2455,2458,2457,-1,2457,2458,2460,-1,2459,2458,2454,-1,2454,2458,2455,-1,2460,2461,2457,-1,2457,2461,2456,-1,2462,2463,2464,-1,2464,2463,2465,-1,2466,2467,2468,-1,2468,2467,2469,-1,2463,2466,2465,-1,2465,2466,2468,-1,2467,2466,2462,-1,2462,2466,2463,-1,2468,2469,2465,-1,2465,2469,2464,-1,2470,2471,2472,-1,2472,2471,2473,-1,2474,2475,2476,-1,2476,2475,2477,-1,2471,2474,2473,-1,2473,2474,2476,-1,2475,2474,2470,-1,2470,2474,2471,-1,2476,2477,2473,-1,2473,2477,2472,-1,2478,2479,2480,-1,2480,2479,2481,-1,2482,2483,2484,-1,2484,2483,2485,-1,2479,2482,2481,-1,2481,2482,2484,-1,2483,2482,2478,-1,2478,2482,2479,-1,2484,2485,2481,-1,2481,2485,2480,-1,2486,2487,2488,-1,2488,2487,2489,-1,2490,2491,2492,-1,2492,2491,2493,-1,2487,2490,2489,-1,2489,2490,2492,-1,2491,2490,2486,-1,2486,2490,2487,-1,2492,2493,2489,-1,2489,2493,2488,-1,
        ]
    }
}
Shape{
    appearance Appearance {
        material  Material 	{
            diffuseColor 0.25098039215686274 0.25098039215686274 0.25098039215686274
            specularColor 0.12549019607843137 0.12549019607843137 0.12549019607843137
            ambientIntensity 0.251
            transparency 0.0
            shininess 0.5
        }
    }
    geometry IndexedFaceSet {
        ccw TRUE
        solid FALSE
        coord DEF co Coordinate {
            point [
                -1.3386 0.4724 0.0276, -1.3386 0.4724 0.2756, 1.3386 0.4724 0.0276, 1.3386 0.4724 0.2756, -1.6142 -0.1969 0.1575, -1.6142 -0.1969 0.0079, -1.6929 -0.1969 0.1575, -1.6929 -0.1969 0.0079, -1.6929 0.1969 0.1575, -1.6929 0.1969 0.0079, -1.6142 0.1969 0.1575, -1.6142 0.1969 0.0079, -1.4567 -0.1969 0.2362, -1.4567 0.1969 0.2362, -1.6142 -0.1969 0.2362, -1.6142 0.1969 0.2362, 1.6929 -0.1969 0.1575, 1.6929 -0.1969 0.0079, 1.6142 -0.1969 0.1575, 1.6142 -0.1969 0.0079, 1.6142 0.1969 0.1575, 1.6142 0.1969 0.0079, 1.6929 0.1969 0.1575, 1.6929 0.1969 0.0079, 1.6142 0.1969 0.2362, 1.4567 0.1969 0.2362, 1.6142 -0.1969 0.2362, 1.4567 -0.1969 0.2362, 1.4764 -0.3937 0.2756, 1.4567 -0.374 0.2559, 1.1417 -0.3937 0.2756, 1.1417 -0.374 0.2559, 1.4764 -0.1969 0.2756, 1.4567 -0.1969 0.2559, 1.4567 0.374 0.2559, 1.4764 0.3937 0.2756, 1.1417 0.374 0.2559, 1.1417 0.3937 0.2756, 1.4764 0.1969 0.2756, 1.4567 0.1969 0.2559, -1.4764 -0.3937 0.2756, -1.4567 -0.374 0.2559, -1.4764 -0.1969 0.2756, -1.4567 -0.1969 0.2559, -1.1417 -0.3937 0.2756, -1.1417 -0.374 0.2559, -1.4567 0.374 0.2559, -1.4764 0.3937 0.2756, -1.4567 0.1969 0.2559, -1.4764 0.1969 0.2756, -1.1417 0.3937 0.2756, -1.1417 0.374 0.2559, 1.6142 -0.1969 0.2756, 1.6142 -0.4134 0.2756, 1.6142 -0.4134 0.1575, 1.6142 0.4134 0.2756, 1.6142 0.1969 0.2756, 1.6142 0.4134 0.1575, -1.6142 -0.4134 0.2756, -1.6142 -0.1969 0.2756, -1.6142 -0.4134 0.1575, -1.6142 0.1969 0.2756, -1.6142 0.4134 0.2756, -1.6142 0.4134 0.1575, -1.4764 0.4921 0.1575, -1.4764 0.4528 0.1575, -1.4764 0.4921 0.0079, -1.4764 0.4528 0.063, -1.4764 0.4521 0.0579, -1.4764 0.4501 0.0531, -1.4764 0.447 0.0491, -1.4764 0.4429 0.0459, -1.4764 0.3346 0.0433, -1.4764 0.3346 0.0079, -1.4764 0.4331 0.0433, -1.4764 0.4382 0.044, -1.3583 0.4382 0.044, -1.3583 0.4429 0.0459, -1.3583 0.4921 0.0079, -1.3583 0.447 0.0491, -1.3583 0.4501 0.0531, -1.3583 0.4134 0.1575, -1.3583 0.4134 0.2756, -1.3583 0.4528 0.1575, -1.3583 0.4921 0.2756, -1.3583 0.4528 0.063, -1.3583 0.4521 0.0579, -1.3583 0.3346 0.0079, -1.3583 0.3346 0.0433, -1.3583 0.4331 0.0433, 1.3583 -0.4134 0.1575, 1.3583 -0.4134 0.2756, 1.3583 -0.4528 0.1575, 1.3583 -0.4921 0.2756, 1.3583 -0.4528 0.063, 1.3583 -0.4921 0.0079, 1.3583 -0.4521 0.0579, 1.3583 -0.4501 0.0531, 1.3583 -0.4382 0.044, 1.3583 -0.4429 0.0459, 1.3583 -0.447 0.0491, 1.3583 -0.3346 0.0079, 1.3583 -0.3346 0.0433, 1.3583 -0.4331 0.0433, 1.4764 -0.4528 0.1575, 1.4764 -0.4528 0.063, 1.4764 -0.4921 0.1575, 1.4764 -0.4921 0.0079, 1.4764 -0.4521 0.0579, 1.4764 -0.4501 0.0531, 1.4764 -0.447 0.0491, 1.4764 -0.4429 0.0459, 1.4764 -0.3346 0.0433, 1.4764 -0.3346 0.0079, 1.4764 -0.4331 0.0433, 1.4764 -0.4382 0.044, 1.4764 0.4382 0.044, 1.4764 0.4429 0.0459, 1.4764 0.4921 0.0079, 1.4764 0.447 0.0491, 1.4764 0.4501 0.0531, 1.4764 0.4528 0.1575, 1.4764 0.4921 0.1575, 1.4764 0.4528 0.063, 1.4764 0.4521 0.0579, 1.4764 0.3346 0.0079, 1.4764 0.3346 0.0433, 1.4764 0.4331 0.0433, 1.3583 0.4134 0.2756, 1.3583 0.4134 0.1575, 1.3583 0.4921 0.2756, 1.3583 0.4528 0.1575, 1.3583 0.4921 0.0079, 1.3583 0.4528 0.063, 1.3583 0.4521 0.0579, 1.3583 0.4501 0.0531, 1.3583 0.447 0.0491, 1.3583 0.4429 0.0459, 1.3583 0.3346 0.0433, 1.3583 0.3346 0.0079, 1.3583 0.4331 0.0433, 1.3583 0.4382 0.044, -1.4764 -0.4528 0.1575, -1.4764 -0.4921 0.1575, -1.4764 -0.4528 0.063, -1.4764 -0.4921 0.0079, -1.4764 -0.4521 0.0579, -1.4764 -0.4501 0.0531, -1.4764 -0.4382 0.044, -1.4764 -0.4429 0.0459, -1.4764 -0.447 0.0491, -1.4764 -0.3346 0.0079, -1.4764 -0.3346 0.0433, -1.4764 -0.4331 0.0433, -1.3583 -0.4528 0.1575, -1.3583 -0.4528 0.063, -1.3583 -0.4134 0.2756, -1.3583 -0.4134 0.1575, -1.3583 -0.4921 0.2756, -1.3583 -0.4921 0.0079, -1.3583 -0.4521 0.0579, -1.3583 -0.4501 0.0531, -1.3583 -0.447 0.0491, -1.3583 -0.4429 0.0459, -1.3583 -0.3346 0.0433, -1.3583 -0.3346 0.0079, -1.3583 -0.4331 0.0433, -1.3583 -0.4382 0.044, 1.6929 0.4921 0.1575, 1.6929 -0.4921 0.1575, -1.6929 -0.4921 0.1575, -1.6929 0.4921 0.1575
            ]
        }
        coordIndex [
            0,1,2,-1,2,1,3,-1,4,5,6,-1,6,5,7,-1,8,9,10,-1,10,9,11,-1,12,13,14,-1,14,13,15,-1,16,17,18,-1,18,17,19,-1,20,21,22,-1,22,21,23,-1,24,25,26,-1,26,25,27,-1,28,29,30,-1,30,29,31,-1,32,33,28,-1,28,33,29,-1,34,35,36,-1,36,35,37,-1,35,34,38,-1,38,34,39,-1,40,41,42,-1,42,41,43,-1,44,45,40,-1,40,45,41,-1,46,47,48,-1,48,47,49,-1,47,46,50,-1,50,46,51,-1,26,52,53,-1,53,54,26,-1,26,54,18,-1,26,18,24,-1,19,21,20,-1,55,56,57,-1,57,56,24,-1,57,24,20,-1,20,24,18,-1,20,18,19,-1,58,59,60,-1,60,59,14,-1,60,14,4,-1,61,62,15,-1,15,62,63,-1,15,63,10,-1,11,5,10,-1,10,5,4,-1,10,4,15,-1,15,4,14,-1,64,65,66,-1,66,65,67,-1,66,67,68,-1,68,69,66,-1,66,69,70,-1,66,70,71,-1,72,73,74,-1,74,73,66,-1,74,66,75,-1,75,66,71,-1,76,77,78,-1,78,77,79,-1,78,79,80,-1,81,82,83,-1,83,82,84,-1,83,84,85,-1,85,84,78,-1,85,78,86,-1,86,78,80,-1,87,88,78,-1,78,88,89,-1,78,89,76,-1,90,91,92,-1,92,91,93,-1,92,93,94,-1,94,93,95,-1,94,95,96,-1,96,95,97,-1,98,99,95,-1,95,99,100,-1,95,100,97,-1,101,102,95,-1,95,102,103,-1,95,103,98,-1,92,94,104,-1,104,94,105,-1,106,104,107,-1,107,104,105,-1,107,105,108,-1,108,109,107,-1,107,109,110,-1,107,110,111,-1,112,113,114,-1,114,113,107,-1,114,107,115,-1,115,107,111,-1,116,117,118,-1,118,117,119,-1,118,119,120,-1,121,122,123,-1,123,122,118,-1,123,118,124,-1,124,118,120,-1,125,126,118,-1,118,126,127,-1,118,127,116,-1,128,129,130,-1,130,129,131,-1,130,131,132,-1,132,131,133,-1,132,133,134,-1,134,135,132,-1,132,135,136,-1,132,136,137,-1,138,139,140,-1,140,139,132,-1,140,132,141,-1,141,132,137,-1,142,143,144,-1,144,143,145,-1,144,145,146,-1,146,145,147,-1,148,149,145,-1,145,149,150,-1,145,150,147,-1,151,152,145,-1,145,152,153,-1,145,153,148,-1,142,144,154,-1,154,144,155,-1,156,157,158,-1,158,157,154,-1,158,154,159,-1,159,154,155,-1,159,155,160,-1,160,161,159,-1,159,161,162,-1,159,162,163,-1,164,165,166,-1,166,165,159,-1,166,159,167,-1,167,159,163,-1,164,152,165,-1,165,152,151,-1,153,152,166,-1,166,152,164,-1,138,126,139,-1,139,126,125,-1,127,126,140,-1,140,126,138,-1,112,102,113,-1,113,102,101,-1,103,102,114,-1,114,102,112,-1,72,88,73,-1,73,88,87,-1,89,88,74,-1,74,88,72,-1,89,74,75,-1,89,75,76,-1,76,75,71,-1,76,71,77,-1,77,71,70,-1,77,70,79,-1,79,70,69,-1,79,69,80,-1,80,69,68,-1,80,68,86,-1,86,68,67,-1,86,67,85,-1,155,144,146,-1,155,146,160,-1,160,146,147,-1,160,147,161,-1,161,147,150,-1,161,150,162,-1,162,150,149,-1,162,149,163,-1,163,149,148,-1,163,148,167,-1,167,148,153,-1,167,153,166,-1,105,94,96,-1,105,96,108,-1,108,96,97,-1,108,97,109,-1,109,97,100,-1,109,100,110,-1,110,100,99,-1,110,99,111,-1,111,99,98,-1,111,98,115,-1,115,98,103,-1,115,103,114,-1,127,140,141,-1,127,141,116,-1,116,141,137,-1,116,137,117,-1,117,137,136,-1,117,136,119,-1,119,136,135,-1,119,135,120,-1,120,135,134,-1,120,134,124,-1,124,134,133,-1,124,133,123,-1,20,22,57,-1,57,22,168,-1,131,129,121,-1,121,129,57,-1,121,57,122,-1,122,57,168,-1,57,129,55,-1,55,129,128,-1,104,106,169,-1,16,18,169,-1,169,18,54,-1,169,54,104,-1,104,54,90,-1,104,90,92,-1,90,54,91,-1,91,54,53,-1,4,6,60,-1,60,6,170,-1,154,157,142,-1,142,157,60,-1,142,60,143,-1,143,60,170,-1,60,157,58,-1,58,157,156,-1,65,64,171,-1,8,10,171,-1,171,10,63,-1,171,63,65,-1,65,63,81,-1,65,81,83,-1,81,63,82,-1,82,63,62,-1,
        ]
    }
}
Shape{
    appearance Appearance {
        material  Material 	{
            diffuseColor 1.0 1.0 1.0
            specularColor 0.5019607843137255 0.5019607843137255 0.5019607843137255
            ambientIntensity 1.0
            transparency 0.0
            shininess 0.5
        }
    }
    geometry IndexedFaceSet {
        ccw TRUE
        solid FALSE
        coord DEF co Coordinate {
            point [
                -1.0704 -0.4764 0.158, -1.0704 -0.4764 0.1537, -1.0704 -0.4724 0.158, -1.0704 -0.4724 0.1537, -1.0851 -0.4764 0.158, -1.0851 -0.4724 0.158, -1.0851 -0.4764 0.1908, -1.0851 -0.4724 0.1908, -1.0899 -0.4764 0.1908, -1.0899 -0.4724 0.1908, -1.0899 -0.4764 0.1537, -1.0899 -0.4724 0.1537, -1.0411 -0.4724 0.1553, -1.0411 -0.4764 0.1553, -1.0417 -0.4764 0.155, -1.0514 -0.4764 0.1531, -1.0514 -0.4724 0.1531, -1.0457 -0.4724 0.1537, -1.0457 -0.4764 0.1537, -1.0427 -0.4724 0.1546, -1.0417 -0.4724 0.155, -1.0411 -0.4764 0.1599, -1.0411 -0.4724 0.1599, -1.0427 -0.4724 0.1592, -1.0448 -0.4764 0.1582, -1.0448 -0.4724 0.1582, -1.049 -0.4724 0.1574, -1.049 -0.4764 0.1574, -1.0507 -0.4724 0.1574, -1.0507 -0.4764 0.1574, -1.0541 -0.4724 0.1578, -1.0541 -0.4764 0.1578, -1.0568 -0.4724 0.1587, -1.0568 -0.4764 0.1587, -1.0593 -0.4724 0.1604, -1.0593 -0.4764 0.1604, -1.0602 -0.4724 0.1613, -1.0602 -0.4764 0.1613, -1.0621 -0.4724 0.1639, -1.0621 -0.4764 0.1639, -1.0633 -0.4724 0.167, -1.0633 -0.4764 0.167, -1.0638 -0.4724 0.1715, -1.0638 -0.4764 0.1715, -1.0638 -0.4724 0.1719, -1.0638 -0.4764 0.1719, -1.0633 -0.4724 0.1766, -1.0633 -0.4764 0.1766, -1.0621 -0.4724 0.1799, -1.0621 -0.4764 0.1799, -1.0604 -0.4724 0.1825, -1.0604 -0.4764 0.1825, -1.0599 -0.4724 0.183, -1.0599 -0.4764 0.183, -1.0576 -0.4724 0.185, -1.0576 -0.4764 0.185, -1.0547 -0.4724 0.1864, -1.0547 -0.4764 0.1864, -1.0515 -0.4724 0.187, -1.0515 -0.4764 0.187, -1.0498 -0.4724 0.1871, -1.0498 -0.4764 0.1871, -1.0411 -0.4724 0.1849, -1.0411 -0.4764 0.1849, -1.0416 -0.4764 0.1852, -1.0454 -0.4724 0.1866, -1.0454 -0.4764 0.1866, -1.0427 -0.4724 0.1856, -1.0416 -0.4724 0.1852, -1.0411 -0.4764 0.1899, -1.0411 -0.4724 0.1899, -1.0499 -0.4724 0.1914, -1.0499 -0.4764 0.1914, -1.0496 -0.4764 0.1914, -1.0427 -0.4724 0.1904, -1.0448 -0.4764 0.191, -1.0448 -0.4724 0.191, -1.0461 -0.4724 0.1911, -1.0496 -0.4724 0.1914, -1.0528 -0.4724 0.1911, -1.0547 -0.4764 0.1909, -1.0547 -0.4724 0.1909, -1.0587 -0.4724 0.1895, -1.0587 -0.4764 0.1895, -1.0623 -0.4724 0.1871, -1.0623 -0.4764 0.1871, -1.0635 -0.4724 0.186, -1.0635 -0.4764 0.186, -1.0661 -0.4724 0.1826, -1.0661 -0.4764 0.1826, -1.0672 -0.4724 0.1801, -1.0679 -0.4764 0.1785, -1.0679 -0.4724 0.1785, -1.0688 -0.4724 0.1736, -1.0688 -0.4764 0.1736, -1.0689 -0.4724 0.1716, -1.0689 -0.4764 0.1716, -1.0683 -0.4724 0.1664, -1.0683 -0.4764 0.1664, -1.0672 -0.4724 0.1631, -1.067 -0.4764 0.1623, -1.067 -0.4724 0.1623, -1.0649 -0.4724 0.159, -1.0649 -0.4764 0.159, -1.0641 -0.4724 0.1582, -1.0641 -0.4764 0.1582, -1.061 -0.4724 0.1556, -1.061 -0.4764 0.1556, -1.0575 -0.4724 0.154, -1.0575 -0.4764 0.154, -1.0534 -0.4724 0.1532, -1.0534 -0.4764 0.1532, -1.0138 -0.4764 0.158, -1.0138 -0.4764 0.1537, -1.0138 -0.4724 0.158, -1.0138 -0.4724 0.1537, -1.0289 -0.4724 0.158, -1.0289 -0.4764 0.158, -1.0189 -0.4724 0.158, -1.0289 -0.4764 0.1704, -1.0289 -0.4724 0.1704, -1.0156 -0.4764 0.1704, -1.0189 -0.4724 0.1704, -1.0156 -0.4724 0.1704, -1.0156 -0.4764 0.1747, -1.0156 -0.4724 0.1747, -1.0289 -0.4724 0.1747, -1.0289 -0.4764 0.1747, -1.0189 -0.4724 0.1747, -1.0289 -0.4764 0.1865, -1.0289 -0.4724 0.1865, -1.0146 -0.4764 0.1865, -1.0189 -0.4724 0.1865, -1.0146 -0.4724 0.1865, -1.0146 -0.4764 0.1908, -1.0146 -0.4724 0.1908, -1.0337 -0.4724 0.1908, -1.0337 -0.4764 0.1908, -1.0189 -0.4724 0.1908, -1.0337 -0.4764 0.1537, -1.0337 -0.4724 0.1537, -1.0189 -0.4724 0.1537, -0.9846 -0.4764 0.182, -0.9806 -0.4764 0.1844, -0.9857 -0.4764 0.1831, -0.9822 -0.4764 0.1859, -0.9885 -0.4764 0.1849, -0.9858 -0.4764 0.1884, -0.9918 -0.4764 0.1861, -0.9903 -0.4764 0.1901, -0.9964 -0.4764 0.1865, -0.9962 -0.4764 0.1908, -1.002 -0.4764 0.1865, -1.0068 -0.4764 0.1908, -1.002 -0.4764 0.158, -1.0068 -0.4764 0.1537, -0.9966 -0.4764 0.158, -0.9966 -0.4764 0.1537, -0.9918 -0.4764 0.1585, -0.9913 -0.4764 0.1543, -0.9887 -0.4764 0.1596, -0.9868 -0.4764 0.1557, -0.9862 -0.4764 0.1612, -0.9832 -0.4764 0.1581, -0.9856 -0.4764 0.1618, -0.9822 -0.4764 0.1589, -0.9836 -0.4764 0.1643, -0.9794 -0.4764 0.1622, -0.9824 -0.4764 0.1671, -0.9776 -0.4764 0.166, -0.9817 -0.4764 0.1705, -0.9767 -0.4764 0.1703, -0.9816 -0.4764 0.1726, -0.9766 -0.4764 0.1727, -0.9821 -0.4764 0.1771, -0.9771 -0.4764 0.1775, -0.9832 -0.4764 0.1799, -0.9784 -0.4764 0.1811, -0.9966 -0.4724 0.1537, -1.0068 -0.4724 0.1537, -0.9913 -0.4724 0.1543, -0.9868 -0.4724 0.1557, -0.9832 -0.4724 0.1581, -0.9822 -0.4724 0.1589, -0.9794 -0.4724 0.1622, -0.9776 -0.4724 0.166, -0.9767 -0.4724 0.1703, -0.9766 -0.4724 0.1727, -0.9771 -0.4724 0.1775, -0.9784 -0.4724 0.1811, -0.9806 -0.4724 0.1844, -0.9822 -0.4724 0.1859, -0.9858 -0.4724 0.1884, -0.9903 -0.4724 0.1901, -0.9962 -0.4724 0.1908, -1.0068 -0.4724 0.1908, -0.9964 -0.4724 0.1865, -1.002 -0.4724 0.1865, -1.002 -0.4724 0.158, -0.9966 -0.4724 0.158, -0.9856 -0.4724 0.1618, -0.9862 -0.4724 0.1612, -0.9887 -0.4724 0.1596, -0.9918 -0.4724 0.1585, -0.9816 -0.4724 0.1726, -0.9817 -0.4724 0.1705, -0.9824 -0.4724 0.1671, -0.9836 -0.4724 0.1643, -0.9857 -0.4724 0.1831, -0.9846 -0.4724 0.182, -0.9832 -0.4724 0.1799, -0.9821 -0.4724 0.1771, -0.9918 -0.4724 0.1861, -0.9885 -0.4724 0.1849
            ]
        }
        coordIndex [
            0,1,2,-1,2,1,3,-1,4,0,5,-1,5,0,2,-1,6,4,7,-1,7,4,5,-1,8,6,9,-1,9,6,7,-1,10,8,11,-1,11,8,9,-1,1,10,3,-1,3,10,11,-1,6,8,4,-1,4,8,10,-1,4,10,0,-1,0,10,1,-1,12,13,14,-1,15,16,17,-1,15,17,18,-1,18,17,19,-1,18,19,14,-1,14,19,20,-1,14,20,12,-1,21,13,22,-1,22,13,12,-1,21,22,23,-1,21,23,24,-1,23,25,24,-1,24,25,26,-1,24,26,27,-1,27,26,28,-1,27,28,29,-1,29,28,30,-1,29,30,31,-1,31,30,32,-1,31,32,33,-1,33,32,34,-1,33,34,35,-1,35,34,36,-1,35,36,37,-1,37,36,38,-1,37,38,39,-1,39,38,40,-1,39,40,41,-1,41,40,42,-1,41,42,43,-1,43,42,44,-1,43,44,45,-1,45,44,46,-1,45,46,47,-1,47,46,48,-1,47,48,49,-1,49,48,50,-1,49,50,51,-1,51,50,52,-1,51,52,53,-1,53,52,54,-1,53,54,55,-1,55,54,56,-1,55,56,57,-1,57,56,58,-1,57,58,59,-1,59,58,60,-1,59,60,61,-1,62,63,64,-1,61,60,65,-1,61,65,66,-1,66,65,67,-1,66,67,64,-1,64,67,68,-1,64,68,62,-1,69,63,70,-1,70,63,62,-1,71,72,73,-1,69,70,74,-1,69,74,75,-1,74,76,75,-1,75,76,77,-1,75,77,73,-1,73,77,78,-1,73,78,71,-1,71,79,72,-1,72,79,80,-1,79,81,80,-1,80,81,82,-1,80,82,83,-1,83,82,84,-1,83,84,85,-1,85,84,86,-1,85,86,87,-1,87,86,88,-1,87,88,89,-1,89,88,90,-1,89,90,91,-1,90,92,91,-1,91,92,93,-1,91,93,94,-1,94,93,95,-1,94,95,96,-1,96,95,97,-1,96,97,98,-1,98,97,99,-1,98,99,100,-1,99,101,100,-1,100,101,102,-1,100,102,103,-1,103,102,104,-1,103,104,105,-1,105,104,106,-1,105,106,107,-1,107,106,108,-1,107,108,109,-1,109,108,110,-1,109,110,111,-1,111,110,16,-1,111,16,15,-1,64,63,69,-1,39,41,98,-1,98,41,96,-1,64,69,66,-1,66,69,75,-1,66,75,61,-1,61,75,73,-1,61,73,59,-1,59,73,72,-1,59,72,57,-1,57,72,80,-1,57,80,55,-1,41,43,96,-1,96,43,45,-1,96,45,94,-1,94,45,47,-1,94,47,91,-1,87,53,85,-1,85,53,55,-1,85,55,83,-1,83,55,80,-1,98,100,39,-1,39,100,103,-1,39,103,37,-1,37,103,105,-1,37,105,35,-1,35,105,107,-1,35,107,33,-1,33,107,109,-1,33,109,31,-1,31,109,111,-1,31,111,29,-1,29,111,15,-1,29,15,27,-1,27,15,18,-1,27,18,24,-1,24,18,14,-1,24,14,21,-1,21,14,13,-1,91,47,89,-1,89,47,49,-1,89,49,87,-1,87,49,51,-1,87,51,53,-1,112,113,114,-1,114,113,115,-1,116,117,118,-1,118,117,112,-1,118,112,114,-1,119,117,120,-1,120,117,116,-1,119,120,121,-1,121,120,122,-1,121,122,123,-1,124,121,125,-1,125,121,123,-1,126,127,128,-1,128,127,124,-1,128,124,125,-1,129,127,130,-1,130,127,126,-1,129,130,131,-1,131,130,132,-1,131,132,133,-1,134,131,135,-1,135,131,133,-1,136,137,138,-1,138,137,134,-1,138,134,135,-1,139,137,140,-1,140,137,136,-1,139,140,113,-1,113,140,141,-1,113,141,115,-1,139,113,112,-1,112,117,139,-1,139,117,119,-1,139,119,137,-1,131,134,129,-1,129,134,137,-1,129,137,127,-1,127,137,119,-1,127,119,124,-1,124,119,121,-1,142,143,144,-1,144,143,145,-1,144,145,146,-1,146,145,147,-1,146,147,148,-1,148,147,149,-1,148,149,150,-1,150,149,151,-1,150,151,152,-1,152,151,153,-1,152,153,154,-1,154,153,155,-1,154,155,156,-1,156,155,157,-1,156,157,158,-1,158,157,159,-1,158,159,160,-1,160,159,161,-1,160,161,162,-1,162,161,163,-1,162,163,164,-1,164,163,165,-1,164,165,166,-1,166,165,167,-1,166,167,168,-1,168,167,169,-1,168,169,170,-1,170,169,171,-1,170,171,172,-1,172,171,173,-1,172,173,174,-1,174,173,175,-1,174,175,176,-1,176,175,177,-1,176,177,142,-1,142,177,143,-1,157,155,178,-1,178,155,179,-1,157,178,180,-1,157,180,159,-1,159,180,181,-1,159,181,161,-1,161,181,182,-1,161,182,163,-1,163,182,183,-1,163,183,165,-1,165,183,184,-1,165,184,167,-1,167,184,185,-1,167,185,169,-1,169,185,186,-1,169,186,171,-1,171,186,187,-1,171,187,173,-1,173,187,188,-1,173,188,175,-1,175,188,189,-1,175,189,177,-1,177,189,190,-1,177,190,143,-1,143,190,191,-1,143,191,145,-1,145,191,192,-1,145,192,147,-1,147,192,193,-1,147,193,149,-1,149,193,194,-1,149,194,151,-1,153,151,195,-1,195,151,194,-1,155,153,179,-1,179,153,195,-1,150,152,196,-1,196,152,197,-1,152,154,197,-1,197,154,198,-1,154,156,198,-1,198,156,199,-1,164,200,201,-1,164,201,162,-1,162,201,202,-1,162,202,160,-1,160,202,203,-1,160,203,158,-1,158,203,199,-1,158,199,156,-1,172,204,205,-1,172,205,170,-1,170,205,206,-1,170,206,168,-1,168,206,207,-1,168,207,166,-1,166,207,200,-1,166,200,164,-1,144,208,209,-1,144,209,142,-1,142,209,210,-1,142,210,176,-1,176,210,211,-1,176,211,174,-1,174,211,204,-1,174,204,172,-1,150,196,212,-1,150,212,148,-1,148,212,213,-1,148,213,146,-1,146,213,208,-1,146,208,144,-1,
        ]
    }
}
Shape{
    appearance Appearance {
        material  Material 	{
            diffuseColor 0.25098039215686274 0.25098039215686274 0.25098039215686274
            specularColor 0.12549019607843137 0.12549019607843137 0.12549019607843137
            ambientIntensity 0.251
            transparency 0.0
            shininess 0.5
        }
    }
    geometry IndexedFaceSet {
        ccw TRUE
        solid FALSE
        coord DEF co Coordinate {
            point [
                -1.002 -0.4724 0.1865, -1.002 -0.4724 0.158, -0.9964 -0.4724 0.1865, -0.9966 -0.4724 0.158, -0.9862 -0.4724 0.1612, -0.9856 -0.4724 0.1618, -0.9918 -0.4724 0.1585, -0.9887 -0.4724 0.1596, -0.9836 -0.4724 0.1643, -0.9824 -0.4724 0.1671, -0.9817 -0.4724 0.1705, -0.9816 -0.4724 0.1726, -0.9821 -0.4724 0.1771, -0.9832 -0.4724 0.1799, -0.9846 -0.4724 0.182, -0.9857 -0.4724 0.1831, -0.9918 -0.4724 0.1861, -0.9885 -0.4724 0.1849
            ]
        }
        coordIndex [
            0,1,2,-1,2,1,3,-1,2,4,5,-1,3,6,2,-1,2,6,7,-1,2,7,4,-1,5,8,2,-1,2,8,9,-1,2,9,10,-1,10,11,2,-1,2,11,12,-1,2,12,13,-1,13,14,2,-1,2,14,15,-1,2,15,16,-1,16,15,17,-1,
        ]
    }
}
Shape{
    appearance Appearance {
        material  Material 	{
            diffuseColor 1.0 1.0 1.0
            specularColor 0.5019607843137255 0.5019607843137255 0.5019607843137255
            ambientIntensity 1.0
            transparency 0.0
            shininess 0.5
        }
    }
    geometry IndexedFaceSet {
        ccw TRUE
        solid FALSE
        coord DEF co Coordinate {
            point [
                -0.9641 -0.4764 0.1681, -0.9657 -0.4764 0.1639, -0.9517 -0.4764 0.1681, -0.9502 -0.4764 0.1639, -0.9586 -0.4764 0.1835, -0.9604 -0.4764 0.1908, -0.9745 -0.4764 0.1537, -0.9692 -0.4764 0.1537, -0.9583 -0.4764 0.1846, -0.958 -0.4764 0.1861, -0.9553 -0.4764 0.1908, -0.9579 -0.4764 0.1861, -0.9576 -0.4764 0.1845, -0.9573 -0.4764 0.1835, -0.9412 -0.4764 0.1537, -0.9464 -0.4764 0.1537, -0.9553 -0.4724 0.1908, -0.9412 -0.4724 0.1537, -0.9604 -0.4724 0.1908, -0.9745 -0.4724 0.1537, -0.9638 -0.4724 0.1818, -0.9692 -0.4724 0.1537, -0.9657 -0.4724 0.1639, -0.9502 -0.4724 0.1639, -0.9638 -0.4724 0.1639, -0.9464 -0.4724 0.1537, -0.9641 -0.4724 0.1681, -0.9517 -0.4724 0.1681, -0.9573 -0.4724 0.1835, -0.9579 -0.4724 0.1861, -0.9576 -0.4724 0.1845, -0.958 -0.4724 0.1861, -0.9586 -0.4724 0.1835, -0.9583 -0.4724 0.1846
            ]
        }
        coordIndex [
            0,1,2,-1,2,1,3,-1,4,5,0,-1,0,5,6,-1,0,6,1,-1,1,6,7,-1,4,8,5,-1,5,8,9,-1,5,9,10,-1,10,9,11,-1,10,11,12,-1,12,13,10,-1,10,13,2,-1,10,2,14,-1,14,2,3,-1,14,3,15,-1,10,14,16,-1,16,14,17,-1,5,10,18,-1,18,10,16,-1,19,6,20,-1,20,6,5,-1,20,5,18,-1,7,6,21,-1,21,6,19,-1,1,7,22,-1,22,7,21,-1,23,3,24,-1,24,3,1,-1,24,1,22,-1,15,3,25,-1,25,3,23,-1,14,15,17,-1,17,15,25,-1,0,2,26,-1,26,2,27,-1,2,13,27,-1,27,13,28,-1,11,29,30,-1,11,30,12,-1,12,30,28,-1,12,28,13,-1,11,9,29,-1,29,9,31,-1,4,32,33,-1,4,33,8,-1,8,33,31,-1,8,31,9,-1,4,0,32,-1,32,0,26,-1,
        ]
    }
}
Shape{
    appearance Appearance {
        material  Material 	{
            diffuseColor 0.25098039215686274 0.25098039215686274 0.25098039215686274
            specularColor 0.12549019607843137 0.12549019607843137 0.12549019607843137
            ambientIntensity 0.251
            transparency 0.0
            shininess 0.5
        }
    }
    geometry IndexedFaceSet {
        ccw TRUE
        solid FALSE
        coord DEF co Coordinate {
            point [
                -0.9579 -0.4724 0.1861, -0.958 -0.4724 0.1861, -0.9576 -0.4724 0.1845, -0.9583 -0.4724 0.1846, -0.9573 -0.4724 0.1835, -0.9586 -0.4724 0.1835, -0.9517 -0.4724 0.1681, -0.9641 -0.4724 0.1681
            ]
        }
        coordIndex [
            0,1,2,-1,2,1,3,-1,2,3,4,-1,4,3,5,-1,4,5,6,-1,6,5,7,-1,
        ]
    }
}
Shape{
    appearance Appearance {
        material  Material 	{
            diffuseColor 1.0 1.0 1.0
            specularColor 0.5019607843137255 0.5019607843137255 0.5019607843137255
            ambientIntensity 1.0
            transparency 0.0
            shininess 0.5
        }
    }
    geometry IndexedFaceSet {
        ccw TRUE
        solid FALSE
        coord DEF co Coordinate {
            point [
                -1.07 -0.4764 0.0992, -1.07 -0.4764 0.0949, -1.07 -0.4724 0.0992, -1.07 -0.4724 0.0949, -1.0851 -0.4764 0.0992, -1.0851 -0.4724 0.0992, -1.0851 -0.4764 0.1116, -1.0851 -0.4724 0.1116, -1.0719 -0.4764 0.1116, -1.0719 -0.4724 0.1116, -1.0719 -0.4764 0.1159, -1.0719 -0.4724 0.1159, -1.0851 -0.4764 0.1159, -1.0851 -0.4724 0.1159, -1.0851 -0.4764 0.1277, -1.0851 -0.4724 0.1277, -1.0708 -0.4764 0.1277, -1.0708 -0.4724 0.1277, -1.0708 -0.4764 0.132, -1.0708 -0.4724 0.132, -1.0899 -0.4764 0.132, -1.0899 -0.4724 0.132, -1.0899 -0.4764 0.0949, -1.0899 -0.4724 0.0949, -1.0603 -0.4764 0.1098, -1.0589 -0.4764 0.1063, -1.0577 -0.4764 0.1068, -1.049 -0.4764 0.099, -1.0489 -0.4764 0.099, -1.0492 -0.4764 0.1033, -1.0489 -0.4764 0.1054, -1.0443 -0.4764 0.112, -1.0489 -0.4764 0.1057, -1.0489 -0.4764 0.1082, -1.0489 -0.4764 0.0949, -1.0443 -0.4764 0.0949, -1.0568 -0.4764 0.1107, -1.0551 -0.4764 0.1074, -1.0489 -0.4764 0.1118, -1.0491 -0.4764 0.1138, -1.0446 -0.4764 0.1155, -1.0496 -0.4764 0.1155, -1.0454 -0.4764 0.1176, -1.0501 -0.4764 0.1164, -1.0463 -0.4764 0.1191, -1.0508 -0.4764 0.1172, -1.0476 -0.4764 0.1203, -1.0516 -0.4764 0.1177, -1.0491 -0.4764 0.1212, -1.0527 -0.4764 0.1181, -1.0511 -0.4764 0.1218, -1.0543 -0.4764 0.1182, -1.0538 -0.4764 0.122, -1.0571 -0.4764 0.1179, -1.0584 -0.4764 0.1215, -1.06 -0.4764 0.1169, -1.0618 -0.4764 0.1202, -1.063 -0.4764 0.115, -1.063 -0.4764 0.1195, -1.0499 -0.4764 0.1016, -1.0509 -0.4764 0.1003, -1.0498 -0.4764 0.0979, -1.0515 -0.4764 0.0997, -1.0512 -0.4764 0.0963, -1.0528 -0.4764 0.0988, -1.0529 -0.4764 0.0953, -1.0542 -0.4764 0.0983, -1.0548 -0.4764 0.0946, -1.0559 -0.4764 0.0981, -1.0572 -0.4764 0.0943, -1.0575 -0.4764 0.0983, -1.0599 -0.4764 0.0946, -1.0586 -0.4764 0.0987, -1.0617 -0.4764 0.0953, -1.0595 -0.4764 0.0993, -1.0633 -0.4764 0.0964, -1.0599 -0.4764 0.0997, -1.0596 -0.4764 0.1058, -1.0622 -0.4764 0.1088, -1.0602 -0.4764 0.1051, -1.0637 -0.4764 0.1076, -1.0606 -0.4764 0.1042, -1.0646 -0.4764 0.1062, -1.0608 -0.4764 0.1031, -1.0652 -0.4764 0.1046, -1.0655 -0.4764 0.1026, -1.0608 -0.4764 0.1024, -1.0655 -0.4764 0.102, -1.0607 -0.4764 0.1013, -1.0653 -0.4764 0.0999, -1.0604 -0.4764 0.1005, -1.0648 -0.4764 0.0983, -1.0638 -0.4764 0.0969, -1.0538 -0.4724 0.122, -1.0584 -0.4724 0.1215, -1.0618 -0.4724 0.1202, -1.063 -0.4724 0.1195, -1.063 -0.4724 0.115, -1.06 -0.4724 0.1169, -1.0571 -0.4724 0.1179, -1.0543 -0.4724 0.1182, -1.0527 -0.4724 0.1181, -1.0516 -0.4724 0.1177, -1.0508 -0.4724 0.1172, -1.0501 -0.4724 0.1164, -1.0496 -0.4724 0.1155, -1.0491 -0.4724 0.1138, -1.0489 -0.4724 0.1118, -1.0568 -0.4724 0.1107, -1.0603 -0.4724 0.1098, -1.0622 -0.4724 0.1088, -1.0637 -0.4724 0.1076, -1.0646 -0.4724 0.1062, -1.0652 -0.4724 0.1046, -1.0655 -0.4724 0.1026, -1.0655 -0.4724 0.102, -1.0653 -0.4724 0.0999, -1.0648 -0.4724 0.0983, -1.0638 -0.4724 0.0969, -1.0633 -0.4724 0.0964, -1.0572 -0.4724 0.0943, -1.0598 -0.4724 0.0946, -1.0599 -0.4724 0.0946, -1.0617 -0.4724 0.0953, -1.0548 -0.4724 0.0946, -1.0546 -0.4724 0.0946, -1.0529 -0.4724 0.0953, -1.0512 -0.4724 0.0963, -1.0498 -0.4724 0.0979, -1.049 -0.4724 0.099, -1.0489 -0.4724 0.099, -1.0489 -0.4724 0.0949, -1.0443 -0.4724 0.0949, -1.0443 -0.4724 0.112, -1.0446 -0.4724 0.1155, -1.0454 -0.4724 0.1176, -1.0463 -0.4724 0.1191, -1.0476 -0.4724 0.1203, -1.0491 -0.4724 0.1212, -1.0511 -0.4724 0.1218, -1.0596 -0.4724 0.1058, -1.0589 -0.4724 0.1063, -1.0577 -0.4724 0.1068, -1.0551 -0.4724 0.1074, -1.0608 -0.4724 0.1024, -1.0608 -0.4724 0.1031, -1.0606 -0.4724 0.1042, -1.0602 -0.4724 0.1051, -1.0595 -0.4724 0.0993, -1.0599 -0.4724 0.0997, -1.0604 -0.4724 0.1005, -1.0607 -0.4724 0.1013, -1.0559 -0.4724 0.0981, -1.0575 -0.4724 0.0983, -1.0586 -0.4724 0.0987, -1.0509 -0.4724 0.1003, -1.0515 -0.4724 0.0997, -1.0528 -0.4724 0.0988, -1.0542 -0.4724 0.0983, -1.0489 -0.4724 0.1057, -1.0489 -0.4724 0.1054, -1.0492 -0.4724 0.1033, -1.0499 -0.4724 0.1016, -1.0489 -0.4724 0.1082
            ]
        }
        coordIndex [
            0,1,2,-1,2,1,3,-1,4,0,5,-1,5,0,2,-1,6,4,7,-1,7,4,5,-1,8,6,9,-1,9,6,7,-1,10,8,11,-1,11,8,9,-1,12,10,13,-1,13,10,11,-1,14,12,15,-1,15,12,13,-1,16,14,17,-1,17,14,15,-1,18,16,19,-1,19,16,17,-1,20,18,21,-1,21,18,19,-1,22,20,23,-1,23,20,21,-1,1,22,3,-1,3,22,23,-1,22,1,0,-1,0,4,22,-1,22,4,6,-1,22,6,20,-1,16,18,14,-1,14,18,20,-1,14,20,12,-1,12,20,6,-1,12,6,10,-1,10,6,8,-1,24,25,26,-1,27,28,29,-1,30,31,32,-1,32,31,33,-1,34,35,28,-1,28,35,31,-1,28,31,29,-1,29,31,30,-1,24,26,36,-1,36,26,37,-1,36,37,38,-1,37,33,38,-1,38,33,31,-1,38,31,39,-1,39,31,40,-1,39,40,41,-1,41,40,42,-1,41,42,43,-1,43,42,44,-1,43,44,45,-1,45,44,46,-1,45,46,47,-1,47,46,48,-1,47,48,49,-1,49,48,50,-1,49,50,51,-1,51,50,52,-1,51,52,53,-1,53,52,54,-1,53,54,55,-1,55,54,56,-1,55,56,57,-1,57,56,58,-1,29,59,27,-1,27,59,60,-1,27,60,61,-1,61,60,62,-1,61,62,63,-1,63,62,64,-1,63,64,65,-1,65,64,66,-1,65,66,67,-1,67,66,68,-1,67,68,69,-1,69,68,70,-1,69,70,71,-1,71,70,72,-1,71,72,73,-1,73,72,74,-1,73,74,75,-1,75,74,76,-1,25,24,77,-1,77,24,78,-1,77,78,79,-1,79,78,80,-1,79,80,81,-1,81,80,82,-1,81,82,83,-1,82,84,83,-1,83,84,85,-1,83,85,86,-1,86,85,87,-1,86,87,88,-1,88,87,89,-1,88,89,90,-1,90,89,91,-1,90,91,76,-1,76,91,92,-1,76,92,75,-1,52,93,94,-1,52,94,54,-1,54,94,95,-1,54,95,56,-1,56,95,96,-1,56,96,58,-1,57,58,97,-1,97,58,96,-1,57,97,98,-1,57,98,55,-1,55,98,99,-1,55,99,53,-1,53,99,100,-1,53,100,51,-1,51,100,101,-1,51,101,49,-1,49,101,102,-1,49,102,47,-1,47,102,103,-1,47,103,45,-1,45,103,104,-1,45,104,43,-1,43,104,105,-1,43,105,41,-1,41,105,106,-1,41,106,39,-1,39,106,107,-1,39,107,38,-1,36,38,108,-1,108,38,107,-1,36,108,109,-1,36,109,24,-1,24,109,110,-1,24,110,78,-1,78,110,111,-1,78,111,80,-1,80,111,112,-1,80,112,82,-1,82,112,113,-1,82,113,84,-1,84,113,114,-1,84,114,85,-1,85,114,115,-1,85,115,87,-1,87,115,116,-1,87,116,89,-1,89,116,117,-1,89,117,91,-1,91,117,118,-1,91,118,92,-1,92,118,119,-1,92,119,75,-1,120,69,121,-1,121,69,71,-1,121,71,122,-1,122,71,73,-1,122,73,123,-1,123,73,75,-1,123,75,119,-1,69,120,124,-1,69,124,67,-1,67,124,125,-1,67,125,65,-1,125,126,65,-1,65,126,127,-1,65,127,63,-1,63,127,128,-1,63,128,61,-1,61,128,129,-1,61,129,27,-1,28,27,130,-1,130,27,129,-1,34,28,131,-1,131,28,130,-1,35,34,132,-1,132,34,131,-1,31,35,133,-1,133,35,132,-1,31,133,134,-1,31,134,40,-1,40,134,135,-1,40,135,42,-1,42,135,136,-1,42,136,44,-1,44,136,137,-1,44,137,46,-1,46,137,138,-1,46,138,48,-1,48,138,139,-1,48,139,50,-1,50,139,93,-1,50,93,52,-1,77,140,141,-1,77,141,25,-1,25,141,142,-1,25,142,26,-1,26,142,143,-1,26,143,37,-1,86,144,145,-1,86,145,83,-1,83,145,146,-1,83,146,81,-1,81,146,147,-1,81,147,79,-1,79,147,140,-1,79,140,77,-1,74,148,149,-1,74,149,76,-1,76,149,150,-1,76,150,90,-1,90,150,151,-1,90,151,88,-1,88,151,144,-1,88,144,86,-1,68,152,153,-1,68,153,70,-1,70,153,154,-1,70,154,72,-1,72,154,148,-1,72,148,74,-1,60,155,156,-1,60,156,62,-1,62,156,157,-1,62,157,64,-1,64,157,158,-1,64,158,66,-1,66,158,152,-1,66,152,68,-1,32,159,160,-1,32,160,30,-1,30,160,161,-1,30,161,29,-1,29,161,162,-1,29,162,59,-1,59,162,155,-1,59,155,60,-1,32,33,159,-1,159,33,163,-1,33,37,163,-1,163,37,143,-1,
        ]
    }
}
Shape{
    appearance Appearance {
        material  Material 	{
            diffuseColor 0.25098039215686274 0.25098039215686274 0.25098039215686274
            specularColor 0.12549019607843137 0.12549019607843137 0.12549019607843137
            ambientIntensity 0.251
            transparency 0.0
            shininess 0.5
        }
    }
    geometry IndexedFaceSet {
        ccw TRUE
        solid FALSE
        coord DEF co Coordinate {
            point [
                -1.0489 -0.4724 0.1082, -1.0551 -0.4724 0.1074, -1.0489 -0.4724 0.1057, -1.0577 -0.4724 0.1068, -1.0589 -0.4724 0.1063, -1.0596 -0.4724 0.1058, -1.0489 -0.4724 0.1054, -1.0492 -0.4724 0.1033, -1.0602 -0.4724 0.1051, -1.0499 -0.4724 0.1016, -1.0599 -0.4724 0.0997, -1.0595 -0.4724 0.0993, -1.0515 -0.4724 0.0997, -1.0604 -0.4724 0.1005, -1.0528 -0.4724 0.0988, -1.0542 -0.4724 0.0983, -1.0559 -0.4724 0.0981, -1.0606 -0.4724 0.1042, -1.0608 -0.4724 0.1031, -1.0509 -0.4724 0.1003, -1.0608 -0.4724 0.1024, -1.0607 -0.4724 0.1013, -1.0586 -0.4724 0.0987, -1.0575 -0.4724 0.0983
            ]
        }
        coordIndex [
            0,1,2,-1,2,1,3,-1,3,4,2,-1,2,4,5,-1,2,5,6,-1,6,5,7,-1,7,5,8,-1,7,8,9,-1,10,11,12,-1,10,12,13,-1,14,12,15,-1,15,12,16,-1,8,17,9,-1,9,17,18,-1,9,18,19,-1,19,18,20,-1,19,20,12,-1,12,20,21,-1,12,21,13,-1,11,22,12,-1,12,22,23,-1,12,23,16,-1,
        ]
    }
}
Shape{
    appearance Appearance {
        material  Material 	{
            diffuseColor 1.0 1.0 1.0
            specularColor 0.5019607843137255 0.5019607843137255 0.5019607843137255
            ambientIntensity 1.0
            transparency 0.0
            shininess 0.5
        }
    }
    geometry IndexedFaceSet {
        ccw TRUE
        solid FALSE
        coord DEF co Coordinate {
            point [
                -1.038 -0.4724 0.1007, -1.038 -0.4764 0.1007, -1.0362 -0.4764 0.0995, -1.0303 -0.4764 0.0981, -1.0303 -0.4724 0.0981, -1.0333 -0.4724 0.0984, -1.0333 -0.4764 0.0984, -1.0358 -0.4724 0.0994, -1.0362 -0.4724 0.0995, -1.038 -0.4764 0.0959, -1.038 -0.4724 0.0959, -1.0358 -0.4724 0.0951, -1.0347 -0.4764 0.0947, -1.0308 -0.4724 0.0943, -1.0308 -0.4764 0.0943, -1.0339 -0.4724 0.0946, -1.0347 -0.4724 0.0947, -1.0279 -0.4724 0.0946, -1.0269 -0.4764 0.0947, -1.0269 -0.4724 0.0947, -1.0244 -0.4724 0.0956, -1.0244 -0.4764 0.0956, -1.0231 -0.4724 0.0964, -1.0231 -0.4764 0.0964, -1.0218 -0.4724 0.0976, -1.0218 -0.4764 0.0976, -1.0209 -0.4724 0.0988, -1.0209 -0.4764 0.0988, -1.0203 -0.4724 0.1003, -1.0203 -0.4764 0.1003, -1.0201 -0.4724 0.1021, -1.0201 -0.4764 0.1021, -1.0203 -0.4724 0.1039, -1.0203 -0.4764 0.1039, -1.0208 -0.4724 0.1052, -1.0208 -0.4764 0.1052, -1.0217 -0.4724 0.1065, -1.0217 -0.4764 0.1065, -1.0228 -0.4724 0.1075, -1.0228 -0.4764 0.1075, -1.0258 -0.4724 0.1092, -1.0258 -0.4764 0.1092, -1.0276 -0.4724 0.1099, -1.0276 -0.4764 0.1099, -1.0305 -0.4724 0.1112, -1.0305 -0.4764 0.1112, -1.0322 -0.4724 0.1122, -1.0322 -0.4764 0.1122, -1.0326 -0.4724 0.1127, -1.0326 -0.4764 0.1127, -1.0329 -0.4724 0.1133, -1.0329 -0.4764 0.1133, -1.0331 -0.4724 0.1141, -1.0331 -0.4764 0.1141, -1.0332 -0.4724 0.1147, -1.0332 -0.4764 0.1147, -1.0331 -0.4724 0.1154, -1.0331 -0.4764 0.1154, -1.0329 -0.4724 0.116, -1.0329 -0.4764 0.116, -1.0325 -0.4724 0.1166, -1.0325 -0.4764 0.1166, -1.0318 -0.4724 0.1173, -1.0318 -0.4764 0.1173, -1.0307 -0.4724 0.1178, -1.0307 -0.4764 0.1178, -1.0295 -0.4724 0.1181, -1.0295 -0.4764 0.1181, -1.0281 -0.4724 0.1182, -1.0281 -0.4764 0.1182, -1.0251 -0.4724 0.1179, -1.0251 -0.4764 0.1179, -1.0224 -0.4724 0.1169, -1.0224 -0.4764 0.1169, -1.0214 -0.4724 0.1163, -1.0214 -0.4764 0.1163, -1.0214 -0.4764 0.1208, -1.0214 -0.4724 0.1208, -1.0251 -0.4724 0.1218, -1.0251 -0.4764 0.1218, -1.0276 -0.4724 0.122, -1.0276 -0.4764 0.122, -1.0311 -0.4724 0.1216, -1.0311 -0.4764 0.1216, -1.0336 -0.4724 0.1207, -1.0336 -0.4764 0.1207, -1.035 -0.4724 0.1199, -1.035 -0.4764 0.1199, -1.0358 -0.4724 0.1191, -1.0364 -0.4764 0.1187, -1.0364 -0.4724 0.1187, -1.0372 -0.4724 0.1174, -1.0372 -0.4764 0.1174, -1.0378 -0.4724 0.1159, -1.0378 -0.4764 0.1159, -1.038 -0.4724 0.1143, -1.038 -0.4764 0.1143, -1.0378 -0.4724 0.1125, -1.0378 -0.4764 0.1125, -1.0372 -0.4724 0.111, -1.0372 -0.4764 0.111, -1.0366 -0.4724 0.1101, -1.0366 -0.4764 0.1101, -1.0309 -0.4724 0.1066, -1.0309 -0.4764 0.1066, -1.0337 -0.4764 0.1078, -1.0359 -0.4724 0.1093, -1.0359 -0.4764 0.1093, -1.0358 -0.4724 0.1093, -1.0337 -0.4724 0.1078, -1.0279 -0.4724 0.1053, -1.0279 -0.4764 0.1053, -1.0261 -0.4724 0.1042, -1.0261 -0.4764 0.1042, -1.0255 -0.4724 0.1036, -1.0255 -0.4764 0.1036, -1.0251 -0.4724 0.103, -1.0251 -0.4764 0.103, -1.0249 -0.4724 0.1023, -1.0249 -0.4764 0.1023, -1.0249 -0.4724 0.1017, -1.0249 -0.4764 0.1017, -1.025 -0.4724 0.1008, -1.025 -0.4764 0.1008, -1.0252 -0.4724 0.1001, -1.0252 -0.4764 0.1001, -1.0256 -0.4724 0.0995, -1.0256 -0.4764 0.0995, -1.0261 -0.4724 0.0991, -1.0261 -0.4764 0.0991, -1.0266 -0.4724 0.0988, -1.0266 -0.4764 0.0988, -1.0278 -0.4724 0.0984, -1.0278 -0.4764 0.0984, -1.0301 -0.4724 0.0981, -1.0301 -0.4764 0.0981, -0.9971 -0.4764 0.1214, -0.9923 -0.4764 0.1214, -0.9971 -0.4724 0.1214, -0.9923 -0.4724 0.1214, -1.0043 -0.4764 0.1015, -1.0043 -0.4724 0.1015, -1.0047 -0.4724 0.1002, -1.0047 -0.4764 0.1002, -1.0049 -0.4724 0.0993, -1.0049 -0.4764 0.0993, -1.005 -0.4764 0.0993, -1.005 -0.4724 0.0993, -1.0056 -0.4764 0.1015, -1.0056 -0.4724 0.1015, -1.0125 -0.4764 0.1214, -1.0103 -0.4724 0.115, -1.0125 -0.4724 0.1214, -1.0177 -0.4764 0.1214, -1.0177 -0.4724 0.1214, -1.0073 -0.4764 0.095, -1.0103 -0.4724 0.1025, -1.0073 -0.4724 0.095, -1.0093 -0.4724 0.0902, -1.0093 -0.4764 0.0902, -1.0075 -0.4724 0.0946, -1.0102 -0.4724 0.0885, -1.0103 -0.4724 0.0885, -1.0111 -0.4764 0.0875, -1.0102 -0.4764 0.0885, -1.0111 -0.4724 0.0875, -1.012 -0.4724 0.0869, -1.012 -0.4764 0.0869, -1.013 -0.4724 0.0866, -1.013 -0.4764 0.0866, -1.0141 -0.4724 0.0864, -1.0141 -0.4764 0.0864, -1.0158 -0.4724 0.0867, -1.0158 -0.4764 0.0867, -1.0167 -0.4724 0.087, -1.0167 -0.4764 0.087, -1.0167 -0.4764 0.0828, -1.0167 -0.4724 0.0828, -1.0148 -0.4724 0.0825, -1.0148 -0.4764 0.0825, -1.0137 -0.4724 0.0825, -1.0137 -0.4764 0.0825, -1.0119 -0.4724 0.0827, -1.0119 -0.4764 0.0827, -1.0103 -0.4724 0.0833, -1.01 -0.4764 0.0834, -1.01 -0.4724 0.0834, -1.0084 -0.4724 0.0845, -1.0084 -0.4764 0.0845, -1.0081 -0.4724 0.0848, -1.0081 -0.4764 0.0848, -1.0064 -0.4724 0.0868, -1.0064 -0.4764 0.0868, -1.0043 -0.4724 0.0909, -1.0043 -0.4764 0.0909, -1.0028 -0.4724 0.0946, -0.9673 -0.4764 0.0992, -0.9673 -0.4764 0.0949, -0.9673 -0.4724 0.0992, -0.9673 -0.4724 0.0949, -0.9825 -0.4764 0.0992, -0.9755 -0.4724 0.0992, -0.9825 -0.4724 0.0992, -0.9825 -0.4764 0.1116, -0.9825 -0.4724 0.1116, -0.9692 -0.4764 0.1116, -0.9755 -0.4724 0.1116, -0.9692 -0.4724 0.1116, -0.9692 -0.4764 0.1159, -0.9692 -0.4724 0.1159, -0.9825 -0.4724 0.1159, -0.9825 -0.4764 0.1159, -0.9755 -0.4724 0.1159, -0.9825 -0.4764 0.1277, -0.9825 -0.4724 0.1277, -0.9682 -0.4724 0.1277, -0.9682 -0.4764 0.1277, -0.9755 -0.4724 0.1277, -0.9682 -0.4764 0.132, -0.9682 -0.4724 0.132, -0.9873 -0.4724 0.132, -0.9873 -0.4764 0.132, -0.9755 -0.4724 0.132, -0.9873 -0.4764 0.0949, -0.9873 -0.4724 0.0949, -0.9755 -0.4724 0.0949, -0.9382 -0.4764 0.1232, -0.9342 -0.4764 0.1256, -0.9392 -0.4764 0.1242, -0.9357 -0.4764 0.1271, -0.9421 -0.4764 0.1261, -0.9394 -0.4764 0.1296, -0.9453 -0.4764 0.1272, -0.9438 -0.4764 0.1313, -0.9499 -0.4764 0.1277, -0.9498 -0.4764 0.132, -0.9555 -0.4764 0.1277, -0.9603 -0.4764 0.132, -0.9555 -0.4764 0.0992, -0.9603 -0.4764 0.0949, -0.9502 -0.4764 0.0992, -0.9501 -0.4764 0.0949, -0.9454 -0.4764 0.0997, -0.9448 -0.4764 0.0955, -0.9422 -0.4764 0.1008, -0.9404 -0.4764 0.0969, -0.9398 -0.4764 0.1024, -0.9367 -0.4764 0.0993, -0.9391 -0.4764 0.103, -0.9357 -0.4764 0.1001, -0.9372 -0.4764 0.1055, -0.933 -0.4764 0.1034, -0.936 -0.4764 0.1082, -0.9312 -0.4764 0.1072, -0.9353 -0.4764 0.1117, -0.9303 -0.4764 0.1115, -0.9352 -0.4764 0.1138, -0.9301 -0.4764 0.1139, -0.9357 -0.4764 0.1183, -0.9307 -0.4764 0.1187, -0.9367 -0.4764 0.1211, -0.932 -0.4764 0.1223, -0.9501 -0.4724 0.0949, -0.9603 -0.4724 0.0949, -0.9448 -0.4724 0.0955, -0.9404 -0.4724 0.0969, -0.9367 -0.4724 0.0993, -0.9357 -0.4724 0.1001, -0.933 -0.4724 0.1034, -0.9312 -0.4724 0.1072, -0.9303 -0.4724 0.1115, -0.9301 -0.4724 0.1139, -0.9307 -0.4724 0.1187, -0.932 -0.4724 0.1223, -0.9342 -0.4724 0.1256, -0.9357 -0.4724 0.1271, -0.9394 -0.4724 0.1296, -0.9438 -0.4724 0.1313, -0.9498 -0.4724 0.132, -0.9603 -0.4724 0.132, -0.9499 -0.4724 0.1277, -0.9555 -0.4724 0.1277, -0.9555 -0.4724 0.0992, -0.9502 -0.4724 0.0992, -0.9391 -0.4724 0.103, -0.9398 -0.4724 0.1024, -0.9422 -0.4724 0.1008, -0.9454 -0.4724 0.0997, -0.9352 -0.4724 0.1138, -0.9353 -0.4724 0.1117, -0.936 -0.4724 0.1082, -0.9372 -0.4724 0.1055, -0.9392 -0.4724 0.1242, -0.9382 -0.4724 0.1232, -0.9367 -0.4724 0.1211, -0.9357 -0.4724 0.1183, -0.9453 -0.4724 0.1272, -0.9421 -0.4724 0.1261
            ]
        }
        coordIndex [
            0,1,2,-1,3,4,5,-1,3,5,6,-1,6,5,7,-1,6,7,2,-1,2,7,8,-1,2,8,0,-1,9,1,10,-1,10,1,0,-1,10,11,9,-1,9,11,12,-1,13,14,15,-1,15,14,12,-1,15,12,16,-1,16,12,11,-1,13,17,14,-1,14,17,18,-1,17,19,18,-1,18,19,20,-1,18,20,21,-1,21,20,22,-1,21,22,23,-1,23,22,24,-1,23,24,25,-1,25,24,26,-1,25,26,27,-1,27,26,28,-1,27,28,29,-1,29,28,30,-1,29,30,31,-1,31,30,32,-1,31,32,33,-1,33,32,34,-1,33,34,35,-1,35,34,36,-1,35,36,37,-1,37,36,38,-1,37,38,39,-1,39,38,40,-1,39,40,41,-1,41,40,42,-1,41,42,43,-1,43,42,44,-1,43,44,45,-1,45,44,46,-1,45,46,47,-1,47,46,48,-1,47,48,49,-1,49,48,50,-1,49,50,51,-1,51,50,52,-1,51,52,53,-1,53,52,54,-1,53,54,55,-1,55,54,56,-1,55,56,57,-1,57,56,58,-1,57,58,59,-1,59,58,60,-1,59,60,61,-1,61,60,62,-1,61,62,63,-1,63,62,64,-1,63,64,65,-1,65,64,66,-1,65,66,67,-1,67,66,68,-1,67,68,69,-1,69,68,70,-1,69,70,71,-1,71,70,72,-1,71,72,73,-1,73,72,74,-1,73,74,75,-1,76,75,77,-1,77,75,74,-1,76,77,78,-1,76,78,79,-1,79,78,80,-1,79,80,81,-1,81,80,82,-1,81,82,83,-1,83,82,84,-1,83,84,85,-1,85,84,86,-1,85,86,87,-1,86,88,87,-1,87,88,89,-1,88,90,89,-1,89,90,91,-1,89,91,92,-1,92,91,93,-1,92,93,94,-1,94,93,95,-1,94,95,96,-1,96,95,97,-1,96,97,98,-1,98,97,99,-1,98,99,100,-1,100,99,101,-1,100,101,102,-1,103,104,105,-1,102,101,106,-1,102,106,107,-1,107,106,108,-1,107,108,105,-1,105,108,109,-1,105,109,103,-1,104,103,110,-1,104,110,111,-1,111,110,112,-1,111,112,113,-1,113,112,114,-1,113,114,115,-1,115,114,116,-1,115,116,117,-1,117,116,118,-1,117,118,119,-1,119,118,120,-1,119,120,121,-1,121,120,122,-1,121,122,123,-1,123,122,124,-1,123,124,125,-1,125,124,126,-1,125,126,127,-1,127,126,128,-1,127,128,129,-1,129,128,130,-1,129,130,131,-1,131,130,132,-1,131,132,133,-1,133,132,134,-1,133,134,135,-1,135,134,4,-1,135,4,3,-1,61,63,85,-1,85,63,83,-1,111,43,104,-1,104,43,45,-1,21,23,127,-1,127,23,25,-1,127,25,125,-1,125,25,27,-1,125,27,123,-1,123,27,29,-1,123,29,121,-1,121,29,31,-1,121,31,119,-1,119,31,33,-1,119,33,117,-1,117,33,35,-1,117,35,115,-1,115,35,37,-1,115,37,113,-1,113,37,39,-1,113,39,111,-1,111,39,41,-1,111,41,43,-1,14,3,12,-1,12,3,6,-1,12,6,9,-1,9,6,2,-1,9,2,1,-1,63,65,83,-1,83,65,67,-1,83,67,81,-1,81,67,69,-1,81,69,79,-1,79,69,71,-1,79,71,76,-1,76,71,73,-1,76,73,75,-1,127,129,21,-1,21,129,131,-1,21,131,18,-1,18,131,133,-1,18,133,14,-1,14,133,135,-1,14,135,3,-1,85,87,61,-1,61,87,89,-1,61,89,59,-1,59,89,92,-1,59,92,57,-1,57,92,94,-1,57,94,55,-1,55,94,96,-1,55,96,53,-1,53,96,98,-1,53,98,51,-1,51,98,100,-1,51,100,49,-1,49,100,102,-1,49,102,47,-1,47,102,107,-1,47,107,45,-1,45,107,105,-1,45,105,104,-1,136,137,138,-1,138,137,139,-1,140,136,141,-1,141,136,138,-1,140,141,142,-1,140,142,143,-1,143,142,144,-1,143,144,145,-1,146,145,147,-1,147,145,144,-1,148,146,149,-1,149,146,147,-1,148,149,150,-1,150,149,151,-1,150,151,152,-1,153,150,154,-1,154,150,152,-1,153,154,155,-1,155,154,156,-1,155,156,157,-1,158,159,160,-1,160,159,155,-1,160,155,157,-1,159,158,161,-1,162,163,161,-1,161,163,164,-1,161,164,159,-1,162,165,163,-1,163,165,166,-1,163,166,167,-1,167,166,168,-1,167,168,169,-1,169,168,170,-1,169,170,171,-1,171,170,172,-1,171,172,173,-1,173,172,174,-1,173,174,175,-1,176,175,177,-1,177,175,174,-1,176,177,178,-1,176,178,179,-1,179,178,180,-1,179,180,181,-1,181,180,182,-1,181,182,183,-1,183,182,184,-1,183,184,185,-1,184,186,185,-1,185,186,187,-1,185,187,188,-1,188,187,189,-1,188,189,190,-1,190,189,191,-1,190,191,192,-1,192,191,193,-1,192,193,194,-1,139,137,195,-1,195,137,194,-1,195,194,193,-1,143,145,194,-1,137,136,194,-1,194,136,140,-1,194,140,143,-1,150,153,148,-1,148,153,155,-1,148,155,146,-1,192,164,190,-1,190,164,163,-1,175,176,173,-1,173,176,179,-1,173,179,171,-1,171,179,181,-1,171,181,169,-1,169,181,183,-1,169,183,167,-1,167,183,185,-1,167,185,163,-1,163,185,188,-1,163,188,190,-1,145,146,194,-1,194,146,155,-1,194,155,192,-1,192,155,159,-1,192,159,164,-1,196,197,198,-1,198,197,199,-1,196,198,200,-1,200,198,201,-1,200,201,202,-1,203,200,204,-1,204,200,202,-1,203,204,205,-1,205,204,206,-1,205,206,207,-1,208,205,209,-1,209,205,207,-1,210,211,212,-1,212,211,208,-1,212,208,209,-1,213,211,214,-1,214,211,210,-1,215,216,217,-1,217,216,213,-1,217,213,214,-1,218,216,219,-1,219,216,215,-1,220,221,222,-1,222,221,218,-1,222,218,219,-1,223,221,224,-1,224,221,220,-1,223,224,197,-1,197,224,225,-1,197,225,199,-1,223,197,196,-1,196,200,223,-1,223,200,203,-1,223,203,221,-1,216,218,213,-1,213,218,221,-1,213,221,211,-1,211,221,203,-1,211,203,208,-1,208,203,205,-1,226,227,228,-1,228,227,229,-1,228,229,230,-1,230,229,231,-1,230,231,232,-1,232,231,233,-1,232,233,234,-1,234,233,235,-1,234,235,236,-1,236,235,237,-1,236,237,238,-1,238,237,239,-1,238,239,240,-1,240,239,241,-1,240,241,242,-1,242,241,243,-1,242,243,244,-1,244,243,245,-1,244,245,246,-1,246,245,247,-1,246,247,248,-1,248,247,249,-1,248,249,250,-1,250,249,251,-1,250,251,252,-1,252,251,253,-1,252,253,254,-1,254,253,255,-1,254,255,256,-1,256,255,257,-1,256,257,258,-1,258,257,259,-1,258,259,260,-1,260,259,261,-1,260,261,226,-1,226,261,227,-1,241,239,262,-1,262,239,263,-1,241,262,264,-1,241,264,243,-1,243,264,265,-1,243,265,245,-1,245,265,266,-1,245,266,247,-1,247,266,267,-1,247,267,249,-1,249,267,268,-1,249,268,251,-1,251,268,269,-1,251,269,253,-1,253,269,270,-1,253,270,255,-1,255,270,271,-1,255,271,257,-1,257,271,272,-1,257,272,259,-1,259,272,273,-1,259,273,261,-1,261,273,274,-1,261,274,227,-1,227,274,275,-1,227,275,229,-1,229,275,276,-1,229,276,231,-1,231,276,277,-1,231,277,233,-1,233,277,278,-1,233,278,235,-1,237,235,279,-1,279,235,278,-1,239,237,263,-1,263,237,279,-1,234,236,280,-1,280,236,281,-1,236,238,281,-1,281,238,282,-1,238,240,282,-1,282,240,283,-1,248,284,285,-1,248,285,246,-1,246,285,286,-1,246,286,244,-1,244,286,287,-1,244,287,242,-1,242,287,283,-1,242,283,240,-1,256,288,289,-1,256,289,254,-1,254,289,290,-1,254,290,252,-1,252,290,291,-1,252,291,250,-1,250,291,284,-1,250,284,248,-1,228,292,293,-1,228,293,226,-1,226,293,294,-1,226,294,260,-1,260,294,295,-1,260,295,258,-1,258,295,288,-1,258,288,256,-1,234,280,296,-1,234,296,232,-1,232,296,297,-1,232,297,230,-1,230,297,292,-1,230,292,228,-1,
        ]
    }
}
Shape{
    appearance Appearance {
        material  Material 	{
            diffuseColor 0.25098039215686274 0.25098039215686274 0.25098039215686274
            specularColor 0.12549019607843137 0.12549019607843137 0.12549019607843137
            ambientIntensity 0.251
            transparency 0.0
            shininess 0.5
        }
    }
    geometry IndexedFaceSet {
        ccw TRUE
        solid FALSE
        coord DEF co Coordinate {
            point [
                -0.9555 -0.4724 0.1277, -0.9555 -0.4724 0.0992, -0.9499 -0.4724 0.1277, -0.9502 -0.4724 0.0992, -0.9398 -0.4724 0.1024, -0.9391 -0.4724 0.103, -0.9454 -0.4724 0.0997, -0.9422 -0.4724 0.1008, -0.9372 -0.4724 0.1055, -0.936 -0.4724 0.1082, -0.9353 -0.4724 0.1117, -0.9352 -0.4724 0.1138, -0.9357 -0.4724 0.1183, -0.9367 -0.4724 0.1211, -0.9382 -0.4724 0.1232, -0.9392 -0.4724 0.1242, -0.9453 -0.4724 0.1272, -0.9421 -0.4724 0.1261
            ]
        }
        coordIndex [
            0,1,2,-1,2,1,3,-1,2,4,5,-1,3,6,2,-1,2,6,7,-1,2,7,4,-1,5,8,2,-1,2,8,9,-1,2,9,10,-1,10,11,2,-1,2,11,12,-1,2,12,13,-1,13,14,2,-1,2,14,15,-1,2,15,16,-1,16,15,17,-1,
        ]
    }
}
Shape{
    appearance Appearance {
        material  Material 	{
            diffuseColor 1.0 1.0 1.0
            specularColor 0.5019607843137255 0.5019607843137255 0.5019607843137255
            ambientIntensity 1.0
            transparency 0.0
            shininess 0.5
        }
    }
    geometry IndexedFaceSet {
        ccw TRUE
        solid FALSE
        coord DEF co Coordinate {
            point [
                -0.9177 -0.4764 0.1093, -0.9192 -0.4764 0.1051, -0.9053 -0.4764 0.1093, -0.9038 -0.4764 0.1051, -0.9122 -0.4764 0.1247, -0.914 -0.4764 0.132, -0.9281 -0.4764 0.0949, -0.9228 -0.4764 0.0949, -0.9119 -0.4764 0.1258, -0.9116 -0.4764 0.1273, -0.9089 -0.4764 0.132, -0.9115 -0.4764 0.1273, -0.9112 -0.4764 0.1257, -0.9109 -0.4764 0.1247, -0.8947 -0.4764 0.0949, -0.9 -0.4764 0.0949, -0.9089 -0.4724 0.132, -0.8947 -0.4724 0.0949, -0.914 -0.4724 0.132, -0.9281 -0.4724 0.0949, -0.9228 -0.4724 0.0949, -0.9192 -0.4724 0.1051, -0.9038 -0.4724 0.1051, -0.9 -0.4724 0.0949, -0.9177 -0.4724 0.1093, -0.9053 -0.4724 0.1093, -0.9109 -0.4724 0.1247, -0.9115 -0.4724 0.1273, -0.9112 -0.4724 0.1257, -0.9116 -0.4724 0.1273, -0.9122 -0.4724 0.1247, -0.9119 -0.4724 0.1258
            ]
        }
        coordIndex [
            0,1,2,-1,2,1,3,-1,4,5,0,-1,0,5,6,-1,0,6,1,-1,1,6,7,-1,4,8,5,-1,5,8,9,-1,5,9,10,-1,10,9,11,-1,10,11,12,-1,12,13,10,-1,10,13,2,-1,10,2,14,-1,14,2,3,-1,14,3,15,-1,10,14,16,-1,16,14,17,-1,5,10,18,-1,18,10,16,-1,6,5,19,-1,19,5,18,-1,7,6,20,-1,20,6,19,-1,1,7,21,-1,21,7,20,-1,3,1,22,-1,22,1,21,-1,15,3,23,-1,23,3,22,-1,14,15,17,-1,17,15,23,-1,0,2,24,-1,24,2,25,-1,2,13,25,-1,25,13,26,-1,11,27,28,-1,11,28,12,-1,12,28,26,-1,12,26,13,-1,11,9,27,-1,27,9,29,-1,4,30,31,-1,4,31,8,-1,8,31,29,-1,8,29,9,-1,4,0,30,-1,30,0,24,-1,
        ]
    }
}
Shape{
    appearance Appearance {
        material  Material 	{
            diffuseColor 0.25098039215686274 0.25098039215686274 0.25098039215686274
            specularColor 0.12549019607843137 0.12549019607843137 0.12549019607843137
            ambientIntensity 0.251
            transparency 0.0
            shininess 0.5
        }
    }
    geometry IndexedFaceSet {
        ccw TRUE
        solid FALSE
        coord DEF co Coordinate {
            point [
                -0.9115 -0.4724 0.1273, -0.9116 -0.4724 0.1273, -0.9112 -0.4724 0.1257, -0.9119 -0.4724 0.1258, -0.9109 -0.4724 0.1247, -0.9122 -0.4724 0.1247, -0.9053 -0.4724 0.1093, -0.9177 -0.4724 0.1093
            ]
        }
        coordIndex [
            0,1,2,-1,2,1,3,-1,2,3,4,-1,4,3,5,-1,4,5,6,-1,6,5,7,-1,
        ]
    }
}
Shape{
    appearance Appearance {
        material  Material 	{
            diffuseColor 1.0 1.0 1.0
            specularColor 0.5019607843137255 0.5019607843137255 0.5019607843137255
            ambientIntensity 1.0
            transparency 0.0
            shininess 0.5
        }
    }
    geometry IndexedFaceSet {
        ccw TRUE
        solid FALSE
        coord DEF co Coordinate {
            point [
                -1.2607 -0.4764 0.1587, -1.2548 -0.4764 0.1619, -1.2561 -0.4764 0.1781, -1.2097 -0.4764 0.0886, -1.2066 -0.4764 0.0944, -1.205 -0.4764 0.1009, -1.2397 -0.4764 0.1789, -1.2315 -0.4764 0.1596, -1.2275 -0.4764 0.168, -1.2413 -0.4764 0.1003, -1.2418 -0.4764 0.1027, -1.256 -0.4764 0.113, -1.2563 -0.4764 0.0953, -1.2596 -0.4764 0.0963, -1.2618 -0.4764 0.1165, -1.2457 -0.4764 0.1794, -1.168 -0.4764 0.1259, -1.1762 -0.4764 0.1399, -1.2049 -0.4764 0.1064, -1.2115 -0.4764 0.1214, -1.2049 -0.4764 0.1038, -1.219 -0.4764 0.0805, -1.2137 -0.4764 0.0841, -1.2402 -0.4764 0.0981, -1.2497 -0.4764 0.0848, -1.2536 -0.4764 0.0896, -1.2343 -0.4764 0.1852, -1.2216 -0.4764 0.175, -1.2281 -0.4764 0.1905, -1.2145 -0.4764 0.1802, -1.2216 -0.4764 0.1945, -1.2483 -0.4764 0.1634, -1.2455 -0.4764 0.1636, -1.2427 -0.4764 0.1792, -1.2392 -0.4764 0.1628, -1.2333 -0.4764 0.1606, -1.2232 -0.4764 0.0975, -1.2246 -0.4764 0.0959, -1.2266 -0.4764 0.0945, -1.2248 -0.4764 0.0782, -1.2289 -0.4764 0.0936, -1.2312 -0.4764 0.0774, -1.2315 -0.4764 0.0932, -1.2322 -0.4764 0.0774, -1.232 -0.4764 0.0932, -1.2385 -0.4764 0.0784, -1.2343 -0.4764 0.0936, -1.2445 -0.4764 0.0809, -1.2367 -0.4764 0.0946, -1.2387 -0.4764 0.0962, -1.2219 -0.4764 0.1072, -1.2213 -0.4764 0.1047, -1.2213 -0.4764 0.1023, -1.2219 -0.4764 0.0998, -1.13 -0.4764 0.1067, -1.1436 -0.4764 0.1159, -1.1372 -0.4764 0.1006, -1.1477 -0.4764 0.1131, -1.1452 -0.4764 0.0967, -1.1526 -0.4764 0.1113, -1.154 -0.4764 0.0948, -1.1556 -0.4764 0.1109, -1.1696 -0.4764 0.0948, -1.1675 -0.4764 0.1109, -1.1711 -0.4764 0.095, -1.2416 -0.4764 0.1053, -1.2409 -0.4764 0.1078, -1.2531 -0.4764 0.1186, -1.2395 -0.4764 0.11, -1.2488 -0.4764 0.1236, -1.2384 -0.4764 0.1111, -1.2434 -0.4764 0.1274, -1.2364 -0.4764 0.1125, -1.2376 -0.4764 0.1296, -1.2341 -0.4764 0.1134, -1.2312 -0.4764 0.1304, -1.2315 -0.4764 0.1138, -1.2281 -0.4764 0.1302, -1.2293 -0.4764 0.1135, -1.2217 -0.4764 0.1286, -1.2269 -0.4764 0.1127, -1.2161 -0.4764 0.1256, -1.2247 -0.4764 0.1112, -1.223 -0.4764 0.1093, -1.1593 -0.4764 0.152, -1.1572 -0.4764 0.152, -1.1464 -0.4764 0.1662, -1.1527 -0.4764 0.1515, -1.1451 -0.4764 0.1658, -1.148 -0.4764 0.1498, -1.1373 -0.4764 0.1619, -1.1439 -0.4764 0.1471, -1.1301 -0.4764 0.1559, -1.1404 -0.4764 0.1433, -1.1247 -0.4764 0.1484, -1.138 -0.4764 0.1388, -1.1215 -0.4764 0.1403, -1.1368 -0.4764 0.1337, -1.1203 -0.4764 0.1317, -1.1366 -0.4764 0.1314, -1.1215 -0.4764 0.1223, -1.1371 -0.4764 0.1269, -1.1248 -0.4764 0.114, -1.1388 -0.4764 0.1221, -1.1416 -0.4764 0.1179, -1.1606 -0.4764 0.187, -1.171 -0.4764 0.175, -1.1519 -0.4764 0.177, -1.165 -0.4764 0.1679, -1.1609 -0.4764 0.1594, -1.271 -0.4764 0.1436, -1.2884 -0.4764 0.1392, -1.2718 -0.4764 0.1372, -1.2884 -0.4764 0.1367, -1.2715 -0.4764 0.1331, -1.2872 -0.4764 0.1264, -1.2696 -0.4764 0.1267, -1.2834 -0.4764 0.1165, -1.2665 -0.4764 0.1214, -1.2774 -0.4764 0.108, -1.2692 -0.4764 0.101, -1.2659 -0.4764 0.1743, -1.2743 -0.4764 0.1684, -1.2651 -0.4764 0.1548, -1.276 -0.4764 0.1668, -1.2688 -0.4764 0.1495, -1.2824 -0.4764 0.1586, -1.2866 -0.4764 0.1491, -1.2095 -0.4764 0.1991, -1.2059 -0.4764 0.1837, -1.1965 -0.4764 0.2008, -1.1962 -0.4764 0.1849, -1.1856 -0.4764 0.1996, -1.1872 -0.4764 0.1838, -1.1724 -0.4764 0.195, -1.179 -0.4764 0.1807, -1.1716 -0.4764 0.1755, -1.1688 -0.4764 0.1111, -1.1751 -0.4764 0.0976, -1.1745 -0.4764 0.0969, -1.168 -0.4764 0.1109, -1.1728 -0.4764 0.0957, -1.1772 -0.4764 0.103, -1.177 -0.4764 0.101, -1.1763 -0.4764 0.0992, -1.1711 -0.4764 0.1109, -1.1729 -0.4764 0.1102, -1.1771 -0.4764 0.104, -1.1745 -0.4764 0.109, -1.1756 -0.4764 0.1078, -1.1766 -0.4764 0.106, -1.169 -0.4764 0.1111, -1.1203 -0.4724 0.1317, -1.1215 -0.4724 0.1403, -1.1224 -0.4724 0.1426, -1.1247 -0.4724 0.1484, -1.1301 -0.4724 0.1559, -1.1373 -0.4724 0.1619, -1.1451 -0.4724 0.1658, -1.1464 -0.4724 0.1662, -1.1519 -0.4724 0.177, -1.1606 -0.4724 0.187, -1.1667 -0.4724 0.1911, -1.1724 -0.4724 0.195, -1.1856 -0.4724 0.1996, -1.1965 -0.4724 0.2008, -1.2281 -0.4724 0.1905, -1.227 -0.4724 0.1911, -1.2216 -0.4724 0.1945, -1.2095 -0.4724 0.1991, -1.2343 -0.4724 0.1852, -1.2397 -0.4724 0.1789, -1.2427 -0.4724 0.1792, -1.2457 -0.4724 0.1794, -1.2561 -0.4724 0.1781, -1.2659 -0.4724 0.1743, -1.2743 -0.4724 0.1684, -1.276 -0.4724 0.1668, -1.2866 -0.4724 0.1491, -1.2824 -0.4724 0.1586, -1.2878 -0.4724 0.1426, -1.2884 -0.4724 0.1392, -1.2884 -0.4724 0.1367, -1.2872 -0.4724 0.1264, -1.2834 -0.4724 0.1165, -1.2774 -0.4724 0.108, -1.2692 -0.4724 0.101, -1.2596 -0.4724 0.0963, -1.2563 -0.4724 0.0953, -1.2559 -0.4724 0.0946, -1.2536 -0.4724 0.0896, -1.2497 -0.4724 0.0848, -1.2445 -0.4724 0.0809, -1.2421 -0.4724 0.0799, -1.2385 -0.4724 0.0784, -1.2322 -0.4724 0.0774, -1.2312 -0.4724 0.0774, -1.2049 -0.4724 0.1038, -1.2248 -0.4724 0.0782, -1.2203 -0.4724 0.0799, -1.219 -0.4724 0.0805, -1.2137 -0.4724 0.0841, -1.2097 -0.4724 0.0886, -1.2066 -0.4724 0.0944, -1.2066 -0.4724 0.0946, -1.205 -0.4724 0.1009, -1.2049 -0.4724 0.1064, -1.168 -0.4724 0.1259, -1.1762 -0.4724 0.1399, -1.2115 -0.4724 0.1214, -1.2161 -0.4724 0.1256, -1.2217 -0.4724 0.1286, -1.2281 -0.4724 0.1302, -1.2312 -0.4724 0.1304, -1.2376 -0.4724 0.1296, -1.2434 -0.4724 0.1274, -1.2488 -0.4724 0.1236, -1.2531 -0.4724 0.1186, -1.256 -0.4724 0.113, -1.2618 -0.4724 0.1165, -1.2665 -0.4724 0.1214, -1.2696 -0.4724 0.1267, -1.2715 -0.4724 0.1331, -1.2718 -0.4724 0.1372, -1.2712 -0.4724 0.1426, -1.271 -0.4724 0.1436, -1.2688 -0.4724 0.1495, -1.2651 -0.4724 0.1548, -1.2607 -0.4724 0.1587, -1.2548 -0.4724 0.1619, -1.2483 -0.4724 0.1634, -1.2455 -0.4724 0.1636, -1.2392 -0.4724 0.1628, -1.2333 -0.4724 0.1606, -1.2315 -0.4724 0.1596, -1.2275 -0.4724 0.168, -1.2216 -0.4724 0.175, -1.2145 -0.4724 0.1802, -1.2059 -0.4724 0.1837, -1.1962 -0.4724 0.1849, -1.1872 -0.4724 0.1838, -1.179 -0.4724 0.1807, -1.1716 -0.4724 0.1755, -1.171 -0.4724 0.175, -1.165 -0.4724 0.1679, -1.1609 -0.4724 0.1594, -1.1593 -0.4724 0.152, -1.1572 -0.4724 0.152, -1.1527 -0.4724 0.1515, -1.148 -0.4724 0.1498, -1.1439 -0.4724 0.1471, -1.1404 -0.4724 0.1433, -1.14 -0.4724 0.1426, -1.138 -0.4724 0.1388, -1.1368 -0.4724 0.1337, -1.1366 -0.4724 0.1314, -1.1371 -0.4724 0.1269, -1.1388 -0.4724 0.1221, -1.1416 -0.4724 0.1179, -1.1436 -0.4724 0.1159, -1.1477 -0.4724 0.1131, -1.1526 -0.4724 0.1113, -1.1556 -0.4724 0.1109, -1.1675 -0.4724 0.1109, -1.168 -0.4724 0.1109, -1.1688 -0.4724 0.1111, -1.169 -0.4724 0.1111, -1.1711 -0.4724 0.1109, -1.1729 -0.4724 0.1102, -1.1745 -0.4724 0.109, -1.1756 -0.4724 0.1078, -1.1766 -0.4724 0.106, -1.1771 -0.4724 0.104, -1.1772 -0.4724 0.103, -1.177 -0.4724 0.101, -1.1763 -0.4724 0.0992, -1.1751 -0.4724 0.0976, -1.1745 -0.4724 0.0969, -1.1728 -0.4724 0.0957, -1.1711 -0.4724 0.095, -1.1696 -0.4724 0.0948, -1.154 -0.4724 0.0948, -1.1452 -0.4724 0.0967, -1.1372 -0.4724 0.1006, -1.13 -0.4724 0.1067, -1.1248 -0.4724 0.114, -1.1215 -0.4724 0.1223, -1.2315 -0.4724 0.1138, -1.2293 -0.4724 0.1135, -1.2269 -0.4724 0.1127, -1.2247 -0.4724 0.1112, -1.223 -0.4724 0.1093, -1.2219 -0.4724 0.1072, -1.2213 -0.4724 0.1047, -1.2213 -0.4724 0.1023, -1.2219 -0.4724 0.0998, -1.2232 -0.4724 0.0975, -1.2246 -0.4724 0.0959, -1.2266 -0.4724 0.0945, -1.2289 -0.4724 0.0936, -1.2315 -0.4724 0.0932, -1.232 -0.4724 0.0932, -1.2343 -0.4724 0.0936, -1.2367 -0.4724 0.0946, -1.2387 -0.4724 0.0962, -1.2402 -0.4724 0.0981, -1.2413 -0.4724 0.1003, -1.2418 -0.4724 0.1027, -1.2416 -0.4724 0.1053, -1.2409 -0.4724 0.1078, -1.2395 -0.4724 0.11, -1.2384 -0.4724 0.1111, -1.2364 -0.4724 0.1125, -1.2341 -0.4724 0.1134
            ]
        }
        coordIndex [
            0,1,2,-1,3,4,5,-1,6,7,8,-1,9,10,11,-1,12,11,13,-1,13,11,14,-1,2,1,15,-1,16,17,18,-1,18,17,19,-1,18,19,20,-1,20,19,21,-1,20,21,5,-1,5,21,22,-1,5,22,3,-1,23,9,24,-1,24,9,11,-1,24,11,25,-1,25,11,12,-1,6,8,26,-1,26,8,27,-1,26,27,28,-1,28,27,29,-1,28,29,30,-1,1,31,15,-1,15,31,32,-1,15,32,33,-1,33,32,34,-1,33,34,6,-1,6,34,35,-1,6,35,7,-1,36,37,21,-1,21,37,38,-1,21,38,39,-1,39,38,40,-1,39,40,41,-1,41,40,42,-1,41,42,43,-1,43,42,44,-1,43,44,45,-1,45,44,46,-1,45,46,47,-1,47,46,48,-1,47,48,24,-1,24,48,49,-1,24,49,23,-1,50,51,19,-1,19,51,52,-1,19,52,21,-1,21,52,53,-1,21,53,36,-1,54,55,56,-1,56,55,57,-1,56,57,58,-1,58,57,59,-1,58,59,60,-1,60,59,61,-1,60,61,62,-1,62,61,63,-1,62,63,64,-1,10,65,11,-1,11,65,66,-1,11,66,67,-1,67,66,68,-1,67,68,69,-1,69,68,70,-1,69,70,71,-1,71,70,72,-1,71,72,73,-1,73,72,74,-1,73,74,75,-1,75,74,76,-1,75,76,77,-1,77,76,78,-1,77,78,79,-1,79,78,80,-1,79,80,81,-1,81,80,82,-1,81,82,19,-1,19,82,83,-1,19,83,50,-1,84,85,86,-1,86,85,87,-1,86,87,88,-1,88,87,89,-1,88,89,90,-1,90,89,91,-1,90,91,92,-1,92,91,93,-1,92,93,94,-1,94,93,95,-1,94,95,96,-1,96,95,97,-1,96,97,98,-1,98,97,99,-1,98,99,100,-1,100,99,101,-1,100,101,102,-1,102,101,103,-1,102,103,54,-1,54,103,104,-1,54,104,55,-1,105,106,107,-1,107,106,108,-1,107,108,86,-1,86,108,109,-1,86,109,84,-1,110,111,112,-1,112,111,113,-1,112,113,114,-1,114,113,115,-1,114,115,116,-1,116,115,117,-1,116,117,118,-1,118,117,119,-1,118,119,14,-1,14,119,120,-1,14,120,13,-1,2,121,0,-1,0,121,122,-1,0,122,123,-1,123,122,124,-1,123,124,125,-1,125,124,126,-1,125,126,110,-1,110,126,127,-1,110,127,111,-1,30,29,128,-1,128,29,129,-1,128,129,130,-1,130,129,131,-1,130,131,132,-1,132,131,133,-1,132,133,134,-1,134,133,135,-1,134,135,105,-1,105,135,136,-1,105,136,106,-1,137,138,139,-1,63,140,64,-1,64,140,137,-1,64,137,141,-1,141,137,139,-1,142,143,137,-1,137,143,144,-1,137,144,138,-1,145,146,147,-1,146,148,147,-1,147,148,149,-1,147,149,150,-1,142,137,147,-1,147,137,151,-1,147,151,145,-1,98,152,153,-1,98,153,96,-1,96,153,154,-1,96,154,94,-1,154,155,94,-1,94,155,156,-1,94,156,92,-1,92,156,157,-1,92,157,90,-1,90,157,158,-1,90,158,88,-1,88,158,159,-1,88,159,86,-1,86,159,160,-1,86,160,107,-1,107,160,161,-1,107,161,105,-1,105,161,134,-1,134,161,162,-1,162,163,134,-1,134,163,164,-1,134,164,132,-1,132,164,165,-1,132,165,130,-1,166,28,167,-1,167,28,30,-1,167,30,168,-1,168,30,128,-1,168,128,169,-1,169,128,130,-1,169,130,165,-1,28,166,170,-1,28,170,26,-1,26,170,171,-1,26,171,6,-1,6,171,172,-1,6,172,33,-1,33,172,173,-1,33,173,15,-1,15,173,174,-1,15,174,2,-1,2,174,175,-1,2,175,121,-1,121,175,176,-1,121,176,122,-1,122,176,177,-1,122,177,124,-1,178,126,179,-1,179,126,124,-1,179,124,177,-1,180,111,178,-1,178,111,127,-1,178,127,126,-1,180,181,111,-1,111,181,182,-1,111,182,113,-1,113,182,183,-1,113,183,115,-1,115,183,184,-1,115,184,117,-1,117,184,185,-1,117,185,119,-1,119,185,186,-1,119,186,120,-1,120,186,187,-1,120,187,13,-1,13,187,188,-1,13,188,12,-1,12,188,189,-1,12,189,25,-1,189,190,25,-1,25,190,191,-1,25,191,24,-1,24,191,192,-1,24,192,47,-1,47,192,193,-1,47,193,45,-1,193,194,45,-1,45,194,195,-1,45,195,43,-1,43,195,196,-1,43,196,41,-1,197,20,5,-1,41,196,198,-1,41,198,39,-1,39,198,199,-1,39,199,21,-1,199,200,21,-1,21,200,201,-1,21,201,22,-1,22,201,202,-1,22,202,3,-1,3,202,203,-1,3,203,4,-1,4,203,204,-1,4,204,5,-1,5,204,205,-1,5,205,197,-1,18,20,206,-1,206,20,197,-1,16,18,207,-1,207,18,206,-1,17,16,208,-1,208,16,207,-1,19,17,209,-1,209,17,208,-1,19,209,210,-1,19,210,81,-1,81,210,211,-1,81,211,79,-1,79,211,212,-1,79,212,77,-1,77,212,213,-1,77,213,75,-1,75,213,214,-1,75,214,73,-1,73,214,215,-1,73,215,71,-1,71,215,216,-1,71,216,69,-1,69,216,217,-1,69,217,67,-1,67,217,218,-1,67,218,11,-1,11,218,219,-1,11,219,14,-1,14,219,220,-1,14,220,118,-1,118,220,221,-1,118,221,116,-1,116,221,222,-1,116,222,114,-1,114,222,223,-1,114,223,112,-1,223,224,112,-1,112,224,110,-1,224,225,110,-1,110,225,226,-1,110,226,125,-1,125,226,227,-1,125,227,123,-1,123,227,228,-1,123,228,0,-1,0,228,229,-1,0,229,1,-1,1,229,230,-1,1,230,31,-1,31,230,231,-1,31,231,32,-1,32,231,232,-1,32,232,34,-1,34,232,233,-1,34,233,35,-1,35,233,234,-1,35,234,7,-1,7,234,235,-1,7,235,8,-1,8,235,236,-1,8,236,27,-1,27,236,237,-1,27,237,29,-1,29,237,238,-1,29,238,129,-1,129,238,239,-1,129,239,131,-1,131,239,240,-1,131,240,133,-1,133,240,241,-1,133,241,135,-1,135,241,242,-1,135,242,136,-1,136,242,243,-1,136,243,106,-1,106,243,244,-1,106,244,108,-1,108,244,245,-1,108,245,109,-1,109,245,246,-1,109,246,84,-1,85,84,247,-1,247,84,246,-1,85,247,248,-1,85,248,87,-1,87,248,249,-1,87,249,89,-1,89,249,250,-1,89,250,91,-1,91,250,251,-1,91,251,93,-1,93,251,252,-1,93,252,95,-1,252,253,95,-1,95,253,254,-1,95,254,97,-1,97,254,255,-1,97,255,99,-1,99,255,256,-1,99,256,101,-1,101,256,257,-1,101,257,103,-1,103,257,258,-1,103,258,104,-1,104,258,259,-1,104,259,55,-1,55,259,260,-1,55,260,57,-1,57,260,261,-1,57,261,59,-1,59,261,262,-1,59,262,61,-1,63,61,263,-1,263,61,262,-1,63,263,264,-1,63,264,140,-1,140,264,265,-1,140,265,137,-1,137,265,266,-1,137,266,151,-1,151,266,267,-1,151,267,145,-1,145,267,268,-1,145,268,146,-1,146,268,269,-1,146,269,148,-1,148,269,270,-1,148,270,149,-1,149,270,271,-1,149,271,150,-1,150,271,272,-1,150,272,147,-1,147,272,273,-1,147,273,142,-1,142,273,274,-1,142,274,143,-1,143,274,275,-1,143,275,144,-1,144,275,276,-1,144,276,138,-1,138,276,277,-1,138,277,139,-1,139,277,278,-1,139,278,141,-1,141,278,279,-1,141,279,64,-1,64,279,280,-1,64,280,62,-1,60,62,281,-1,281,62,280,-1,60,281,282,-1,60,282,58,-1,58,282,283,-1,58,283,56,-1,56,283,284,-1,56,284,54,-1,54,284,285,-1,54,285,102,-1,102,285,286,-1,102,286,100,-1,100,286,152,-1,100,152,98,-1,76,287,288,-1,76,288,78,-1,78,288,289,-1,78,289,80,-1,80,289,290,-1,80,290,82,-1,82,290,291,-1,82,291,83,-1,83,291,292,-1,83,292,50,-1,50,292,293,-1,50,293,51,-1,51,293,294,-1,51,294,52,-1,52,294,295,-1,52,295,53,-1,53,295,296,-1,53,296,36,-1,36,296,297,-1,36,297,37,-1,37,297,298,-1,37,298,38,-1,38,298,299,-1,38,299,40,-1,40,299,300,-1,40,300,42,-1,42,300,301,-1,42,301,44,-1,44,301,302,-1,44,302,46,-1,46,302,303,-1,46,303,48,-1,48,303,304,-1,48,304,49,-1,49,304,305,-1,49,305,23,-1,23,305,306,-1,23,306,9,-1,9,306,307,-1,9,307,10,-1,10,307,308,-1,10,308,65,-1,65,308,309,-1,65,309,66,-1,66,309,310,-1,66,310,68,-1,68,310,311,-1,68,311,70,-1,70,311,312,-1,70,312,72,-1,72,312,313,-1,72,313,74,-1,74,313,287,-1,74,287,76,-1,
        ]
    }
}
Shape{
    appearance Appearance {
        material  Material 	{
            diffuseColor 0.25098039215686274 0.25098039215686274 0.25098039215686274
            specularColor 0.12549019607843137 0.12549019607843137 0.12549019607843137
            ambientIntensity 0.251
            transparency 0.0
            shininess 0.5
        }
    }
    geometry IndexedFaceSet {
        ccw TRUE
        solid FALSE
        coord DEF co Coordinate {
            point [
                -1.232 -0.4724 0.0932, -1.2384 -0.4724 0.1111, -1.2395 -0.4724 0.11, -1.2289 -0.4724 0.0936, -1.2266 -0.4724 0.0945, -1.2293 -0.4724 0.1135, -1.2315 -0.4724 0.1138, -1.2341 -0.4724 0.1134, -1.2364 -0.4724 0.1125, -1.2413 -0.4724 0.1003, -1.2402 -0.4724 0.0981, -1.2387 -0.4724 0.0962, -1.2315 -0.4724 0.0932, -1.2409 -0.4724 0.1078, -1.2416 -0.4724 0.1053, -1.2418 -0.4724 0.1027, -1.2367 -0.4724 0.0946, -1.2343 -0.4724 0.0936, -1.2246 -0.4724 0.0959, -1.2232 -0.4724 0.0975, -1.2219 -0.4724 0.0998, -1.2213 -0.4724 0.1023, -1.2213 -0.4724 0.1047, -1.2219 -0.4724 0.1072, -1.223 -0.4724 0.1093, -1.2247 -0.4724 0.1112, -1.2269 -0.4724 0.1127
            ]
        }
        coordIndex [
            0,1,2,-1,3,4,5,-1,6,7,0,-1,0,7,8,-1,0,8,1,-1,9,10,2,-1,2,10,11,-1,6,0,5,-1,5,0,12,-1,5,12,3,-1,13,14,2,-1,2,14,15,-1,2,15,9,-1,11,16,2,-1,2,16,17,-1,2,17,0,-1,4,18,5,-1,5,18,19,-1,5,19,20,-1,20,21,5,-1,5,21,22,-1,5,22,23,-1,23,24,5,-1,5,24,25,-1,5,25,26,-1,
        ]
    }
}